frame,joint,x,y,z
0,0,0.0,0.0,0.0
0,1,0.05879358947277069,-0.001981135457754135,0.01643959805369377
0,2,0.06027740240097046,0.34099358320236206,0.23452064394950867
0,3,0.04074341431260109,0.6728845834732056,0.30620038509368896
0,4,-0.05902156978845596,0.018769320100545883,0.09035435318946838
0,5,0.04430103302001953,0.31245407462120056,0.2971016466617584
0,6,0.04473172873258591,0.6580706834793091,0.3051636815071106
0,7,-0.006743029225617647,-0.22436313331127167,-0.08387693762779236
0,8,0.03699897229671478,-0.47273874282836914,-0.10545115917921066
0,9,0.05149403214454651,-0.5938251614570618,-0.08582358062267303
0,10,0.03305964544415474,-0.7131634950637817,-0.1224546954035759
0,11,-0.07633130252361298,-0.4603385329246521,-0.11464935541152954
0,12,-0.2429007738828659,-0.2612621784210205,-0.08892224729061127
0,13,-0.1415916234254837,-0.1173551082611084,0.10311020910739899
0,14,0.1216505616903305,-0.45794743299484253,-0.144476979970932
0,15,0.2240661084651947,-0.2510037422180176,-0.2637442946434021
0,16,0.20770791172981262,-0.04452073946595192,-0.1620442420244217
1,0,0.0,0.0,0.0
1,1,0.07105888426303864,0.004884801805019379,0.007349777966737747
1,2,0.07387564331293106,0.34121769666671753,0.241085484623909
1,3,0.034520141780376434,0.6772942543029785,0.3162305951118469
1,4,-0.0723806694149971,0.01795538328588009,0.0886000394821167
1,5,0.02732422947883606,0.3171960413455963,0.2954018712043762
1,6,0.03395521268248558,0.660577118396759,0.3236267566680908
1,7,0.008893243037164211,-0.23000231385231018,-0.08837991952896118
1,8,0.039413973689079285,-0.4845311641693115,-0.10459837317466736
1,9,0.047659941017627716,-0.6009596586227417,-0.08052662760019302
1,10,0.028670120984315872,-0.706434428691864,-0.1134602427482605
1,11,-0.08483007550239563,-0.47045212984085083,-0.113674595952034
1,12,-0.2501012682914734,-0.27228227257728577,-0.10889165103435516
1,13,-0.16754227876663208,-0.11299236118793488,0.07997449487447739
1,14,0.15117762982845306,-0.4628426432609558,-0.14163273572921753
1,15,0.23053088784217834,-0.2440747767686844,-0.258348286151886
1,16,0.21932417154312134,-0.035110898315906525,-0.13570551574230194
2,0,0.0,0.0,0.0
2,1,0.0775536596775055,0.010280564427375793,0.004413336515426636
2,2,0.08697088807821274,0.3400063216686249,0.2480240911245346
2,3,0.029785562306642532,0.6798396110534668,0.3163709342479706
2,4,-0.07977740466594696,0.01463623158633709,0.08539597690105438
2,5,0.01274602860212326,0.32354897260665894,0.292108952999115
2,6,0.02404463104903698,0.6645728349685669,0.3283727765083313
2,7,0.017506374046206474,-0.23217058181762695,-0.08805548399686813
2,8,0.038896963000297546,-0.4887411594390869,-0.10044287890195847
2,9,0.04241649806499481,-0.6056311130523682,-0.07820519804954529
2,10,0.022652043029665947,-0.7144258618354797,-0.11246942728757858
2,11,-0.09178854525089264,-0.4756318926811218,-0.11202923953533173
2,12,-0.2525389790534973,-0.28034913539886475,-0.12320639193058014
2,13,-0.189896360039711,-0.10997605323791504,0.06318311393260956
2,14,0.16570591926574707,-0.4654162526130676,-0.13868698477745056
2,15,0.23477673530578613,-0.23783913254737854,-0.2521599531173706
2,16,0.22970062494277954,-0.028046881780028343,-0.12081220746040344
3,0,0.0,0.0,0.0
3,1,0.0801456943154335,0.013867858797311783,0.0008760914206504822
3,2,0.0907345563173294,0.3409026265144348,0.24623003602027893
3,3,0.021733205765485764,0.674934446811676,0.31455302238464355
3,4,-0.08061482012271881,0.010125701315701008,0.08075183629989624
3,5,0.009565538726747036,0.32515138387680054,0.2831774055957794
3,6,0.023089773952960968,0.6757951974868774,0.32260140776634216
3,7,0.025774095207452774,-0.23186208307743073,-0.09228713810443878
3,8,0.03256829082965851,-0.49442535638809204,-0.10585270822048187
3,9,0.03386198729276657,-0.6074737906455994,-0.08069750666618347
3,10,0.0159201268106699,-0.7050046920776367,-0.11195701360702515
3,11,-0.10069124400615692,-0.4760410189628601,-0.12045145779848099
3,12,-0.24828805029392242,-0.28300535678863525,-0.14494924247264862
3,13,-0.20383037626743317,-0.10237197577953339,0.03693358972668648
3,14,0.1728840470314026,-0.4638242721557617,-0.14067339897155762
3,15,0.23817940056324005,-0.22729021310806274,-0.24407920241355896
3,16,0.2351933866739273,-0.017177212983369827,-0.10537561774253845
4,0,0.0,0.0,0.0
4,1,0.081728994846344,0.017388997599482536,-0.0019004642963409424
4,2,0.09213853627443314,0.3438057601451874,0.2391023486852646
4,3,0.01124025508761406,0.6768620610237122,0.3055933713912964
4,4,-0.08216975629329681,0.006061330437660217,0.07674455642700195
4,5,0.0033468971960246563,0.335842490196228,0.27378007769584656
4,6,0.020007211714982986,0.6799176931381226,0.31552964448928833
4,7,0.03312123939394951,-0.22967827320098877,-0.09424237906932831
4,8,0.02515626884996891,-0.49274614453315735,-0.10967398434877396
4,9,0.022743847221136093,-0.6058743000030518,-0.08518113940954208
4,10,0.0056929197162389755,-0.7059800624847412,-0.11570052802562714
4,11,-0.1096922755241394,-0.46952593326568604,-0.12553372979164124
4,12,-0.2409926950931549,-0.2807808518409729,-0.1605050414800644
4,13,-0.21798425912857056,-0.09009604901075363,0.011489367112517357
4,14,0.17766457796096802,-0.4579828977584839,-0.1427849531173706
4,15,0.2400147020816803,-0.21416962146759033,-0.23357877135276794
4,16,0.23828279972076416,-0.002341100014746189,-0.09485034644603729
5,0,0.0,0.0,0.0
5,1,0.07889357209205627,0.01871088333427906,-0.006562232971191406
5,2,0.08830158412456512,0.3561231195926666,0.22204262018203735
5,3,0.008879323489964008,0.699995756149292,0.2909840941429138
5,4,-0.08488336950540543,0.006849879398941994,0.07447509467601776
5,5,-0.006048931274563074,0.3471217453479767,0.2509819269180298
5,6,0.015832597389817238,0.6972025632858276,0.29837149381637573
5,7,0.040197767317295074,-0.22506441175937653,-0.09664489328861237
5,8,0.01155606098473072,-0.4870726466178894,-0.12091745436191559
5,9,0.004855061415582895,-0.6027169227600098,-0.1009729653596878
5,10,-0.007486041635274887,-0.6861619353294373,-0.12514807283878326
5,11,-0.12253385782241821,-0.4535047113895416,-0.1411416381597519
5,12,-0.23495766520500183,-0.26131337881088257,-0.1763257086277008
5,13,-0.22708988189697266,-0.064313605427742,-0.015005411580204964
5,14,0.17468436062335968,-0.4382566213607788,-0.1459263563156128
5,15,0.23723332583904266,-0.18633517622947693,-0.21335166692733765
5,16,0.23790232837200165,0.0327552892267704,-0.0833582729101181
6,0,0.0,0.0,0.0
6,1,0.0831679105758667,0.018412381410598755,-0.009111978113651276
6,2,0.0884336605668068,0.36282187700271606,0.21628931164741516
6,3,0.0025703702121973038,0.7116839289665222,0.27718204259872437
6,4,-0.08961333334445953,0.0014797328040003777,0.07105974107980728
6,5,-0.01825377531349659,0.3562256097793579,0.23717963695526123
6,6,0.012180145829916,0.7112444639205933,0.2784026861190796
6,7,0.04679436609148979,-0.2240804135799408,-0.09781160950660706
6,8,0.003276109229773283,-0.4796496629714966,-0.1232914924621582
6,9,-0.008158277720212936,-0.6001468896865845,-0.10650365799665451
6,10,-0.019083062186837196,-0.6881296634674072,-0.1306409239768982
6,11,-0.13267889618873596,-0.4477906823158264,-0.14896824955940247
6,12,-0.23724187910556793,-0.2585516571998596,-0.19314992427825928
6,13,-0.23876821994781494,-0.0513044074177742,-0.03868936374783516
6,14,0.1776847094297409,-0.4342750906944275,-0.14517509937286377
6,15,0.24290479719638824,-0.18057747185230255,-0.2029399275779724
6,16,0.23875273764133453,0.041622038930654526,-0.0786367803812027
7,0,0.0,0.0,0.0
7,1,0.08803261816501617,0.020067868754267693,-0.0073703862726688385
7,2,0.08983726054430008,0.3707316815853119,0.2096749246120453
7,3,-0.004055525176227093,0.7145904302597046,0.25648245215415955
7,4,-0.0949094295501709,-0.0010290415957570076,0.07203169912099838
7,5,-0.027866777032613754,0.3670361638069153,0.2248574197292328
7,6,0.010527975857257843,0.720048189163208,0.26123321056365967
7,7,0.053498655557632446,-0.22031676769256592,-0.09927565604448318
7,8,-0.0048617287538945675,-0.4716624915599823,-0.12865498661994934
7,9,-0.021404357627034187,-0.5948731899261475,-0.11440324038267136
7,10,-0.031119737774133682,-0.673190712928772,-0.13756129145622253
7,11,-0.13958458602428436,-0.43809109926223755,-0.16103914380073547
7,12,-0.23328033089637756,-0.25367867946624756,-0.21301451325416565
7,13,-0.23827296495437622,-0.04364185035228729,-0.06806539744138718
7,14,0.17943871021270752,-0.42511799931526184,-0.1486833542585373
7,15,0.24625389277935028,-0.17197754979133606,-0.19662787020206451
7,16,0.23927628993988037,0.05077914521098137,-0.0739673376083374
8,0,0.0,0.0,0.0
8,1,0.09381799399852753,0.017684215679764748,-0.007024664431810379
8,2,0.08974847942590714,0.3753242492675781,0.20745013654232025
8,3,-0.007021194789558649,0.7309678792953491,0.2455892264842987
8,4,-0.10413089394569397,-0.004119206219911575,0.0648379847407341
8,5,-0.04959870129823685,0.37645286321640015,0.20727360248565674
8,6,0.008457622490823269,0.7339473962783813,0.23918874561786652
8,7,0.05936277657747269,-0.2202342450618744,-0.09857907891273499
8,8,-0.01299960445612669,-0.4748570919036865,-0.13112318515777588
8,9,-0.037412017583847046,-0.5990108847618103,-0.1166391596198082
8,10,-0.046028412878513336,-0.6780433654785156,-0.13772594928741455
8,11,-0.14588645100593567,-0.43862056732177734,-0.1689959466457367
8,12,-0.23125863075256348,-0.2558305263519287,-0.23172232508659363
8,13,-0.24353374540805817,-0.03617161512374878,-0.09998290240764618
8,14,0.18127748370170593,-0.42906761169433594,-0.1453211009502411
8,15,0.2611091434955597,-0.18266838788986206,-0.19004181027412415
8,16,0.24086984992027283,0.04455510899424553,-0.0661889985203743
9,0,0.0,0.0,0.0
9,1,0.10244843363761902,0.012635184451937675,-0.0004127025604248047
9,2,0.08523251116275787,0.379705548286438,0.2116791009902954
9,3,-0.010610588826239109,0.7534077763557434,0.2379600703716278
9,4,-0.11324019730091095,-0.004110238514840603,0.05079708620905876
9,5,-0.07260548323392868,0.38586241006851196,0.18764548003673553
9,6,0.007077865768224001,0.761946976184845,0.20368655025959015
9,7,0.06579240411520004,-0.22586019337177277,-0.0989924892783165
9,8,-0.015290351584553719,-0.48943787813186646,-0.133761465549469
9,9,-0.04590332508087158,-0.6099664568901062,-0.11482849717140198
9,10,-0.05989852920174599,-0.6925879716873169,-0.1341891586780548
9,11,-0.1440884917974472,-0.4495311975479126,-0.17840337753295898
9,12,-0.22847764194011688,-0.25973278284072876,-0.24860695004463196
9,13,-0.2597900331020355,-0.02603578194975853,-0.12704162299633026
9,14,0.18553119897842407,-0.44673508405685425,-0.14210326969623566
9,15,0.2878686189651489,-0.21315911412239075,-0.1947546750307083
9,16,0.24190574884414673,0.013789085671305656,-0.06395970284938812
10,0,0.0,0.0,0.0
10,1,0.11018426716327667,0.01809118129312992,0.02588031068444252
10,2,0.08641806989908218,0.3897719383239746,0.21008560061454773
10,3,-0.01187537144869566,0.7676191926002502,0.22039666771888733
10,4,-0.11916838586330414,-0.0002997415140271187,0.0507974699139595
10,5,-0.07699376344680786,0.4006844162940979,0.17416203022003174
10,6,0.004839998669922352,0.7772724628448486,0.18578973412513733
10,7,0.07302017509937286,-0.22178134322166443,-0.09715695679187775
10,8,-0.018333012238144875,-0.48007065057754517,-0.1370265930891037
10,9,-0.05740761011838913,-0.6128339171409607,-0.12314583361148834
10,10,-0.0704277753829956,-0.6908422112464905,-0.1413142830133438
10,11,-0.14413058757781982,-0.4408419728279114,-0.18646246194839478
10,12,-0.22554057836532593,-0.2585920989513397,-0.26219701766967773
10,13,-0.2560378313064575,-0.015784289687871933,-0.14556825160980225
10,14,0.18633133172988892,-0.43899106979370117,-0.13713949918746948
10,15,0.2999764084815979,-0.21117766201496124,-0.1805378794670105
10,16,0.2399013638496399,0.013991417363286018,-0.04766297712922096
11,0,0.0,0.0,0.0
11,1,0.11292073130607605,0.013140566647052765,0.025061024352908134
11,2,0.08106617629528046,0.38981905579566956,0.2044316530227661
11,3,-0.01805863529443741,0.7678743004798889,0.21540459990501404
11,4,-0.12603670358657837,0.0020470665767788887,0.047541599720716476
11,5,-0.07033765316009521,0.40774857997894287,0.16024962067604065
11,6,0.00041013024747371674,0.7835817337036133,0.17606817185878754
11,7,0.07557129114866257,-0.22299322485923767,-0.09753194451332092
11,8,-0.021378258243203163,-0.4794324040412903,-0.13778555393218994
11,9,-0.06744682043790817,-0.6120613813400269,-0.12268906086683273
11,10,-0.08482764661312103,-0.6909319162368774,-0.14341223239898682
11,11,-0.14037206768989563,-0.4427199363708496,-0.19204987585544586
11,12,-0.2187713384628296,-0.25946760177612305,-0.27152979373931885
11,13,-0.24729302525520325,-0.010960201732814312,-0.16345861554145813
11,14,0.18473467230796814,-0.4424532651901245,-0.13533863425254822
11,15,0.30832716822624207,-0.21923492848873138,-0.1727525293827057
11,16,0.23902828991413116,0.002175447531044483,-0.03736894577741623
12,0,0.0,0.0,0.0
12,1,0.11685101687908173,0.009113846346735954,0.037037499248981476
12,2,0.07887382805347443,0.3987276554107666,0.2093687653541565
12,3,-0.021708518266677856,0.7954360246658325,0.2164492905139923
12,4,-0.13086314499378204,0.004543484188616276,0.036388736218214035
12,5,-0.09392531216144562,0.431437611579895,0.12659892439842224
12,6,-0.008063703775405884,0.8256908059120178,0.1498871147632599
12,7,0.07935342192649841,-0.22818508744239807,-0.09846290200948715
12,8,-0.018921447917819023,-0.49551767110824585,-0.14321152865886688
12,9,-0.072953000664711,-0.6276494264602661,-0.13058970868587494
12,10,-0.10006704181432724,-0.7161807417869568,-0.15103814005851746
12,11,-0.13323509693145752,-0.45591315627098083,-0.2059645652770996
12,12,-0.21867403388023376,-0.24801728129386902,-0.2896582782268524
12,13,-0.270746648311615,0.003776371479034424,-0.19482535123825073
12,14,0.18742386996746063,-0.45967167615890503,-0.13272100687026978
12,15,0.32969748973846436,-0.23264813423156738,-0.16243816912174225
12,16,0.24844840168952942,-0.014070871286094189,-0.013242388144135475
13,0,0.0,0.0,0.0
13,1,0.11723104119300842,0.007752855308353901,0.03838986158370972
13,2,0.07861408591270447,0.4010910391807556,0.20647728443145752
13,3,-0.02166071906685829,0.802222728729248,0.21411137282848358
13,4,-0.13191097974777222,0.005812349729239941,0.03444045037031174
13,5,-0.09292132407426834,0.4383382201194763,0.11339700222015381
13,6,-0.012271437793970108,0.8387081027030945,0.14243420958518982
13,7,0.081538125872612,-0.22965826094150543,-0.09926031529903412
13,8,-0.020864449441432953,-0.5097524523735046,-0.1491197645664215
13,9,-0.08120708912611008,-0.6368108987808228,-0.1374087780714035
13,10,-0.11329273879528046,-0.7104321122169495,-0.15420585870742798
13,11,-0.13164204359054565,-0.4566899240016937,-0.2111760675907135
13,12,-0.2197662889957428,-0.23890143632888794,-0.2942560911178589
13,13,-0.27082622051239014,0.015164786949753761,-0.20042388141155243
13,14,0.18775489926338196,-0.46494656801223755,-0.13362886011600494
13,15,0.3375007212162018,-0.2356770634651184,-0.15384837985038757
13,16,0.25410741567611694,-0.01977694034576416,0.0018853314686566591
14,0,0.0,0.0,0.0
14,1,0.10998687148094177,0.00815061666071415,0.0206502303481102
14,2,0.08423293381929398,0.3953486382961273,0.19909009337425232
14,3,-0.01780003309249878,0.7965673208236694,0.21177387237548828
14,4,-0.1253502368927002,0.005469168536365032,0.03674043342471123
14,5,-0.07792040705680847,0.43405503034591675,0.11622276902198792
14,6,-0.008067135699093342,0.8149784803390503,0.16202248632907867
14,7,0.08700456470251083,-0.22727927565574646,-0.09503176808357239
14,8,-0.009585692547261715,-0.49836456775665283,-0.1448226273059845
14,9,-0.07581326365470886,-0.6271408200263977,-0.13612990081310272
14,10,-0.11643317341804504,-0.711466908454895,-0.15827377140522003
14,11,-0.10595127940177917,-0.45637014508247375,-0.2094133496284485
14,12,-0.1267782300710678,-0.24948596954345703,-0.2964702844619751
14,13,-0.05013388395309448,-0.013156620785593987,-0.2530576288700104
14,14,0.19156934320926666,-0.46162211894989014,-0.13125227391719818
14,15,0.3434973955154419,-0.23314745724201202,-0.15528558194637299
14,16,0.25838351249694824,-0.021137792617082596,-0.001165282679721713
15,0,0.0,0.0,0.0
15,1,0.10950873792171478,0.009547537192702293,0.01794506423175335
15,2,0.08619394898414612,0.39549294114112854,0.1961652636528015
15,3,-0.01856875978410244,0.7903412580490112,0.20527875423431396
15,4,-0.12935872375965118,0.010798532515764236,0.04868509620428085
15,5,-0.07759374380111694,0.43646180629730225,0.11974768340587616
15,6,-0.01243714801967144,0.8113918900489807,0.1645510047674179
15,7,0.08802063763141632,-0.2263142466545105,-0.09242954850196838
15,8,-0.011634894646704197,-0.5003460645675659,-0.14607450366020203
15,9,-0.08193347603082657,-0.6250613927841187,-0.13767188787460327
15,10,-0.13154621422290802,-0.6889843344688416,-0.154307022690773
15,11,-0.09994857013225555,-0.45111626386642456,-0.2051219344139099
15,12,-0.12082111835479736,-0.2452014982700348,-0.27499470114707947
15,13,0.04397835582494736,-0.012886526063084602,-0.22243598103523254
15,14,0.1889333426952362,-0.4587330222129822,-0.12778566777706146
15,15,0.34273767471313477,-0.227737694978714,-0.13876710832118988
15,16,0.2587088644504547,-0.01879923790693283,0.014983098953962326
16,0,0.0,0.0,0.0
16,1,0.11069655418395996,0.00250434223562479,0.02421499788761139
16,2,0.09633579850196838,0.4131992757320404,0.20230698585510254
16,3,0.007277053315192461,0.8129445314407349,0.22370535135269165
16,4,-0.12308008968830109,0.007524367421865463,0.0503007173538208
16,5,-0.10736454278230667,0.4619804620742798,0.10887566208839417
16,6,-0.025672318413853645,0.8901448845863342,0.11683309078216553
16,7,0.07352517545223236,-0.24720782041549683,-0.0997459664940834
16,8,-0.016432592645287514,-0.5215010643005371,-0.13934487104415894
16,9,-0.06294146925210953,-0.6472727656364441,-0.1274855136871338
16,10,-0.10175870358943939,-0.7490726709365845,-0.15372470021247864
16,11,-0.12309692054986954,-0.4807926416397095,-0.21102750301361084
16,12,-0.20908614993095398,-0.21636256575584412,-0.28156179189682007
16,13,-0.30761319398880005,0.025931034237146378,-0.1859511435031891
16,14,0.18332797288894653,-0.5012342929840088,-0.12770426273345947
16,15,0.35857319831848145,-0.26005756855010986,-0.14350031316280365
16,16,0.29362595081329346,-0.029501579701900482,0.016088426113128662
17,0,0.0,0.0,0.0
17,1,0.10387252271175385,0.00010071136057376862,0.009545184671878815
17,2,0.10317233204841614,0.41286522150039673,0.19799968600273132
17,3,0.012896783649921417,0.8209183216094971,0.2231268435716629
17,4,-0.11743788421154022,0.00629040040075779,0.0495007187128067
17,5,-0.10726043581962585,0.46022430062294006,0.11469943821430206
17,6,-0.02658643200993538,0.8940789699554443,0.11858586221933365
17,7,0.07193407416343689,-0.2531525790691376,-0.09912732243537903
17,8,-0.015424281358718872,-0.5305613279342651,-0.1331881433725357
17,9,-0.06356902420520782,-0.654969334602356,-0.11846207082271576
17,10,-0.10447216778993607,-0.7481976747512817,-0.14357589185237885
17,11,-0.11584232747554779,-0.49342575669288635,-0.2023463249206543
17,12,-0.20783661305904388,-0.22721993923187256,-0.3010731637477875
17,13,-0.14663724601268768,0.002698720432817936,-0.27374088764190674
17,14,0.18121737241744995,-0.5146058797836304,-0.12780888378620148
17,15,0.3613857626914978,-0.27085188031196594,-0.15363842248916626
17,16,0.3060493469238281,-0.029604066163301468,0.004841801710426807
18,0,0.0,0.0,0.0
18,1,0.10016253590583801,-0.0010457197204232216,0.01934971660375595
18,2,0.11474507302045822,0.4217316806316376,0.19300305843353271
18,3,0.025517314672470093,0.8477537631988525,0.20998433232307434
18,4,-0.11218457669019699,0.005361087620258331,0.056234583258628845
18,5,-0.10648445039987564,0.46206986904144287,0.1251082420349121
18,6,-0.031850531697273254,0.9144124388694763,0.11251719295978546
18,7,0.06043453514575958,-0.2609308958053589,-0.10271472483873367
18,8,-0.013608143664896488,-0.5452735424041748,-0.1337866485118866
18,9,-0.047766149044036865,-0.663623571395874,-0.1190081536769867
18,10,-0.08360114693641663,-0.7680855989456177,-0.14751559495925903
18,11,-0.1276833415031433,-0.5055862665176392,-0.202224001288414
18,12,-0.21178419888019562,-0.21105937659740448,-0.2713610827922821
18,13,-0.3232145309448242,0.0179540254175663,-0.17634686827659607
18,14,0.17915745079517365,-0.5349534749984741,-0.13238990306854248
18,15,0.3661050796508789,-0.28691792488098145,-0.16342014074325562
18,16,0.3293580114841461,-0.028907250612974167,-0.014135083183646202
19,0,0.0,0.0,0.0
19,1,0.09966021776199341,-0.004463665187358856,0.02091452106833458
19,2,0.11843109875917435,0.42805901169776917,0.18915335834026337
19,3,0.032681286334991455,0.8558206558227539,0.20421665906906128
19,4,-0.11103921383619308,0.0029299557209014893,0.060378044843673706
19,5,-0.10671702027320862,0.46513450145721436,0.13037686049938202
19,6,-0.03627482056617737,0.9324169158935547,0.10671425610780716
19,7,0.05585723742842674,-0.2677016258239746,-0.10447852313518524
19,8,-0.011526381596922874,-0.5534908771514893,-0.13459685444831848
19,9,-0.038931526243686676,-0.6716681718826294,-0.12059210240840912
19,10,-0.07391650229692459,-0.7775782942771912,-0.14999261498451233
19,11,-0.12967930734157562,-0.5153260231018066,-0.20321932435035706
19,12,-0.20886588096618652,-0.21732255816459656,-0.27899086475372314
19,13,-0.32257723808288574,0.010993923991918564,-0.18319442868232727
19,14,0.17642778158187866,-0.5485953092575073,-0.1364854872226715
19,15,0.36118263006210327,-0.29707103967666626,-0.18223711848258972
19,16,0.3366129398345947,-0.02796148881316185,-0.04077687859535217
20,0,0.0,0.0,0.0
20,1,0.09731945395469666,-0.00027161650359630585,0.0215391144156456
20,2,0.12186351418495178,0.41740167140960693,0.1935374140739441
20,3,0.032193705439567566,0.8383715748786926,0.21579593420028687
20,4,-0.10780628025531769,0.005864514037966728,0.06676008552312851
20,5,-0.09984815120697021,0.44966721534729004,0.14079925417900085
20,6,-0.0120688546448946,0.8735387921333313,0.14810414612293243
20,7,0.0561855211853981,-0.261540025472641,-0.1006188616156578
20,8,-0.0008968994952738285,-0.5482389330863953,-0.1292492002248764
20,9,-0.017660509794950485,-0.6582306623458862,-0.10989275574684143
20,10,-0.05875590443611145,-0.7617387771606445,-0.13858520984649658
20,11,-0.11644488573074341,-0.5049982666969299,-0.19600757956504822
20,12,-0.1949840486049652,-0.21218794584274292,-0.26471179723739624
20,13,-0.30356866121292114,0.014252325519919395,-0.1589283049106598
20,14,0.17917536199092865,-0.5364103317260742,-0.12994971871376038
20,15,0.36025696992874146,-0.2877187132835388,-0.17079606652259827
20,16,0.34315842390060425,-0.019874002784490585,-0.029556067660450935
21,0,0.0,0.0,0.0
21,1,0.09346731007099152,-0.001206088811159134,0.01967494934797287
21,2,0.12073901295661926,0.4176342785358429,0.19480252265930176
21,3,0.03485805541276932,0.8246190547943115,0.23105540871620178
21,4,-0.10523943603038788,0.009038722142577171,0.07175839692354202
21,5,-0.09124758839607239,0.4597421884536743,0.13249701261520386
21,6,-0.016131091862916946,0.8902479410171509,0.13412991166114807
21,7,0.05121190845966339,-0.2647627592086792,-0.10223057866096497
21,8,0.004000753629952669,-0.5424817204475403,-0.1268806904554367
21,9,-0.0037315180525183678,-0.6807377934455872,-0.11086416244506836
21,10,-0.04685647785663605,-0.7948432564735413,-0.14144614338874817
21,11,-0.0948294997215271,-0.5069358348846436,-0.1975661814212799
21,12,-0.09056568890810013,-0.25210270285606384,-0.2970161437988281
21,13,-0.1628073900938034,-0.0329572856426239,-0.2867709994316101
21,14,0.16866528987884521,-0.537450909614563,-0.13546021282672882
21,15,0.34593629837036133,-0.2841668725013733,-0.1941254585981369
21,16,0.33166104555130005,-0.016081303358078003,-0.05584299936890602
22,0,0.0,0.0,0.0
22,1,0.09927709400653839,-0.0032203709706664085,0.03086312860250473
22,2,0.12577542662620544,0.4357050061225891,0.18486714363098145
22,3,0.043708160519599915,0.8733985424041748,0.21384121477603912
22,4,-0.10546325892210007,0.0047593917697668076,0.0773492157459259
22,5,-0.08509199321269989,0.4741262197494507,0.13828431069850922
22,6,-0.02337285876274109,0.9429999589920044,0.11914347857236862
22,7,0.0424482598900795,-0.28050264716148376,-0.10924030095338821
22,8,0.006671378389000893,-0.573447585105896,-0.131053626537323
22,9,0.011057649739086628,-0.6888861060142517,-0.116666778922081
22,10,-0.022177688777446747,-0.8038299083709717,-0.1513495296239853
22,11,-0.11440983414649963,-0.5374885201454163,-0.20159035921096802
22,12,-0.1723070740699768,-0.2533142864704132,-0.3144593834877014
22,13,-0.28048035502433777,-0.021383455023169518,-0.2349918782711029
22,14,0.1704513430595398,-0.570178747177124,-0.14503929018974304
22,15,0.3442116975784302,-0.28965190052986145,-0.21233004331588745
22,16,0.3396760821342468,-0.006030634045600891,-0.08304755389690399
23,0,0.0,0.0,0.0
23,1,0.08177697658538818,-0.004579690285027027,0.030224788933992386
23,2,0.11927451193332672,0.4304451644420624,0.18488773703575134
23,3,0.03498595952987671,0.8552552461624146,0.23424342274665833
23,4,-0.08503295481204987,0.0034118350595235825,0.07547420263290405
23,5,-0.05225512012839317,0.46948152780532837,0.12959328293800354
23,6,-0.0028024474158883095,0.8944729566574097,0.17614459991455078
23,7,0.03638724610209465,-0.2859163284301758,-0.1081027239561081
23,8,0.01825946941971779,-0.5723642110824585,-0.1319773942232132
23,9,0.025928620249032974,-0.7038211822509766,-0.12245219945907593
23,10,-0.004653820767998695,-0.7966673970222473,-0.14880156517028809
23,11,-0.0628945529460907,-0.5451492071151733,-0.2087554931640625
23,12,0.16484953463077545,-0.3014809191226959,-0.36257317662239075
23,13,0.08006030321121216,-0.08465638011693954,-0.4554959237575531
23,14,0.145177960395813,-0.5666229724884033,-0.16157448291778564
23,15,0.2834431529045105,-0.2913506329059601,-0.31614071130752563
23,16,0.25381726026535034,-0.051675595343112946,-0.29767200350761414
24,0,0.0,0.0,0.0
24,1,0.09219065308570862,9.79006290435791e-05,0.03912026807665825
24,2,0.1250964105129242,0.43581441044807434,0.1877584159374237
24,3,0.044166021049022675,0.8604604005813599,0.23560889065265656
24,4,-0.09936150163412094,0.005556086078286171,0.0906137228012085
24,5,-0.05537161976099014,0.47842150926589966,0.13817307353019714
24,6,-0.0059142932295799255,0.9203134179115295,0.15054142475128174
24,7,0.031963054090738297,-0.2839875817298889,-0.1137649416923523
24,8,0.019559353590011597,-0.5965781807899475,-0.128957137465477
24,9,0.015603376552462578,-0.7243964672088623,-0.12444577366113663
24,10,-0.0030904076993465424,-0.8097833395004272,-0.14901584386825562
24,11,-0.09937496483325958,-0.5459584593772888,-0.199449360370636
24,12,-0.15919050574302673,-0.28044188022613525,-0.3364999294281006
24,13,-0.2640696167945862,-0.050056230276823044,-0.2906308174133301
24,14,0.1659533828496933,-0.5741289854049683,-0.14651960134506226
24,15,0.3340582251548767,-0.2886047959327698,-0.2382480651140213
24,16,0.325170636177063,0.0040202755481004715,-0.12333548814058304
25,0,0.0,0.0,0.0
25,1,0.0503360778093338,-0.007538573816418648,0.03585916385054588
25,2,0.10404568910598755,0.4281444847583771,0.1773819923400879
25,3,0.0268255565315485,0.8167623281478882,0.25876346230506897
25,4,-0.06325675547122955,0.006456273607909679,0.08659006655216217
25,5,0.0016934326849877834,0.4685474634170532,0.129441499710083
25,6,0.010230128653347492,0.854080319404602,0.1993328183889389
25,7,0.017977040261030197,-0.27639031410217285,-0.10633905231952667
25,8,0.030768122524023056,-0.5622190237045288,-0.12969252467155457
25,9,0.046092912554740906,-0.6989690065383911,-0.1291494071483612
25,10,0.025086846202611923,-0.7846684455871582,-0.15441150963306427
25,11,-0.04411657154560089,-0.5299853086471558,-0.21215586364269257
25,12,0.11786206811666489,-0.2894149124622345,-0.36553794145584106
25,13,0.03197414055466652,-0.10192369669675827,-0.46975916624069214
25,14,0.1348275989294052,-0.5571799874305725,-0.16381028294563293
25,15,0.2805350422859192,-0.2859901785850525,-0.3178098797798157
25,16,0.2655637562274933,-0.02492617443203926,-0.2691977024078369
26,0,0.0,0.0,0.0
26,1,0.03394871950149536,-0.011573967523872852,0.03648535534739494
26,2,0.09637285768985748,0.421949565410614,0.17562076449394226
26,3,0.021957669407129288,0.7831284403800964,0.2760077118873596
26,4,-0.047443877905607224,0.010489539243280888,0.09483641386032104
26,5,0.021588077768683434,0.46487122774124146,0.1291498839855194
26,6,0.013623141683638096,0.8432105779647827,0.20576682686805725
26,7,0.009284880943596363,-0.27563151717185974,-0.1067420244216919
26,8,0.03397756814956665,-0.551018476486206,-0.13020524382591248
26,9,0.05385209619998932,-0.6917088031768799,-0.13282635807991028
26,10,0.030138052999973297,-0.7887564897537231,-0.16284164786338806
26,11,-0.028579261153936386,-0.5305305123329163,-0.20428729057312012
26,12,0.22618956863880157,-0.2948784828186035,-0.34190815687179565
26,13,0.16919562220573425,-0.1158527284860611,-0.4661359190940857
26,14,0.1241597905755043,-0.5511215925216675,-0.17446091771125793
26,15,0.22342152893543243,-0.27543216943740845,-0.3492141664028168
26,16,0.18182024359703064,-0.08109813928604126,-0.3715226650238037
27,0,0.0,0.0,0.0
27,1,0.014924665912985802,-0.007713259197771549,0.03610220551490784
27,2,0.0752311497926712,0.407277375459671,0.17712892591953278
27,3,0.016997909173369408,0.7611440420150757,0.27149367332458496
27,4,-0.028806066140532494,0.01274675689637661,0.09187357872724533
27,5,0.05261484533548355,0.44674238562583923,0.13726148009300232
27,6,0.025559954345226288,0.782841682434082,0.23751100897789001
27,7,-0.0022844080813229084,-0.2633928656578064,-0.10443808138370514
27,8,0.03330172598361969,-0.5404271483421326,-0.128707155585289
27,9,0.06152292340993881,-0.6733006834983826,-0.13340872526168823
27,10,0.038704030215740204,-0.7625000476837158,-0.1619686484336853
27,11,-0.024565473198890686,-0.5143030285835266,-0.19536808133125305
27,12,0.21439683437347412,-0.2735936641693115,-0.3265398144721985
27,13,0.16532741487026215,-0.11011812090873718,-0.4552062153816223
27,14,0.10996989905834198,-0.5306644439697266,-0.18313613533973694
27,15,0.15076103806495667,-0.2529416084289551,-0.3589318096637726
27,16,0.15148736536502838,-0.0840015858411789,-0.40554219484329224
28,0,0.0,0.0,0.0
28,1,0.025166383013129234,-0.011082201264798641,0.028855223208665848
28,2,0.09449058771133423,0.4320659041404724,0.15367449820041656
28,3,0.015949485823512077,0.8238787651062012,0.24051524698734283
28,4,-0.0397881343960762,0.0058986591175198555,0.10100079327821732
28,5,0.06397984176874161,0.49367648363113403,0.08615011721849442
28,6,0.007452075835317373,0.8790398836135864,0.17440825700759888
28,7,-0.0036043510772287846,-0.2841029167175293,-0.10906274616718292
28,8,0.03617733716964722,-0.5643962621688843,-0.13287022709846497
28,9,0.0660557970404625,-0.7019613981246948,-0.1427597552537918
28,10,0.038546208292245865,-0.8030204176902771,-0.17914804816246033
28,11,-0.022540291771292686,-0.558558464050293,-0.2012966275215149
28,12,0.26421022415161133,-0.3012109398841858,-0.33821243047714233
28,13,0.25656911730766296,-0.1184237003326416,-0.4787551164627075
28,14,0.10770291090011597,-0.559506356716156,-0.19928482174873352
28,15,0.16373991966247559,-0.2813379764556885,-0.39774513244628906
28,16,0.16300800442695618,-0.10578183829784393,-0.44812965393066406
29,0,0.0,0.0,0.0
29,1,0.04771430045366287,-0.013170638121664524,0.04427481070160866
29,2,0.10227606445550919,0.4320875406265259,0.16996538639068604
29,3,0.026222992688417435,0.8682991862297058,0.21826203167438507
29,4,-0.055513739585876465,0.004915415309369564,0.11981643736362457
29,5,0.0643174946308136,0.504830539226532,0.08668803423643112
29,6,0.0028042043559253216,0.9679162502288818,0.12576578557491302
29,7,-0.004587844479829073,-0.29765594005584717,-0.11198815703392029
29,8,0.043558571487665176,-0.585425853729248,-0.13232888281345367
29,9,0.06201557070016861,-0.7374276518821716,-0.14175626635551453
29,10,0.015695441514253616,-0.8477590084075928,-0.1808777004480362
29,11,-0.06932578980922699,-0.589171290397644,-0.205726757645607
29,12,-0.06803669780492783,-0.33775943517684937,-0.366412878036499
29,13,-0.20379242300987244,-0.09430363774299622,-0.4040360450744629
29,14,0.14799737930297852,-0.5872723460197449,-0.17729011178016663
29,15,0.30996274948120117,-0.29986774921417236,-0.34248602390289307
29,16,0.23774313926696777,-0.0642046183347702,-0.29914042353630066
30,0,0.0,0.0,0.0
30,1,-0.009147846139967442,-0.004190422594547272,0.04988577216863632
30,2,-0.00689125107601285,0.34459400177001953,0.21565771102905273
30,3,0.007207526825368404,0.6377360224723816,0.32852280139923096
30,4,0.009106661193072796,0.022561440244317055,0.09763537347316742
30,5,0.0625821202993393,0.35871511697769165,0.222879558801651
30,6,0.05612195283174515,0.6563606262207031,0.3242184519767761
30,7,-0.04613953456282616,-0.21356338262557983,-0.08525212854146957
30,8,0.04511551186442375,-0.4546757936477661,-0.1301197111606598
30,9,0.08510099351406097,-0.5753380060195923,-0.13196465373039246
30,10,0.055934838950634,-0.6815817952156067,-0.16569167375564575
30,11,-0.011446092277765274,-0.4236295223236084,-0.1617535650730133
30,12,-0.015330765396356583,-0.2434656322002411,-0.2420499622821808
30,13,-0.00137663958594203,-0.11610097438097,-0.10542061924934387
30,14,0.0885767713189125,-0.440735399723053,-0.19495227932929993
30,15,0.05449838563799858,-0.16790291666984558,-0.30012694001197815
30,16,-0.03492429852485657,-0.14412140846252441,-0.3980899155139923
31,0,0.0,0.0,0.0
31,1,-0.006826124619692564,-0.0034793326631188393,0.0487009733915329
31,2,-0.0160440132021904,0.35566237568855286,0.210784912109375
31,3,0.006172988098114729,0.6586663722991943,0.33776235580444336
31,4,0.004471989814192057,0.01988210715353489,0.09044982492923737
31,5,0.04993657022714615,0.3709842562675476,0.21072661876678467
31,6,0.04240794479846954,0.6822924613952637,0.31867337226867676
31,7,-0.041678864508867264,-0.22082969546318054,-0.09072880446910858
31,8,0.041390445083379745,-0.46372923254966736,-0.13153934478759766
31,9,0.07502665370702744,-0.5882735848426819,-0.13376560807228088
31,10,0.04358469694852829,-0.701299786567688,-0.16885143518447876
31,11,-0.023498868569731712,-0.4387003183364868,-0.16374731063842773
31,12,-0.01206248253583908,-0.25558727979660034,-0.24953174591064453
31,13,-0.00022483617067337036,-0.11716697365045547,-0.11140452325344086
31,14,0.09883936494588852,-0.44723281264305115,-0.1960950642824173
31,15,0.06419521570205688,-0.17683708667755127,-0.31327024102211
31,16,-0.0371076874434948,-0.1302412897348404,-0.42348676919937134
32,0,0.0,0.0,0.0
32,1,0.011209221556782722,0.0019082678481936455,0.03947759419679642
32,2,-0.02515779808163643,0.3682440519332886,0.20979373157024384
32,3,0.0008484930731356144,0.672066330909729,0.3369036912918091
32,4,-0.013366175815463066,0.015311753377318382,0.08905050158500671
32,5,0.027205221354961395,0.3764781057834625,0.21866239607334137
32,6,0.030368641018867493,0.6940945386886597,0.3308478593826294
32,7,-0.034344032406806946,-0.23027977347373962,-0.0928129255771637
32,8,0.030496366322040558,-0.4967339038848877,-0.13303056359291077
32,9,0.05137898772954941,-0.6077063083648682,-0.1221054196357727
32,10,0.028132224455475807,-0.685667872428894,-0.144694983959198
32,11,-0.07730461657047272,-0.4719727635383606,-0.16928085684776306
32,12,-0.16640059649944305,-0.25821661949157715,-0.24510760605335236
32,13,-0.10608460754156113,-0.09912312030792236,-0.09357505291700363
32,14,0.12592166662216187,-0.45292097330093384,-0.17169731855392456
32,15,0.16152679920196533,-0.20098876953125,-0.301349937915802
32,16,0.07565634697675705,-0.04856733977794647,-0.3468610644340515
33,0,0.0,0.0,0.0
33,1,0.021708674728870392,0.004967745393514633,0.0328383594751358
33,2,-0.0183088555932045,0.3703342080116272,0.2082568258047104
33,3,-0.004198663402348757,0.6788952350616455,0.3307182490825653
33,4,-0.021605897694826126,0.012798255309462547,0.08715739101171494
33,5,0.010919719934463501,0.37774428725242615,0.21655477583408356
33,6,0.02047198824584484,0.698172926902771,0.32215678691864014
33,7,-0.028452225029468536,-0.2325877994298935,-0.09839321672916412
33,8,0.02270188368856907,-0.5010203719139099,-0.13578400015830994
33,9,0.03881680965423584,-0.6072171330451965,-0.12435145676136017
33,10,0.017815783619880676,-0.6734575033187866,-0.14359405636787415
33,11,-0.0822114646434784,-0.46871763467788696,-0.1670682430267334
33,12,-0.15979620814323425,-0.2647154927253723,-0.2473226636648178
33,13,-0.10638369619846344,-0.09683512151241302,-0.08941119909286499
33,14,0.12637752294540405,-0.45370328426361084,-0.17639723420143127
33,15,0.15637946128845215,-0.2005290389060974,-0.30253809690475464
33,16,0.10486205667257309,-0.03370356559753418,-0.34055498242378235
34,0,0.0,0.0,0.0
34,1,0.05227188020944595,0.01537272334098816,0.011600479483604431
34,2,0.021500390022993088,0.37871673703193665,0.20591682195663452
34,3,0.0034745242446660995,0.7035882472991943,0.3118639886379242
34,4,-0.056041937321424484,0.00035845208913087845,0.07880312204360962
34,5,-0.009928223676979542,0.3809363842010498,0.20432433485984802
34,6,0.022359006106853485,0.71421217918396,0.3017426133155823
34,7,-0.002881444524973631,-0.23074966669082642,-0.10696400701999664
34,8,0.022652877494692802,-0.4986499845981598,-0.12981897592544556
34,9,0.026882607489824295,-0.6052185297012329,-0.11336562037467957
34,10,0.005155987571924925,-0.6643363237380981,-0.12589362263679504
34,11,-0.11780093610286713,-0.4691663980484009,-0.1516677737236023
34,12,-0.2371702492237091,-0.24655191600322723,-0.19626955687999725
34,13,-0.1999300718307495,-0.058023206889629364,-0.03908960148692131
34,14,0.1594613790512085,-0.4378725290298462,-0.14498263597488403
34,15,0.23287031054496765,-0.18546442687511444,-0.2310342788696289
34,16,0.1748032569885254,0.026699265465140343,-0.16407403349876404
35,0,0.0,0.0,0.0
35,1,0.06732147932052612,0.018478859215974808,-0.006612274795770645
35,2,0.049135059118270874,0.3769247531890869,0.20290899276733398
35,3,0.002352512441575527,0.7201740741729736,0.3014048933982849
35,4,-0.07060708105564117,-0.0037083784118294716,0.07627952098846436
35,5,-0.02353530377149582,0.38211095333099365,0.2009063959121704
35,6,0.020997099578380585,0.7269430160522461,0.28844237327575684
35,7,0.01795530691742897,-0.23001530766487122,-0.11019878089427948
35,8,0.017890222370624542,-0.5004292726516724,-0.1326201856136322
35,9,0.012883744202554226,-0.6092314720153809,-0.11554563045501709
35,10,-0.010654261335730553,-0.669573187828064,-0.12737907469272614
35,11,-0.12767580151557922,-0.46487313508987427,-0.15409624576568604
35,12,-0.2506324350833893,-0.24202662706375122,-0.18300822377204895
35,13,-0.22909122705459595,-0.0461171418428421,-0.026441212743520737
35,14,0.17257143557071686,-0.4374328851699829,-0.14629870653152466
35,15,0.2463613599538803,-0.180865079164505,-0.21522679924964905
35,16,0.20595377683639526,0.04886043816804886,-0.11233708262443542
36,0,0.0,0.0,0.0
36,1,0.07956090569496155,0.02170056290924549,-0.018022343516349792
36,2,0.06471855938434601,0.3814825117588043,0.1924356371164322
36,3,0.004173239693045616,0.7316451072692871,0.27406251430511475
36,4,-0.08452148735523224,-0.0089231226593256,0.07362087815999985
36,5,-0.039641764014959335,0.38390183448791504,0.18282946944236755
36,6,0.01867062970995903,0.7356534004211426,0.2555088400840759
36,7,0.03932354971766472,-0.2263551652431488,-0.10934644937515259
36,8,0.011685658246278763,-0.5074663162231445,-0.13770127296447754
36,9,-0.00335824117064476,-0.6070647239685059,-0.12432154268026352
36,10,-0.022019464522600174,-0.6442384123802185,-0.1297084391117096
36,11,-0.13592000305652618,-0.45488834381103516,-0.15786981582641602
36,12,-0.2617684304714203,-0.24022331833839417,-0.18033811450004578
36,13,-0.24053561687469482,-0.038373563438653946,-0.02530232071876526
36,14,0.18048657476902008,-0.43034178018569946,-0.14856666326522827
36,15,0.2573925256729126,-0.1754472255706787,-0.20231766998767853
36,16,0.22336448729038239,0.05989910662174225,-0.08873356133699417
37,0,0.0,0.0,0.0
37,1,0.0897400975227356,0.020879972726106644,-0.017801739275455475
37,2,0.0764051005244255,0.3863554000854492,0.18822863698005676
37,3,0.003404504619538784,0.7499370574951172,0.24859939515590668
37,4,-0.09447313100099564,-0.010856399312615395,0.06793062388896942
37,5,-0.05630140006542206,0.38813748955726624,0.17336127161979675
37,6,0.017229553312063217,0.7512792348861694,0.23135361075401306
37,7,0.051610615104436874,-0.22315993905067444,-0.10824917256832123
37,8,0.008193145506083965,-0.4947400391101837,-0.13898885250091553
37,9,-0.015897104516625404,-0.6079808473587036,-0.12499925494194031
37,10,-0.03024349734187126,-0.6456089615821838,-0.1310630887746811
37,11,-0.13827615976333618,-0.449684202671051,-0.16638942062854767
37,12,-0.2674410343170166,-0.2382466197013855,-0.184007465839386
37,13,-0.2517531216144562,-0.03070925734937191,-0.038051787763834
37,14,0.18652097880840302,-0.42832013964653015,-0.14946606755256653
37,15,0.2681261897087097,-0.17884792387485504,-0.1946401596069336
37,16,0.23658215999603271,0.05800098180770874,-0.07457961142063141
38,0,0.0,0.0,0.0
38,1,0.0991063043475151,0.019847994670271873,-0.01330035924911499
38,2,0.0818973034620285,0.3881903290748596,0.18648278713226318
38,3,0.0026184064336121082,0.7627102136611938,0.2280959188938141
38,4,-0.10498888790607452,-0.012317453511059284,0.05935414135456085
38,5,-0.07031351327896118,0.39155298471450806,0.16150043904781342
38,6,0.016551055014133453,0.7578612565994263,0.21018534898757935
38,7,0.05838245898485184,-0.22133757174015045,-0.10894173383712769
38,8,0.005925675854086876,-0.4952077269554138,-0.14070287346839905
38,9,-0.02376718819141388,-0.6070214509963989,-0.12426652759313583
38,10,-0.03789094090461731,-0.6462734341621399,-0.1313648223876953
38,11,-0.13838456571102142,-0.4459887742996216,-0.17354173958301544
38,12,-0.2704770267009735,-0.23381420969963074,-0.18143180012702942
38,13,-0.26774877309799194,-0.02368977665901184,-0.03715174272656441
38,14,0.19149744510650635,-0.43003517389297485,-0.1475135236978531
38,15,0.2820328176021576,-0.18845760822296143,-0.1893365979194641
38,16,0.24463194608688354,0.047004930675029755,-0.06329222023487091
39,0,0.0,0.0,0.0
39,1,0.1049237847328186,0.01647075265645981,-0.00816013291478157
39,2,0.08410711586475372,0.39056411385536194,0.18807822465896606
39,3,-1.9778963178396225e-05,0.7760471701622009,0.21297284960746765
39,4,-0.111101433634758,-0.009775722399353981,0.04864438623189926
39,5,-0.08095183223485947,0.39488449692726135,0.15391546487808228
39,6,0.0167602077126503,0.7700679302215576,0.1972426474094391
39,7,0.063619464635849,-0.22265346348285675,-0.10902947187423706
39,8,0.008709556423127651,-0.4995647668838501,-0.14304979145526886
39,9,-0.025659270584583282,-0.6155129075050354,-0.12617149949073792
39,10,-0.0403689444065094,-0.6680290102958679,-0.13474193215370178
39,11,-0.13289523124694824,-0.4484894871711731,-0.1822957992553711
39,12,-0.270643949508667,-0.2351791113615036,-0.19299820065498352
39,13,-0.2736544907093048,-0.019464580342173576,-0.05094752088189125
39,14,0.19631031155586243,-0.4369738698005676,-0.1468271017074585
39,15,0.2957887649536133,-0.20367029309272766,-0.1916840374469757
39,16,0.24987506866455078,0.026809195056557655,-0.05189838632941246
40,0,0.0,0.0,0.0
40,1,0.10897580534219742,0.012287726625800133,-0.004690386354923248
40,2,0.0811615064740181,0.39265814423561096,0.18711256980895996
40,3,-0.003913165535777807,0.7871079444885254,0.20052339136600494
40,4,-0.11776992678642273,-0.006535741500556469,0.04497184976935387
40,5,-0.08749215304851532,0.40073123574256897,0.14830848574638367
40,6,0.014415483921766281,0.7752165794372559,0.18800833821296692
40,7,0.06772452592849731,-0.22312116622924805,-0.10949449241161346
40,8,0.009253116324543953,-0.5093894004821777,-0.14886125922203064
40,9,-0.033065538853406906,-0.6250426769256592,-0.13213986158370972
40,10,-0.045903280377388,-0.6822648048400879,-0.1412346512079239
40,11,-0.12688106298446655,-0.4487406611442566,-0.19391638040542603
40,12,-0.2686809003353119,-0.23387497663497925,-0.20700430870056152
40,13,-0.27877235412597656,-0.013562958687543869,-0.06706780940294266
40,14,0.19664791226387024,-0.44291210174560547,-0.14586976170539856
40,15,0.30554836988449097,-0.21645011007785797,-0.19223478436470032
40,16,0.2539776563644409,0.00518522784113884,-0.037726640701293945
41,0,0.0,0.0,0.0
41,1,0.11412790417671204,0.011771177873015404,0.006802041083574295
41,2,0.08107325434684753,0.39932113885879517,0.18705269694328308
41,3,-0.005865524057298899,0.7992652654647827,0.1885959655046463
41,4,-0.12265089154243469,-0.004357301630079746,0.038446102291345596
41,5,-0.09100310504436493,0.40919023752212524,0.1417364776134491
41,6,0.012206954881548882,0.7895846962928772,0.17580467462539673
41,7,0.0733051672577858,-0.222702294588089,-0.10955573618412018
41,8,0.009832680225372314,-0.5059602856636047,-0.151780903339386
41,9,-0.03848395124077797,-0.6292577981948853,-0.13645172119140625
41,10,-0.05240621417760849,-0.689874529838562,-0.14740526676177979
41,11,-0.11967900395393372,-0.4469737410545349,-0.20544347167015076
41,12,-0.2603627145290375,-0.23050439357757568,-0.22658316791057587
41,13,-0.27968037128448486,-0.0029484983533620834,-0.08980365097522736
41,14,0.19664952158927917,-0.445335328578949,-0.14344142377376556
41,15,0.31495124101638794,-0.22184833884239197,-0.18568599224090576
41,16,0.26034021377563477,-0.011359581723809242,-0.019045686349272728
42,0,0.0,0.0,0.0
42,1,0.1147533431649208,0.011119658127427101,0.013094909489154816
42,2,0.08056053519248962,0.3967701196670532,0.1843721866607666
42,3,-0.006418769713491201,0.7995633482933044,0.18453748524188995
42,4,-0.12513014674186707,-0.002360138576477766,0.03579915314912796
42,5,-0.08837158977985382,0.4101892113685608,0.136299729347229
42,6,0.014249969273805618,0.7888491153717041,0.17520177364349365
42,7,0.07866978645324707,-0.22052353620529175,-0.10828381031751633
42,8,0.012792298570275307,-0.5015760660171509,-0.15357144176959991
42,9,-0.041986532509326935,-0.6293609738349915,-0.14015257358551025
42,10,-0.05601450800895691,-0.697689414024353,-0.1543184220790863
42,11,-0.11135253310203552,-0.4432867765426636,-0.21223223209381104
42,12,-0.2473020851612091,-0.22942565381526947,-0.2409394383430481
42,13,-0.26382994651794434,-0.0008147628977894783,-0.1041375994682312
42,14,0.19841262698173523,-0.4448671340942383,-0.14267504215240479
42,15,0.3225523829460144,-0.22702723741531372,-0.18215641379356384
42,16,0.2649345397949219,-0.025647491216659546,-0.007146241143345833
43,0,0.0,0.0,0.0
43,1,0.11372124403715134,0.012178853154182434,0.015963224694132805
43,2,0.08502983301877975,0.40107905864715576,0.18669022619724274
43,3,-0.002375317271798849,0.8047508001327515,0.18613702058792114
43,4,-0.1250702440738678,-0.002405121922492981,0.04228167608380318
43,5,-0.08799366652965546,0.4178025722503662,0.13574011623859406
43,6,0.013500332832336426,0.8062741160392761,0.1726691871881485
43,7,0.08486863970756531,-0.22140705585479736,-0.10813111066818237
43,8,0.016324413940310478,-0.5023550391197205,-0.15302085876464844
43,9,-0.04124061018228531,-0.6352981328964233,-0.14153456687927246
43,10,-0.05654902011156082,-0.7044905424118042,-0.15611311793327332
43,11,-0.10481574386358261,-0.44588297605514526,-0.21807217597961426
43,12,-0.24174988269805908,-0.22383853793144226,-0.2504839599132538
43,13,-0.26744845509529114,0.008031606674194336,-0.11378996074199677
43,14,0.20238840579986572,-0.4473675787448883,-0.14130714535713196
43,15,0.3338136076927185,-0.23080649971961975,-0.18223035335540771
43,16,0.27590450644493103,-0.033765241503715515,-0.0017448016442358494
44,0,0.0,0.0,0.0
44,1,0.10397354513406754,0.013030637055635452,0.009445153176784515
44,2,0.0844617486000061,0.4082917273044586,0.1751544177532196
44,3,0.0026744557544589043,0.8122321367263794,0.17507444322109222
44,4,-0.11453890800476074,-0.007358844392001629,0.0291702039539814
44,5,-0.0768989771604538,0.41799432039260864,0.12923270463943481
44,6,0.026171473786234856,0.7834450602531433,0.18579359352588654
44,7,0.09355432540178299,-0.2213236391544342,-0.10828640311956406
44,8,0.02783491276204586,-0.4981418550014496,-0.15445327758789062
44,9,-0.038164250552654266,-0.6353960633277893,-0.14801347255706787
44,10,-0.05616774410009384,-0.7255640029907227,-0.16830551624298096
44,11,-0.0747319906949997,-0.4517171382904053,-0.23042179644107819
44,12,-0.19063790142536163,-0.24012845754623413,-0.297177791595459
44,13,-0.21526701748371124,-0.00625157356262207,-0.21909691393375397
44,14,0.2053668200969696,-0.4529012441635132,-0.14011339843273163
44,15,0.34828343987464905,-0.23933950066566467,-0.18169616162776947
44,16,0.28918617963790894,-0.0434853732585907,0.003788221860304475
45,0,0.0,0.0,0.0
45,1,0.10426884144544601,0.009756021201610565,0.0049877651035785675
45,2,0.09297023713588715,0.41200751066207886,0.18049798905849457
45,3,0.010660475119948387,0.8215056657791138,0.18703632056713104
45,4,-0.11480364203453064,-0.0057406239211559296,0.0399402417242527
45,5,-0.08441133797168732,0.43335282802581787,0.12795469164848328
45,6,0.017101647332310677,0.8274599313735962,0.16803359985351562
45,7,0.09430558979511261,-0.2292618453502655,-0.10740873217582703
45,8,0.025942813605070114,-0.5068778991699219,-0.1498371958732605
45,9,-0.03991086035966873,-0.6493426561355591,-0.14148704707622528
45,10,-0.059177227318286896,-0.7342135906219482,-0.16106608510017395
45,11,-0.07915474474430084,-0.46247780323028564,-0.23056359589099884
45,12,-0.1986408531665802,-0.22538267076015472,-0.3078988194465637
45,13,-0.24068990349769592,0.012057147920131683,-0.21519814431667328
45,14,0.20283150672912598,-0.4666138291358948,-0.1303240805864334
45,15,0.35900750756263733,-0.2502780556678772,-0.17630308866500854
45,16,0.3024071455001831,-0.047199081629514694,0.009403454139828682
46,0,0.0,0.0,0.0
46,1,0.10249021649360657,0.008191810920834541,0.004045367240905762
46,2,0.09472924470901489,0.41984644532203674,0.17133134603500366
46,3,0.009906753897666931,0.8419821262359619,0.17896780371665955
46,4,-0.11058630049228668,-0.008600779809057713,0.037121422588825226
46,5,-0.09168500453233719,0.44061845541000366,0.12394124269485474
46,6,0.011318768374621868,0.8451296091079712,0.1593334823846817
46,7,0.08845150470733643,-0.2383565902709961,-0.11219021677970886
46,8,0.021347470581531525,-0.5201828479766846,-0.15677174925804138
46,9,-0.04597141966223717,-0.6652857661247253,-0.1508680284023285
46,10,-0.06572005152702332,-0.7669500112533569,-0.1732722371816635
46,11,-0.07406069338321686,-0.4762556850910187,-0.24146497249603271
46,12,-0.16201576590538025,-0.2504678964614868,-0.34468692541122437
46,13,-0.19398605823516846,-0.012707994319498539,-0.29040849208831787
46,14,0.19240088760852814,-0.4861406683921814,-0.13887423276901245
46,15,0.36372101306915283,-0.2620573043823242,-0.18821193277835846
46,16,0.3104328215122223,-0.0416337326169014,-0.006723165977746248
47,0,0.0,0.0,0.0
47,1,0.10789424180984497,0.008474101312458515,0.011381126940250397
47,2,0.09934230148792267,0.4237467348575592,0.1763315200805664
47,3,0.015173149295151234,0.8440606594085693,0.1828143447637558
47,4,-0.11278603971004486,-0.0038378341123461723,0.04616338759660721
47,5,-0.08902806043624878,0.4450092017650604,0.12452149391174316
47,6,0.009575298056006432,0.8525972366333008,0.15527015924453735
47,7,0.08292564749717712,-0.24216768145561218,-0.10876425355672836
47,8,0.015019462443888187,-0.5190457105636597,-0.14818136394023895
47,9,-0.0442981943488121,-0.663711428642273,-0.14072918891906738
47,10,-0.062102288007736206,-0.7639877796173096,-0.16224335134029388
47,11,-0.0948852077126503,-0.4759494364261627,-0.22981715202331543
47,12,-0.2032802402973175,-0.22153043746948242,-0.30812540650367737
47,13,-0.25527313351631165,0.016795849427580833,-0.21761922538280487
47,14,0.19286304712295532,-0.48739221692085266,-0.12918293476104736
47,15,0.3628289997577667,-0.26085275411605835,-0.17052263021469116
47,16,0.3216961920261383,-0.030614010989665985,0.0010704044252634048
48,0,0.0,0.0,0.0
48,1,0.10188345611095428,0.006140542216598988,0.0043744295835494995
48,2,0.10284988582134247,0.42692768573760986,0.16981272399425507
48,3,0.016866721212863922,0.8462069630622864,0.180540531873703
48,4,-0.11004489660263062,-0.006544684991240501,0.03797116503119469
48,5,-0.08596822619438171,0.44497257471084595,0.12395648658275604
48,6,0.009872335009276867,0.8533596992492676,0.1587100774049759
48,7,0.07692302763462067,-0.24958854913711548,-0.10962259024381638
48,8,0.011924286372959614,-0.5280047655105591,-0.15009208023548126
48,9,-0.04814216122031212,-0.6725143790245056,-0.14451953768730164
48,10,-0.064543217420578,-0.7765729427337646,-0.16640907526016235
48,11,-0.09038048982620239,-0.4847298562526703,-0.23042717576026917
48,12,-0.17978298664093018,-0.24668362736701965,-0.316628098487854
48,13,-0.22152243554592133,-0.008879851549863815,-0.250919908285141
48,14,0.18757577240467072,-0.5011242628097534,-0.135862335562706
48,15,0.36465734243392944,-0.2681894302368164,-0.17934760451316833
48,16,0.3300054669380188,-0.023494046181440353,-0.014592688530683517
49,0,0.0,0.0,0.0
49,1,0.1018388494849205,0.006131326779723167,0.00720561295747757
49,2,0.1078176274895668,0.4271567165851593,0.17332683503627777
49,3,0.01939350739121437,0.8461818695068359,0.18576711416244507
49,4,-0.11165954172611237,-0.004239068366587162,0.03999248892068863
49,5,-0.08503153175115585,0.4468488395214081,0.13063625991344452
49,6,0.009740517474710941,0.8510424494743347,0.16646790504455566
49,7,0.07025016844272614,-0.2549159824848175,-0.10573486983776093
49,8,0.009099227376282215,-0.5427321195602417,-0.13968020677566528
49,9,-0.04425431415438652,-0.6775238513946533,-0.13115587830543518
49,10,-0.05806306004524231,-0.7632816433906555,-0.14917299151420593
49,11,-0.10735613107681274,-0.4903193414211273,-0.21508848667144775
49,12,-0.21469806134700775,-0.2183746099472046,-0.2837192118167877
49,13,-0.268947958946228,0.01689547672867775,-0.17871806025505066
49,14,0.18876053392887115,-0.5053344964981079,-0.1281515508890152
49,15,0.36313357949256897,-0.27055656909942627,-0.17463357746601105
49,16,0.33758345246315,-0.015248773619532585,-0.023995114490389824
50,0,0.0,0.0,0.0
50,1,0.10476647317409515,0.004867086187005043,0.0143791064620018
50,2,0.11489207297563553,0.4347759485244751,0.17308726906776428
50,3,0.02894328534603119,0.8540101051330566,0.18845465779304504
50,4,-0.11282087862491608,-0.0029128300957381725,0.04482214152812958
50,5,-0.08366945385932922,0.452938973903656,0.13375121355056763
50,6,0.006347042974084616,0.8776516318321228,0.1536502242088318
50,7,0.06102476269006729,-0.26567643880844116,-0.10637231916189194
50,8,0.004611902870237827,-0.5581278800964355,-0.1347728669643402
50,9,-0.040909238159656525,-0.6871494650840759,-0.1250619739294052
50,10,-0.05208826810121536,-0.7752891778945923,-0.14433516561985016
50,11,-0.1170751228928566,-0.5079811811447144,-0.20438289642333984
50,12,-0.23073920607566833,-0.22379931807518005,-0.26898568868637085
50,13,-0.2859346270561218,0.013036780059337616,-0.15568846464157104
50,14,0.1856953203678131,-0.5230882167816162,-0.12960724532604218
50,15,0.36173170804977417,-0.27811312675476074,-0.18178874254226685
50,16,0.3531099259853363,-0.0036430498585104942,-0.04420996457338333
51,0,0.0,0.0,0.0
51,1,0.1100051999092102,0.003651278093457222,0.02162972092628479
51,2,0.11664986610412598,0.4392409324645996,0.18045984208583832
51,3,0.030429162085056305,0.8700739741325378,0.19710247218608856
51,4,-0.11788627505302429,-0.0004771556705236435,0.053362056612968445
51,5,-0.09281596541404724,0.4583508372306824,0.14398527145385742
51,6,-0.0003936770372092724,0.8982957601547241,0.14905469119548798
51,7,0.04861048609018326,-0.2773329019546509,-0.10897013545036316
51,8,-0.00028393976390361786,-0.5666359066963196,-0.12846985459327698
51,9,-0.037225980311632156,-0.6939510107040405,-0.11746113002300262
51,10,-0.04672088846564293,-0.7969124913215637,-0.14103791117668152
51,11,-0.1288186013698578,-0.5261592268943787,-0.18867045640945435
51,12,-0.2614615559577942,-0.23354411125183105,-0.2527451515197754
51,13,-0.3054655194282532,0.006255945190787315,-0.12944471836090088
51,14,0.1766759604215622,-0.5429245233535767,-0.1338258534669876
51,15,0.35262608528137207,-0.28395020961761475,-0.19668357074260712
51,16,0.35609686374664307,0.0029695257544517517,-0.0682249516248703
52,0,0.0,0.0,0.0
52,1,0.1196925938129425,0.008157647214829922,0.027479790151119232
52,2,0.1155547946691513,0.4407305419445038,0.1901271641254425
52,3,0.03030862659215927,0.8705978393554688,0.21236750483512878
52,4,-0.12388669699430466,0.0066260891035199165,0.07213341444730759
52,5,-0.10248216241598129,0.4620848596096039,0.15771183371543884
52,6,-0.007947155274450779,0.9057256579399109,0.15089207887649536
52,7,0.03052588552236557,-0.28426843881607056,-0.10991232097148895
52,8,-0.0038943402469158173,-0.5693873167037964,-0.12055759131908417
52,9,-0.03145324066281319,-0.6946632862091064,-0.10863776504993439
52,10,-0.04052707925438881,-0.8058227300643921,-0.13511958718299866
52,11,-0.142934188246727,-0.5377817153930664,-0.17150753736495972
52,12,-0.2799857258796692,-0.24351349472999573,-0.23973676562309265
52,13,-0.3030925989151001,-0.014525898732244968,-0.12264043092727661
52,14,0.16952337324619293,-0.5532322525978088,-0.1365187168121338
52,15,0.3402138352394104,-0.2851157784461975,-0.20966479182243347
52,16,0.3521772623062134,0.006718743592500687,-0.08729536831378937
53,0,0.0,0.0,0.0
53,1,0.11236013472080231,0.00515068881213665,0.0266810841858387
53,2,0.11491218209266663,0.4420391321182251,0.19001436233520508
53,3,0.03099120780825615,0.8767966032028198,0.21886788308620453
53,4,-0.12359470129013062,0.007860151119530201,0.06986091285943985
53,5,-0.09711838513612747,0.4679197669029236,0.15742868185043335
53,6,-0.00622330280020833,0.9179546236991882,0.15141165256500244
53,7,0.02932998165488243,-0.28581666946411133,-0.1094980537891388
53,8,-1.6884878277778625e-05,-0.5718007683753967,-0.11831873655319214
53,9,-0.029006317257881165,-0.6980111598968506,-0.10557767003774643
53,10,-0.03455132991075516,-0.7969129085540771,-0.12935876846313477
53,11,-0.13191933929920197,-0.5407819747924805,-0.17063778638839722
53,12,-0.26345095038414,-0.2575163245201111,-0.2583680748939514
53,13,-0.29832208156585693,-0.023555371910333633,-0.17417246103286743
53,14,0.16474902629852295,-0.5568175315856934,-0.13386507332324982
53,15,0.3382422626018524,-0.29072022438049316,-0.2171306312084198
53,16,0.3535405993461609,0.004869274795055389,-0.09203022718429565
54,0,0.0,0.0,0.0
54,1,0.10977548360824585,0.004050394520163536,0.0279855914413929
54,2,0.11472642421722412,0.44797223806381226,0.18686076998710632
54,3,0.029804140329360962,0.8796902298927307,0.22428900003433228
54,4,-0.12189974635839462,0.011774994432926178,0.0796910896897316
54,5,-0.09405503422021866,0.47570422291755676,0.16131286323070526
54,6,-0.00982095580548048,0.9209151268005371,0.14813841879367828
54,7,0.014393003657460213,-0.2894617021083832,-0.11373232305049896
54,8,-0.0005835741758346558,-0.5994397401809692,-0.12088176608085632
54,9,-0.026416171342134476,-0.7265123724937439,-0.11402305960655212
54,10,-0.024485457688570023,-0.805340051651001,-0.13327978551387787
54,11,-0.12947121262550354,-0.5542879104614258,-0.16863913834095
54,12,-0.2580229938030243,-0.27733200788497925,-0.27707263827323914
54,13,-0.2895831763744354,-0.04619886726140976,-0.2008749395608902
54,14,0.15873956680297852,-0.5714954733848572,-0.1415926218032837
54,15,0.3243391215801239,-0.29782259464263916,-0.24614596366882324
54,16,0.34997326135635376,0.0015268167480826378,-0.122094064950943
55,0,0.0,0.0,0.0
55,1,0.11780714243650436,0.005075199529528618,0.027109086513519287
55,2,0.11630221456289291,0.46058934926986694,0.17811493575572968
55,3,0.030338104814291,0.8880781531333923,0.21791118383407593
55,4,-0.1235649362206459,0.012499997392296791,0.089549720287323
55,5,-0.09309382736682892,0.4821379780769348,0.16253022849559784
55,6,-0.014636577107012272,0.930571436882019,0.15020307898521423
55,7,0.005760489962995052,-0.2935372591018677,-0.11317460238933563
55,8,0.004564146511256695,-0.5861509442329407,-0.11791054159402847
55,9,-0.017479494214057922,-0.7187402844429016,-0.11096502840518951
55,10,-0.022381555289030075,-0.8326588869094849,-0.1412779539823532
55,11,-0.12597879767417908,-0.5663943290710449,-0.169709712266922
55,12,-0.25782233476638794,-0.2927861213684082,-0.28828173875808716
55,13,-0.28970181941986084,-0.0644843801856041,-0.22979256510734558
55,14,0.1479223668575287,-0.581619143486023,-0.14672574400901794
55,15,0.3172625005245209,-0.3070768117904663,-0.26361560821533203
55,16,0.34604474902153015,-0.005029280669987202,-0.1455502212047577
56,0,0.0,0.0,0.0
56,1,0.06546162813901901,0.002473866567015648,0.021091919392347336
56,2,0.09404897689819336,0.41358691453933716,0.18589118123054504
56,3,0.018842346966266632,0.7896450161933899,0.2623484432697296
56,4,-0.07657142728567123,0.009522209875285625,0.06828160583972931
56,5,-0.040245719254016876,0.4382144510746002,0.16918638348579407
56,6,0.009777127765119076,0.8148787617683411,0.21617931127548218
56,7,0.013027900829911232,-0.2728515863418579,-0.11059408634901047
56,8,0.01435051765292883,-0.5484919548034668,-0.12815339863300323
56,9,0.002034472767263651,-0.6795967221260071,-0.1255359649658203
56,10,0.0016153380274772644,-0.7377347946166992,-0.1425527036190033
56,11,-0.06882142275571823,-0.510715126991272,-0.19898854196071625
56,12,0.015296409837901592,-0.2573587894439697,-0.3515077829360962
56,13,-0.07812830805778503,-0.06779728829860687,-0.41014495491981506
56,14,0.1253160834312439,-0.5328296422958374,-0.16145797073841095
56,15,0.2404317706823349,-0.26928985118865967,-0.307498037815094
56,16,0.2658730745315552,-0.0432884618639946,-0.19831648468971252
57,0,0.0,0.0,0.0
57,1,0.05436670407652855,0.0016412176191806793,0.025675524026155472
57,2,0.09232690930366516,0.42804405093193054,0.16568511724472046
57,3,0.013848233968019485,0.7893361449241638,0.26724427938461304
57,4,-0.06810266524553299,0.0120159313082695,0.07919120043516159
57,5,-0.02542375959455967,0.4527761936187744,0.15239298343658447
57,6,0.0038964184932410717,0.8302980661392212,0.2125372737646103
57,7,0.005225221626460552,-0.2744506001472473,-0.10976999253034592
57,8,0.01934497244656086,-0.5578902959823608,-0.12832805514335632
57,9,0.012185928411781788,-0.6942726373672485,-0.13414186239242554
57,10,0.008877331390976906,-0.7477381229400635,-0.15447664260864258
57,11,-0.0621875524520874,-0.5203070640563965,-0.20632925629615784
57,12,0.012468169443309307,-0.2670762538909912,-0.3719211220741272
57,13,-0.06126321107149124,-0.07758396863937378,-0.427513062953949
57,14,0.123609758913517,-0.5427778959274292,-0.16677941381931305
57,15,0.23488160967826843,-0.2814124822616577,-0.33012038469314575
57,16,0.2662971019744873,-0.06023140624165535,-0.25580763816833496
58,0,0.0,0.0,0.0
58,1,0.05798787623643875,-0.005794643424451351,0.027076799422502518
58,2,0.08702926337718964,0.4305209517478943,0.16052165627479553
58,3,0.016906240954995155,0.8125064969062805,0.25331395864486694
58,4,-0.06469367444515228,0.013599101454019547,0.08556240051984787
58,5,-0.009164969436824322,0.4663507342338562,0.13779853284358978
58,6,-0.001398216001689434,0.8700740933418274,0.18351823091506958
58,7,-0.005724598653614521,-0.2779429852962494,-0.1100330799818039
58,8,0.01831987127661705,-0.5789931416511536,-0.13033530116081238
58,9,0.01404584664851427,-0.7103082537651062,-0.13886308670043945
58,10,0.010806572623550892,-0.7743724584579468,-0.164892315864563
58,11,-0.06437177211046219,-0.5419544577598572,-0.20487064123153687
58,12,0.025246940553188324,-0.27548253536224365,-0.3772076964378357
58,13,-0.08122493326663971,-0.10391493886709213,-0.46438688039779663
58,14,0.11746812611818314,-0.5570690631866455,-0.17947664856910706
58,15,0.18350042402744293,-0.27628469467163086,-0.35992002487182617
58,16,0.247121661901474,-0.08218906819820404,-0.3292444050312042
59,0,0.0,0.0,0.0
59,1,0.04872538149356842,-0.009498193860054016,0.02346167340874672
59,2,0.07708677649497986,0.4693955183029175,0.12228481471538544
59,3,0.009939118288457394,0.872948169708252,0.21898514032363892
59,4,-0.061263129115104675,0.014341229572892189,0.10527147352695465
59,5,0.016554633155465126,0.5096359252929688,0.0921194851398468
59,6,-0.009283579885959625,0.9070267677307129,0.17030668258666992
59,7,-0.010788696818053722,-0.2869637608528137,-0.11058028042316437
59,8,0.0083534000441432,-0.6059863567352295,-0.1363697648048401
59,9,0.00532296858727932,-0.7367630004882812,-0.15615147352218628
59,10,0.0061143808998167515,-0.7839165329933167,-0.18359524011611938
59,11,-0.06891573965549469,-0.5672909021377563,-0.21498006582260132
59,12,0.062438204884529114,-0.2932574152946472,-0.40221327543258667
59,13,-0.03544008731842041,-0.12599977850914001,-0.5258204936981201
59,14,0.11314502358436584,-0.5760625600814819,-0.18410351872444153
59,15,0.2414017915725708,-0.3123847246170044,-0.37218812108039856
59,16,0.2923971712589264,-0.1215393990278244,-0.3198806345462799
60,0,0.0,0.0,0.0
60,1,-0.003772339317947626,-0.012287676334381104,0.044143177568912506
60,2,0.0025671571493148804,0.3204316794872284,0.22519005835056305
60,3,0.008786780759692192,0.62178635597229,0.32760196924209595
60,4,0.0036385515704751015,0.02863476797938347,0.09349890798330307
60,5,0.060873012989759445,0.32399168610572815,0.24131405353546143
60,6,0.048238709568977356,0.6327333450317383,0.3023107945919037
60,7,-0.03536023199558258,-0.2111944705247879,-0.08450531959533691
60,8,0.04405685514211655,-0.47528526186943054,-0.1319037675857544
60,9,0.06931999325752258,-0.5834717154502869,-0.1352907121181488
60,10,0.038098838180303574,-0.6386440992355347,-0.1525144726037979
60,11,-0.004065012559294701,-0.4070360064506531,-0.1624375879764557
60,12,-0.02098308876156807,-0.20970234274864197,-0.24459153413772583
60,13,-0.021893898025155067,-0.08696994185447693,-0.15897931158542633
60,14,0.1035374104976654,-0.4372780919075012,-0.1905561089515686
60,15,-0.06447381526231766,-0.12587139010429382,-0.27290114760398865
60,16,-0.03518548980355263,-0.12429113686084747,-0.38866472244262695
61,0,0.0,0.0,0.0
61,1,0.0076709589920938015,-0.007970412261784077,0.03751465678215027
61,2,-0.0019140318036079407,0.33060121536254883,0.22151914238929749
61,3,0.003640082199126482,0.6428773999214172,0.3245759606361389
61,4,-0.006874363869428635,0.02175820618867874,0.08497486263513565
61,5,0.04082696884870529,0.3330013155937195,0.23114900290966034
61,6,0.0352851077914238,0.66011643409729,0.28290027379989624
61,7,-0.0218697190284729,-0.21685659885406494,-0.1002442017197609
61,8,0.019698811694979668,-0.49086663126945496,-0.12024524062871933
61,9,0.026161890476942062,-0.6063506007194519,-0.13746820390224457
61,10,-0.000595607329159975,-0.7656295895576477,-0.20189429819583893
61,11,-0.034322865307331085,-0.4255371689796448,-0.1637328416109085
61,12,-0.05503321811556816,-0.2392292618751526,-0.24718117713928223
61,13,0.02423582226037979,-0.0757046490907669,-0.11492624133825302
61,14,0.10608363896608353,-0.44406527280807495,-0.1943083256483078
61,15,-0.016022775322198868,-0.14366114139556885,-0.29854118824005127
61,16,-0.08154241740703583,-0.1275312304496765,-0.4135083258152008
62,0,0.0,0.0,0.0
62,1,0.009499709121882915,-0.006625482812523842,0.038171492516994476
62,2,-0.0003338833339512348,0.3437911868095398,0.22577570378780365
62,3,-0.0015238244086503983,0.664085328578949,0.34672635793685913
62,4,-0.01016523689031601,0.020721126347780228,0.09106200933456421
62,5,0.03988164663314819,0.35007837414741516,0.23974400758743286
62,6,0.03547772392630577,0.6679452657699585,0.32895466685295105
62,7,-0.02418433502316475,-0.2255799025297165,-0.08665789663791656
62,8,0.04421134665608406,-0.48533719778060913,-0.12430429458618164
62,9,0.05653149262070656,-0.5977715253829956,-0.12157468497753143
62,10,0.031187579035758972,-0.6669450402259827,-0.14045166969299316
62,11,-0.06480548530817032,-0.4551156759262085,-0.16613155603408813
62,12,-0.1533815562725067,-0.2585015296936035,-0.2448291927576065
62,13,-0.08463995903730392,-0.08399678766727448,-0.09651515632867813
62,14,0.13462001085281372,-0.4406168758869171,-0.16819489002227783
62,15,0.060932427644729614,-0.18325543403625488,-0.30702638626098633
62,16,-0.06332708150148392,-0.1275281012058258,-0.4046310484409332
63,0,0.0,0.0,0.0
63,1,0.016502760350704193,-0.006151123903691769,0.03740909323096275
63,2,0.0017537196399644017,0.35014575719833374,0.2234097421169281
63,3,-0.003391019068658352,0.6636266708374023,0.33684682846069336
63,4,-0.01600963994860649,0.021027887240052223,0.09121007472276688
63,5,0.027490640059113503,0.3497844338417053,0.24328069388866425
63,6,0.03393245488405228,0.6678603887557983,0.32585614919662476
63,7,-0.013372209854424,-0.22865846753120422,-0.0947612076997757
63,8,0.027937892824411392,-0.5024482011795044,-0.12748044729232788
63,9,0.03463643416762352,-0.6062420606613159,-0.11989010870456696
63,10,0.022014830261468887,-0.6529038548469543,-0.1317833960056305
63,11,-0.06744969636201859,-0.45283758640289307,-0.16136452555656433
63,12,-0.14612004160881042,-0.2567417621612549,-0.2461124062538147
63,13,-0.06697843968868256,-0.07761605083942413,-0.10254007577896118
63,14,0.13707226514816284,-0.4515901803970337,-0.16067105531692505
63,15,0.11551129072904587,-0.18460816144943237,-0.2835007905960083
63,16,0.12739074230194092,-0.013513928279280663,-0.2896023392677307
64,0,0.0,0.0,0.0
64,1,0.041918545961380005,0.0009535113349556923,0.024094238877296448
64,2,0.027410391718149185,0.35126808285713196,0.22600378096103668
64,3,-0.003619357943534851,0.687343955039978,0.3311000168323517
64,4,-0.04440990835428238,0.01489954348653555,0.08691386133432388
64,5,-0.004302417393773794,0.35827723145484924,0.23353709280490875
64,6,0.02744152769446373,0.6886286735534668,0.3089345097541809
64,7,-0.0027092602103948593,-0.230415940284729,-0.0999637246131897
64,8,0.025781551375985146,-0.5018062591552734,-0.12246908247470856
64,9,0.0277780219912529,-0.6103088855743408,-0.10801828652620316
64,10,0.016923313960433006,-0.6642947196960449,-0.12242163717746735
64,11,-0.10233227908611298,-0.4639866054058075,-0.1499125361442566
64,12,-0.22412440180778503,-0.2590922713279724,-0.21630552411079407
64,13,-0.1928807944059372,-0.06616378575563431,-0.06696930527687073
64,14,0.1605757474899292,-0.4547201097011566,-0.15214072167873383
64,15,0.1915125548839569,-0.21622969210147858,-0.2734302878379822
64,16,0.19683194160461426,0.009205581620335579,-0.17404255270957947
65,0,0.0,0.0,0.0
65,1,0.0622987300157547,0.007071923464536667,0.007468845695257187
65,2,0.047429077327251434,0.3594645857810974,0.2204286903142929
65,3,-0.004167164210230112,0.7050151228904724,0.3082955479621887
65,4,-0.0653458684682846,0.009164748713374138,0.0796743780374527
65,5,-0.018313594162464142,0.3670753240585327,0.2231757640838623
65,6,0.021600861102342606,0.7091403007507324,0.2891252636909485
65,7,0.015601666644215584,-0.23137256503105164,-0.10493770241737366
65,8,0.014157162047922611,-0.5067706108093262,-0.1251402050256729
65,9,0.012942931614816189,-0.6134861707687378,-0.10784699022769928
65,10,0.008033578284084797,-0.6610645055770874,-0.11858197301626205
65,11,-0.11911080032587051,-0.4630993604660034,-0.14963720738887787
65,12,-0.2411099225282669,-0.2580549120903015,-0.20093590021133423
65,13,-0.215956449508667,-0.05412779748439789,-0.051060404628515244
65,14,0.17013612389564514,-0.45123445987701416,-0.1504983901977539
65,15,0.2163340300321579,-0.2114371806383133,-0.25030648708343506
65,16,0.2180100977420807,0.025285061448812485,-0.14507955312728882
66,0,0.0,0.0,0.0
66,1,0.08468367159366608,0.014578374102711678,-0.005666777491569519
66,2,0.05886427313089371,0.3702928423881531,0.21326199173927307
66,3,-0.007195848040282726,0.7237093448638916,0.27869296073913574
66,4,-0.08522442728281021,0.005338406190276146,0.07679805904626846
66,5,-0.05818518251180649,0.3760891556739807,0.2061079442501068
66,6,0.010573837906122208,0.7266016006469727,0.252297580242157
66,7,0.029451366513967514,-0.23073503375053406,-0.10464772582054138
66,8,-0.0006798370741307735,-0.498407244682312,-0.12542816996574402
66,9,-0.007774149999022484,-0.6061005592346191,-0.10678684711456299
66,10,-0.009393634274601936,-0.6593490242958069,-0.11715549230575562
66,11,-0.1350269913673401,-0.4556567966938019,-0.14919865131378174
66,12,-0.25299614667892456,-0.25238484144210815,-0.19364316761493683
66,13,-0.23126906156539917,-0.04348566010594368,-0.05173688754439354
66,14,0.16928252577781677,-0.44716566801071167,-0.146345853805542
66,15,0.22819820046424866,-0.20778965950012207,-0.23136010766029358
66,16,0.22549425065517426,0.0347401425242424,-0.1283707320690155
67,0,0.0,0.0,0.0
67,1,0.08751877397298813,0.014657068997621536,-0.007131151854991913
67,2,0.07468469440937042,0.37615451216697693,0.20522330701351166
67,3,0.002961418591439724,0.7368165850639343,0.26054924726486206
67,4,-0.09142765402793884,-0.003332831896841526,0.06799675524234772
67,5,-0.06524792313575745,0.38403892517089844,0.1904790699481964
67,6,0.014458157122135162,0.7387861609458923,0.2336968034505844
67,7,0.04107959195971489,-0.2294493019580841,-0.10607072710990906
67,8,-0.0025559253990650177,-0.4901898503303528,-0.1266685575246811
67,9,-0.013820208609104156,-0.602590799331665,-0.10721734166145325
67,10,-0.01229081116616726,-0.6601616144180298,-0.11969149112701416
67,11,-0.13419577479362488,-0.45633673667907715,-0.15891104936599731
67,12,-0.25059014558792114,-0.25163859128952026,-0.21146784722805023
67,13,-0.2161368578672409,-0.04186011478304863,-0.07490631192922592
67,14,0.17709262669086456,-0.4458014667034149,-0.14740145206451416
67,15,0.2485726773738861,-0.20862819254398346,-0.22555020451545715
67,16,0.23931169509887695,0.03189695626497269,-0.11346905678510666
68,0,0.0,0.0,0.0
68,1,0.10384529083967209,0.01665971241891384,0.0026538297533988953
68,2,0.08381585776805878,0.3864426016807556,0.1956685185432434
68,3,0.005495025310665369,0.7560951113700867,0.23166808485984802
68,4,-0.10694023966789246,-0.002829158678650856,0.06335566937923431
68,5,-0.08021097630262375,0.39946430921554565,0.1680326908826828
68,6,0.007543738931417465,0.7550803422927856,0.20346546173095703
68,7,0.050859905779361725,-0.22406069934368134,-0.10679742693901062
68,8,-0.017236605286598206,-0.47642433643341064,-0.13876573741436005
68,9,-0.0346752293407917,-0.5980975031852722,-0.12238356471061707
68,10,-0.026108043268322945,-0.6570641398429871,-0.1331726312637329
68,11,-0.13057416677474976,-0.4364052414894104,-0.1815205216407776
68,12,-0.2228918820619583,-0.24586546421051025,-0.22217044234275818
68,13,-0.17954421043395996,-0.03498027101159096,-0.10730403661727905
68,14,0.17030994594097137,-0.4374162554740906,-0.14958280324935913
68,15,0.2643413543701172,-0.19768384099006653,-0.19928964972496033
68,16,0.2458723783493042,0.03695152327418327,-0.08086720108985901
69,0,0.0,0.0,0.0
69,1,0.11795713007450104,0.012933040037751198,0.0044585298746824265
69,2,0.06994915753602982,0.38273417949676514,0.20911437273025513
69,3,-0.0073383706621825695,0.7619929313659668,0.24411578476428986
69,4,-0.1181013360619545,-0.002190020866692066,0.04917636513710022
69,5,-0.11860300600528717,0.3958567976951599,0.16802650690078735
69,6,-0.011064213700592518,0.7738173007965088,0.18358853459358215
69,7,0.05048610270023346,-0.23214802145957947,-0.1065894365310669
69,8,-0.01708116941154003,-0.5099701881408691,-0.13253313302993774
69,9,-0.041096895933151245,-0.6202143430709839,-0.11042006313800812
69,10,-0.03816349059343338,-0.6852638721466064,-0.12098483741283417
69,11,-0.15022562444210052,-0.4590342044830322,-0.1703796535730362
69,12,-0.27317553758621216,-0.25070720911026,-0.21692140400409698
69,13,-0.26306670904159546,-0.02364874631166458,-0.08173701167106628
69,14,0.17525121569633484,-0.4614868760108948,-0.14176230132579803
69,15,0.26503264904022217,-0.2299342006444931,-0.22330908477306366
69,16,0.23245398700237274,0.006846719421446323,-0.09564937651157379
70,0,0.0,0.0,0.0
70,1,0.12052953243255615,0.0120410630479455,0.010388752445578575
70,2,0.07994332164525986,0.38749268651008606,0.204770028591156
70,3,0.0008703703060746193,0.7776177525520325,0.22552156448364258
70,4,-0.12514963746070862,-0.001902200747281313,0.042510561645030975
70,5,-0.12172946333885193,0.405152827501297,0.14952893555164337
70,6,-0.008095953613519669,0.7787035703659058,0.17049694061279297
70,7,0.05947161465883255,-0.22946520149707794,-0.10572945326566696
70,8,-0.013477054424583912,-0.5126180648803711,-0.1378554105758667
70,9,-0.04165639355778694,-0.623760998249054,-0.11639179289340973
70,10,-0.039265260100364685,-0.6907403469085693,-0.12633885443210602
70,11,-0.14138571918010712,-0.45562416315078735,-0.18403682112693787
70,12,-0.2658497095108032,-0.2470674216747284,-0.2293248027563095
70,13,-0.26550787687301636,-0.015571956522762775,-0.09676533937454224
70,14,0.18350467085838318,-0.459558367729187,-0.14129237830638885
70,15,0.28404998779296875,-0.23282793164253235,-0.21520334482192993
70,16,0.2462579607963562,-0.002847054973244667,-0.07308877259492874
71,0,0.0,0.0,0.0
71,1,0.12376733124256134,0.012359773740172386,0.021499713882803917
71,2,0.07717389613389969,0.39539432525634766,0.19790823757648468
71,3,0.0009808181785047054,0.7892089486122131,0.2131204903125763
71,4,-0.13063538074493408,0.00038827210664749146,0.03717247396707535
71,5,-0.12274781614542007,0.41432511806488037,0.13799384236335754
71,6,-0.01563972234725952,0.7919185161590576,0.1560336947441101
71,7,0.06289315223693848,-0.22674988210201263,-0.10682331025600433
71,8,-0.019393566995859146,-0.49952322244644165,-0.1451505422592163
71,9,-0.05512337386608124,-0.6222999095916748,-0.12533819675445557
71,10,-0.05303923785686493,-0.6919006109237671,-0.1357497125864029
71,11,-0.13881120085716248,-0.4490850269794464,-0.19837793707847595
71,12,-0.25316816568374634,-0.24937933683395386,-0.2617974281311035
71,13,-0.22133192420005798,-0.013494689017534256,-0.13908830285072327
71,14,0.1766892969608307,-0.4560658037662506,-0.14140261709690094
71,15,0.2904856204986572,-0.23069053888320923,-0.20469604432582855
71,16,0.24612142145633698,-0.011357713490724564,-0.0500289723277092
72,0,0.0,0.0,0.0
72,1,0.1266484558582306,0.01185942254960537,0.024847984313964844
72,2,0.0794651061296463,0.40005871653556824,0.19641360640525818
72,3,0.0049241334199905396,0.7934568524360657,0.2112956941127777
72,4,-0.13233834505081177,0.0006272373721003532,0.034748952835798264
72,5,-0.12344031035900116,0.4218500256538391,0.12544995546340942
72,6,-0.018858473747968674,0.8165282011032104,0.13773293793201447
72,7,0.06971143186092377,-0.2260115146636963,-0.10830840468406677
72,8,-0.01578948087990284,-0.509090781211853,-0.1514332890510559
72,9,-0.05715842545032501,-0.6301977634429932,-0.1321854591369629
72,10,-0.057862505316734314,-0.7002569437026978,-0.14245575666427612
72,11,-0.13339285552501678,-0.45041945576667786,-0.21097370982170105
72,12,-0.25152868032455444,-0.24629953503608704,-0.2788773775100708
72,13,-0.24012935161590576,-0.008518247865140438,-0.16468258202075958
72,14,0.18223504722118378,-0.4596920609474182,-0.14272275567054749
72,15,0.30390745401382446,-0.23554277420043945,-0.19900789856910706
72,16,0.2533053755760193,-0.02546798810362816,-0.03309125453233719
73,0,0.0,0.0,0.0
73,1,0.12462294101715088,0.01088825985789299,0.02417946606874466
73,2,0.07986912131309509,0.40111199021339417,0.1941351294517517
73,3,0.010929790325462818,0.8000662922859192,0.21179327368736267
73,4,-0.1332000195980072,0.0028301505371928215,0.03736593946814537
73,5,-0.11860094964504242,0.4288843870162964,0.12013988196849823
73,6,-0.019514882937073708,0.8299079537391663,0.13490664958953857
73,7,0.07567191123962402,-0.22457772493362427,-0.10863027721643448
73,8,-0.012105317786335945,-0.5072087645530701,-0.15530553460121155
73,9,-0.05830816924571991,-0.6328682899475098,-0.13808035850524902
73,10,-0.06307043135166168,-0.7029253244400024,-0.14900828897953033
73,11,-0.12341009080410004,-0.45001494884490967,-0.2224668264389038
73,12,-0.23552367091178894,-0.24402260780334473,-0.2988452911376953
73,13,-0.217268168926239,-0.005112337879836559,-0.19607704877853394
73,14,0.18489161133766174,-0.45714983344078064,-0.14242734014987946
73,15,0.31475499272346497,-0.23463210463523865,-0.19745147228240967
73,16,0.2584722638130188,-0.0328422449529171,-0.0213315486907959
74,0,0.0,0.0,0.0
74,1,0.11925166845321655,0.010058371350169182,0.018886229023337364
74,2,0.06605100631713867,0.4000888764858246,0.17926135659217834
74,3,0.017357436940073967,0.7887741327285767,0.20784395933151245
74,4,-0.128947451710701,0.004814267158508301,0.03885484114289284
74,5,-0.09132454544305801,0.4272426664829254,0.12075725197792053
74,6,-0.017359603196382523,0.7994371056556702,0.15921226143836975
74,7,0.07797311246395111,-0.2201240360736847,-0.10436752438545227
74,8,-0.0180894173681736,-0.4829140901565552,-0.16047263145446777
74,9,-0.07338599860668182,-0.6182209253311157,-0.14746274054050446
74,10,-0.07311399281024933,-0.7043130397796631,-0.16036276519298553
74,11,-0.09480636566877365,-0.4394761323928833,-0.22832231223583221
74,12,-0.11943523585796356,-0.2592836618423462,-0.28167229890823364
74,13,0.13448305428028107,-0.04910658299922943,-0.17289409041404724
74,14,0.1584707647562027,-0.4534093141555786,-0.134995236992836
74,15,0.3141219913959503,-0.2293790578842163,-0.17129559814929962
74,16,0.26027482748031616,-0.04014897719025612,0.007838718593120575
75,0,0.0,0.0,0.0
75,1,0.11229252070188522,0.008001554757356644,0.009304884821176529
75,2,0.08737435936927795,0.40692073106765747,0.18590590357780457
75,3,0.02755352109670639,0.8052299618721008,0.2214151918888092
75,4,-0.1247788667678833,0.002632373943924904,0.04212981089949608
75,5,-0.09915607422590256,0.4432154595851898,0.1114814355969429
75,6,-0.0127068180590868,0.8473342657089233,0.12862758338451385
75,7,0.08857578039169312,-0.2280731499195099,-0.10274049639701843
75,8,0.0011828233255073428,-0.5084007978439331,-0.151937335729599
75,9,-0.0577240064740181,-0.6375996470451355,-0.13758520781993866
75,10,-0.07480472326278687,-0.7066956758499146,-0.14994478225708008
75,11,-0.08950211852788925,-0.4598295986652374,-0.23556149005889893
75,12,-0.1626611351966858,-0.24618595838546753,-0.3459164798259735
75,13,-0.12871786952018738,-0.008690101094543934,-0.269787460565567
75,14,0.19093959033489227,-0.46503978967666626,-0.12956206500530243
75,15,0.34125399589538574,-0.24427613615989685,-0.18491512537002563
75,16,0.2823635935783386,-0.0449247807264328,-0.0019276691600680351
76,0,0.0,0.0,0.0
76,1,0.10899396985769272,0.008103187195956707,0.008597906678915024
76,2,0.06466289609670639,0.41282594203948975,0.17849016189575195
76,3,0.017619071528315544,0.8080291748046875,0.2238459587097168
76,4,-0.11494371294975281,0.0004371004179120064,0.04043728858232498
76,5,-0.09710229933261871,0.4466700553894043,0.10909457504749298
76,6,-0.023292478173971176,0.8353090286254883,0.13941583037376404
76,7,0.07669879496097565,-0.2358238846063614,-0.10371488332748413
76,8,-0.01973431184887886,-0.5072237253189087,-0.1566576361656189
76,9,-0.07857681810855865,-0.6434887647628784,-0.14565658569335938
76,10,-0.0793730840086937,-0.7421374917030334,-0.16329878568649292
76,11,-0.08808735013008118,-0.4648541808128357,-0.23267477750778198
76,12,-0.029603272676467896,-0.27875638008117676,-0.32627153396606445
76,13,0.19113609194755554,-0.04290250688791275,-0.23182916641235352
76,14,0.15087388455867767,-0.4837615489959717,-0.13098137080669403
76,15,0.3247564435005188,-0.25341588258743286,-0.18127496540546417
76,16,0.27219706773757935,-0.04492393881082535,-0.007489783223718405
77,0,0.0,0.0,0.0
77,1,0.09047126770019531,0.00533275306224823,-0.0005097389221191406
77,2,0.04694771394133568,0.4231448471546173,0.16815945506095886
77,3,0.0006074924021959305,0.8169913291931152,0.23276053369045258
77,4,-0.10304595530033112,0.0038187187165021896,0.05588836222887039
77,5,-0.11158551275730133,0.45409825444221497,0.10421737283468246
77,6,-0.03936025872826576,0.8498600125312805,0.14682839810848236
77,7,0.06039223074913025,-0.24593551456928253,-0.11065264046192169
77,8,-0.040803439915180206,-0.5170797109603882,-0.16028067469596863
77,9,-0.09866052865982056,-0.6608734130859375,-0.15199780464172363
77,10,-0.09743921458721161,-0.7608004808425903,-0.1708531677722931
77,11,-0.10269978642463684,-0.47486788034439087,-0.23458918929100037
77,12,0.06295891106128693,-0.27768218517303467,-0.3524310290813446
77,13,0.19435179233551025,-0.03839341178536415,-0.2714921832084656
77,14,0.12399797141551971,-0.5066235065460205,-0.14418403804302216
77,15,0.312807559967041,-0.2655298113822937,-0.20678122341632843
77,16,0.26142096519470215,-0.0414191409945488,-0.031725816428661346
78,0,0.0,0.0,0.0
78,1,0.0870230495929718,0.008355773985385895,0.009757164865732193
78,2,0.07842515408992767,0.4205129146575928,0.17397958040237427
78,3,0.027468742802739143,0.8198367357254028,0.229447141289711
78,4,-0.09584934264421463,-0.0020177066326141357,0.03950320929288864
78,5,-0.08966147899627686,0.45164191722869873,0.10939142107963562
78,6,-0.014724299311637878,0.845761775970459,0.1510743349790573
78,7,0.07944177091121674,-0.24569310247898102,-0.09921153634786606
78,8,-0.010761518031358719,-0.5291000008583069,-0.1504175364971161
78,9,-0.0702284723520279,-0.6641967296600342,-0.13939343392848969
78,10,-0.0775134265422821,-0.7438790798187256,-0.15368343889713287
78,11,-0.07756858319044113,-0.48543673753738403,-0.2266218364238739
78,12,-0.007423268631100655,-0.2875581383705139,-0.34309250116348267
78,13,0.19593071937561035,-0.04112308472394943,-0.2608393430709839
78,14,0.15827324986457825,-0.507137656211853,-0.13194729387760162
78,15,0.34391680359840393,-0.26944321393966675,-0.1872333288192749
78,16,0.30253201723098755,-0.04066828265786171,-0.019262615591287613
79,0,0.0,0.0,0.0
79,1,0.08635587990283966,0.007423613220453262,0.011688381433486938
79,2,0.07946455478668213,0.4247628450393677,0.1702396720647812
79,3,0.031999096274375916,0.8192955255508423,0.23034682869911194
79,4,-0.09493304789066315,-0.00227421335875988,0.04116865247488022
79,5,-0.09014683216810226,0.4527498483657837,0.11275309324264526
79,6,-0.014930416829884052,0.8493317365646362,0.14864270389080048
79,7,0.07558581233024597,-0.24911010265350342,-0.09530799090862274
79,8,-0.012872973456978798,-0.5310471057891846,-0.14239031076431274
79,9,-0.06918468326330185,-0.6652289032936096,-0.13195796310901642
79,10,-0.07249084860086441,-0.760009229183197,-0.15078532695770264
79,11,-0.08307567983865738,-0.493740439414978,-0.21971407532691956
79,12,-0.0077285561710596085,-0.2756699323654175,-0.3352966010570526
79,13,0.15047554671764374,-0.0403689369559288,-0.2716676592826843
79,14,0.1555469036102295,-0.5132358074188232,-0.12598545849323273
79,15,0.3435130715370178,-0.27399158477783203,-0.18120956420898438
79,16,0.3091362714767456,-0.03646225482225418,-0.01991681195795536
80,0,0.0,0.0,0.0
80,1,0.09438780695199966,0.008393789641559124,0.014901608228683472
80,2,0.11350104212760925,0.4303448796272278,0.17668110132217407
80,3,0.0465603768825531,0.8374671936035156,0.22462956607341766
80,4,-0.10189278423786163,-0.0011376990005373955,0.054055891931056976
80,5,-0.07449869811534882,0.45662248134613037,0.1251945197582245
80,6,-0.0024477452971041203,0.8783485889434814,0.14312121272087097
80,7,0.07561424374580383,-0.2581712603569031,-0.09627317637205124
80,8,0.005448593758046627,-0.5589138269424438,-0.130422443151474
80,9,-0.040633924305438995,-0.6766927242279053,-0.11494497954845428
80,10,-0.04835551604628563,-0.7512187361717224,-0.13055920600891113
80,11,-0.09472844004631042,-0.5171380043029785,-0.2049882709980011
80,12,-0.21768668293952942,-0.25113192200660706,-0.2955557107925415
80,13,-0.24572791159152985,0.0063069770112633705,-0.20463013648986816
80,14,0.18905127048492432,-0.5209512710571289,-0.12239730358123779
80,15,0.37084299325942993,-0.28399765491485596,-0.17557670176029205
80,16,0.3488558530807495,-0.019495368003845215,-0.023413756862282753
81,0,0.0,0.0,0.0
81,1,0.10332061350345612,0.011884117498993874,0.020010527223348618
81,2,0.12549349665641785,0.43995994329452515,0.17523713409900665
81,3,0.052001968026161194,0.8610942959785461,0.223935067653656
81,4,-0.11210200190544128,-0.0014801844954490662,0.05730060487985611
81,5,-0.07496997714042664,0.46234026551246643,0.13628025352954865
81,6,-0.0006023473106324673,0.8964889049530029,0.1466655284166336
81,7,0.06438653916120529,-0.27034586668014526,-0.10237246751785278
81,8,0.007169574033468962,-0.5836470723152161,-0.12637393176555634
81,9,-0.030255930498242378,-0.6918504238128662,-0.1102295070886612
81,10,-0.03193313255906105,-0.7641338109970093,-0.1262052059173584
81,11,-0.10760827362537384,-0.5402862429618835,-0.1874735951423645
81,12,-0.2513866424560547,-0.2562215030193329,-0.26282554864883423
81,13,-0.2885020077228546,0.007451348938047886,-0.14605142176151276
81,14,0.19134975969791412,-0.5446735620498657,-0.1280328333377838
81,15,0.36990171670913696,-0.2916055917739868,-0.1888120323419571
81,16,0.3631635308265686,-0.006363501772284508,-0.04832509905099869
82,0,0.0,0.0,0.0
82,1,0.11283217370510101,0.01650274731218815,0.020649515092372894
82,2,0.12712900340557098,0.44341039657592773,0.17693109810352325
82,3,0.05089516192674637,0.8689215183258057,0.22769203782081604
82,4,-0.11717730760574341,0.0004032878205180168,0.067099928855896
82,5,-0.0770764946937561,0.46701371669769287,0.14074639976024628
82,6,-0.0038633476942777634,0.9033118486404419,0.147263765335083
82,7,0.05078588426113129,-0.2792472839355469,-0.10514131188392639
82,8,0.006658096332103014,-0.5740655660629272,-0.12059028446674347
82,9,-0.023259693756699562,-0.6863165497779846,-0.10338794440031052
82,10,-0.019471440464258194,-0.7841074466705322,-0.12629912793636322
82,11,-0.1236114576458931,-0.547915518283844,-0.17456139624118805
82,12,-0.2666729688644409,-0.2614661455154419,-0.25256261229515076
82,13,-0.2784944772720337,-0.011944543570280075,-0.1483510583639145
82,14,0.18574769794940948,-0.5496500134468079,-0.13138838112354279
82,15,0.3630082309246063,-0.286579966545105,-0.1958048939704895
82,16,0.3615928590297699,-0.00018101464956998825,-0.055294737219810486
83,0,0.0,0.0,0.0
83,1,0.11503463983535767,0.018028656020760536,0.021344300359487534
83,2,0.131515771150589,0.4500879645347595,0.1755768209695816
83,3,0.05387798324227333,0.8788653612136841,0.2289784699678421
83,4,-0.12165025621652603,0.0011180257424712181,0.06722653657197952
83,5,-0.07118411362171173,0.4762416481971741,0.13867442309856415
83,6,-0.0008278670720756054,0.9178287982940674,0.1491721272468567
83,7,0.04240484908223152,-0.28327858448028564,-0.10623760521411896
83,8,0.013618594035506248,-0.5744298696517944,-0.116422139108181
83,9,-0.012354480102658272,-0.6894686818122864,-0.09764575958251953
83,10,-0.012428703717887402,-0.7886984944343567,-0.12300556898117065
83,11,-0.11551564186811447,-0.5566607713699341,-0.16925348341464996
83,12,-0.2711009681224823,-0.2725874185562134,-0.25451603531837463
83,13,-0.2840467691421509,-0.027778716757893562,-0.1749618649482727
83,14,0.18478429317474365,-0.5576137900352478,-0.13223305344581604
83,15,0.3602938652038574,-0.2939183712005615,-0.21153265237808228
83,16,0.3597792387008667,-0.0007713725790381432,-0.06727331876754761
84,0,0.0,0.0,0.0
84,1,0.11715897917747498,0.022874385118484497,0.027274731546640396
84,2,0.14282283186912537,0.4585661292076111,0.1721469610929489
84,3,0.0555669367313385,0.8967682123184204,0.22606219351291656
84,4,-0.12470845878124237,0.0008968431502580643,0.06753294914960861
84,5,-0.06840074062347412,0.4881015121936798,0.1393313854932785
84,6,-0.0017943382263183594,0.9402857422828674,0.14364507794380188
84,7,0.03703366965055466,-0.28861695528030396,-0.10931533575057983
84,8,0.014929631724953651,-0.5997822284698486,-0.11706212908029556
84,9,-0.00788692757487297,-0.7170361280441284,-0.10353955626487732
84,10,-0.006891419179737568,-0.7974141836166382,-0.12505069375038147
84,11,-0.11129613220691681,-0.5665940642356873,-0.16838312149047852
84,12,-0.25434356927871704,-0.28596818447113037,-0.2747613191604614
84,13,-0.26255226135253906,-0.04843137413263321,-0.2089819759130478
84,14,0.1887401044368744,-0.5678310394287109,-0.13491827249526978
84,15,0.3622741401195526,-0.29658243060112,-0.22622928023338318
84,16,0.3628302216529846,0.0006767837330698967,-0.07788467407226562
85,0,0.0,0.0,0.0
85,1,0.11171456426382065,0.021753791719675064,0.0301068015396595
85,2,0.13770952820777893,0.45919275283813477,0.16946610808372498
85,3,0.05646158754825592,0.8892076015472412,0.22921571135520935
85,4,-0.11264583468437195,-0.0006926236674189568,0.07091163843870163
85,5,-0.057663679122924805,0.49204084277153015,0.12775813043117523
85,6,-0.00020744791254401207,0.9330319166183472,0.14506329596042633
85,7,0.03033982776105404,-0.2892729640007019,-0.11193403601646423
85,8,0.028461288660764694,-0.5814478397369385,-0.11787192523479462
85,9,0.008839454501867294,-0.7052778005599976,-0.10327062010765076
85,10,0.0017197970300912857,-0.7940975427627563,-0.12963058054447174
85,11,-0.10251158475875854,-0.5667437314987183,-0.1738559603691101
85,12,-0.23151417076587677,-0.29326364398002625,-0.29377731680870056
85,13,-0.23791450262069702,-0.06370669603347778,-0.23708608746528625
85,14,0.1841033697128296,-0.5666713714599609,-0.142074853181839
85,15,0.3502453863620758,-0.2952626347541809,-0.2454925924539566
85,16,0.3496760129928589,-0.010220416821539402,-0.09330949187278748
86,0,0.0,0.0,0.0
86,1,0.04691467434167862,-0.0005767717957496643,0.024288829416036606
86,2,0.09186188131570816,0.43898075819015503,0.15319250524044037
86,3,0.031199727207422256,0.8244805932044983,0.25873830914497375
86,4,-0.05570482462644577,0.008285030722618103,0.07280158251523972
86,5,-0.011983818374574184,0.4722404479980469,0.11961235105991364
86,6,0.00878995843231678,0.8537415862083435,0.20778045058250427
86,7,0.02407771348953247,-0.2705414891242981,-0.11928260326385498
86,8,0.03027098998427391,-0.5549266934394836,-0.1435895562171936
86,9,0.015080436132848263,-0.6950288414955139,-0.14795124530792236
86,10,0.008631023578345776,-0.7605445384979248,-0.16723141074180603
86,11,-0.06644092500209808,-0.5249281525611877,-0.21276673674583435
86,12,0.020237525925040245,-0.2728217840194702,-0.3832123577594757
86,13,-0.016089074313640594,-0.08260767161846161,-0.44442057609558105
86,14,0.15167877078056335,-0.5304820537567139,-0.16852039098739624
86,15,0.26515501737594604,-0.24984461069107056,-0.3062985837459564
86,16,0.26567041873931885,-0.039543744176626205,-0.18866261839866638
87,0,0.0,0.0,0.0
87,1,0.05379020422697067,0.0011234506964683533,0.024780239909887314
87,2,0.09983944892883301,0.4475049674510956,0.14843428134918213
87,3,0.033351294696331024,0.8472167253494263,0.2451724261045456
87,4,-0.06440474092960358,0.0064134132117033005,0.0775795727968216
87,5,-0.008577273227274418,0.48808395862579346,0.10719887912273407
87,6,0.00646635377779603,0.8851393461227417,0.1881657838821411
87,7,0.023575715720653534,-0.2785657048225403,-0.12080571055412292
87,8,0.03577267378568649,-0.5608527660369873,-0.13963423669338226
87,9,0.01924547553062439,-0.7067819833755493,-0.14389343559741974
87,10,0.010165521875023842,-0.7876949906349182,-0.16856081783771515
87,11,-0.06636680662631989,-0.5395159125328064,-0.21353688836097717
87,12,-0.004260635003447533,-0.2890804409980774,-0.3923419415950775
87,13,-0.06841284036636353,-0.09283248335123062,-0.43432003259658813
87,14,0.16258904337882996,-0.539535403251648,-0.16510775685310364
87,15,0.29852110147476196,-0.26278311014175415,-0.2996797561645508
87,16,0.2914111316204071,-0.036347173154354095,-0.15995895862579346
88,0,0.0,0.0,0.0
88,1,0.07989099621772766,0.013150930404663086,0.026991549879312515
88,2,0.12308625876903534,0.4746125638484955,0.15151441097259521
88,3,0.042572200298309326,0.9003459215164185,0.21838150918483734
88,4,-0.08444949984550476,-0.00474652461707592,0.08100450783967972
88,5,-0.01342861633747816,0.5222110748291016,0.0935530811548233
88,6,-0.001598374918103218,0.9571061134338379,0.1532595306634903
88,7,0.023075632750988007,-0.3016161620616913,-0.11818960309028625
88,8,0.028494250029325485,-0.6004644632339478,-0.13237053155899048
88,9,0.01036040484905243,-0.7371799945831299,-0.13770198822021484
88,10,0.006911484524607658,-0.815380334854126,-0.1678287386894226
88,11,-0.07185067236423492,-0.5831112861633301,-0.20414236187934875
88,12,0.01131562702357769,-0.3152424097061157,-0.41333794593811035
88,13,-0.023001739755272865,-0.11699695140123367,-0.5101059675216675
88,14,0.17329531908035278,-0.5727133750915527,-0.16471673548221588
88,15,0.334724485874176,-0.2883297801017761,-0.30991131067276
88,16,0.3231295347213745,-0.06158999353647232,-0.17718055844306946
89,0,0.0,0.0,0.0
89,1,0.039156995713710785,-0.004759691655635834,0.02454032376408577
89,2,0.08833218365907669,0.4527836740016937,0.1352379471063614
89,3,0.024922451004385948,0.8501201272010803,0.23037919402122498
89,4,-0.05054255574941635,0.010755522176623344,0.08667072653770447
89,5,0.017872026190161705,0.5086474418640137,0.08690055459737778
89,6,0.0010230904445052147,0.898542582988739,0.17333337664604187
89,7,0.015423034317791462,-0.2767321467399597,-0.12267833948135376
89,8,0.03543856367468834,-0.5666011571884155,-0.14539480209350586
89,9,0.02819576859474182,-0.7099655866622925,-0.1586708426475525
89,10,0.014462805353105068,-0.7828012108802795,-0.18509545922279358
89,11,-0.06933644413948059,-0.5448610782623291,-0.21813763678073883
89,12,0.006115838885307312,-0.287541002035141,-0.4022862911224365
89,13,-0.04245757311582565,-0.10328960418701172,-0.47351497411727905
89,14,0.16184157133102417,-0.5387226343154907,-0.1776343584060669
89,15,0.2851721942424774,-0.2564718425273895,-0.3259321451187134
89,16,0.27779948711395264,-0.056187987327575684,-0.2155582159757614
90,0,0.0,0.0,0.0
90,1,-0.004148627631366253,-0.008194960653781891,0.037032801657915115
90,2,-0.01521560549736023,0.36611539125442505,0.18841250240802765
90,3,-0.004761742427945137,0.6741020679473877,0.29012930393218994
90,4,0.008490832522511482,0.026421181857585907,0.08869607001543045
90,5,0.030893119052052498,0.37287259101867676,0.20978686213493347
90,6,0.03851473331451416,0.6665610671043396,0.3154824376106262
90,7,-0.001230546971783042,-0.21376380324363708,-0.10543589293956757
90,8,0.028378862887620926,-0.4849659204483032,-0.14089824259281158
90,9,0.026341428980231285,-0.6013122797012329,-0.1542608141899109
90,10,0.0045364173129200935,-0.7458828687667847,-0.2120702862739563
90,11,-0.055081143975257874,-0.42744332551956177,-0.18511319160461426
90,12,-0.1379593014717102,-0.23703831434249878,-0.2657085359096527
90,13,-0.15432122349739075,-0.07620606571435928,-0.10373304039239883
90,14,0.1061629205942154,-0.42438000440597534,-0.21310344338417053
90,15,-0.06813095510005951,-0.11942391842603683,-0.30279412865638733
90,16,-0.07875329256057739,-0.0790681391954422,-0.42621326446533203
91,0,0.0,0.0,0.0
91,1,0.005015946924686432,-0.00984167866408825,0.03712879866361618
91,2,-0.007586276158690453,0.3726234436035156,0.19868089258670807
91,3,-0.0027311048470437527,0.6969151496887207,0.31531041860580444
91,4,-0.0018912618979811668,0.02412986196577549,0.0878482460975647
91,5,0.02588951773941517,0.3853187561035156,0.21730221807956696
91,6,0.03855887055397034,0.6959402561187744,0.33863136172294617
91,7,-0.011177724227309227,-0.22452062368392944,-0.10080382227897644
91,8,0.05139700695872307,-0.4849512279033661,-0.14156022667884827
91,9,0.05949455127120018,-0.604310154914856,-0.13648979365825653
91,10,0.037319064140319824,-0.6975654363632202,-0.16415435075759888
91,11,-0.06758971512317657,-0.45958763360977173,-0.17028990387916565
91,12,-0.1828838288784027,-0.24859404563903809,-0.23752495646476746
91,13,-0.15779423713684082,-0.08761774748563766,-0.07439707219600677
91,14,0.13459405303001404,-0.4308604598045349,-0.19605320692062378
91,15,-0.008442211896181107,-0.147925466299057,-0.2970946729183197
91,16,-0.10221634060144424,-0.08266432583332062,-0.3945974111557007
92,0,0.0,0.0,0.0
92,1,0.029937850311398506,-0.006449693813920021,0.023016873747110367
92,2,0.03932539373636246,0.3625639081001282,0.20326079428195953
92,3,-0.01572374999523163,0.6950235366821289,0.30378079414367676
92,4,-0.0249768178910017,0.022974960505962372,0.08857851475477219
92,5,-0.0017996001988649368,0.3807196617126465,0.21878980100154877
92,6,0.01771785318851471,0.694188117980957,0.32967114448547363
92,7,-0.013073129579424858,-0.22514379024505615,-0.10312721133232117
92,8,0.03971366584300995,-0.4770269989967346,-0.13532809913158417
92,9,0.04445579648017883,-0.5975725650787354,-0.12999778985977173
92,10,0.024546314030885696,-0.6798703670501709,-0.15345478057861328
92,11,-0.09398507326841354,-0.46280789375305176,-0.1712304651737213
92,12,-0.23133063316345215,-0.25422537326812744,-0.22100120782852173
92,13,-0.2176995724439621,-0.07625869661569595,-0.04471786320209503
92,14,0.14096879959106445,-0.4342637062072754,-0.18381717801094055
92,15,0.10801693797111511,-0.18709814548492432,-0.3148171603679657
92,16,0.008523747324943542,-0.05360417068004608,-0.37261390686035156
93,0,0.0,0.0,0.0
93,1,0.036337412893772125,-0.00635351100936532,0.02645834907889366
93,2,0.031109724193811417,0.3695812523365021,0.2045510709285736
93,3,-0.00844520702958107,0.7008740305900574,0.30196136236190796
93,4,-0.03484798222780228,0.020561199635267258,0.09120869636535645
93,5,0.00019640428945422173,0.3807466924190521,0.2267533391714096
93,6,0.026741575449705124,0.6991418600082397,0.3302430808544159
93,7,-0.005745941307395697,-0.22836512327194214,-0.10397951304912567
93,8,0.04531868174672127,-0.49216049909591675,-0.1286068558692932
93,9,0.04713711142539978,-0.6060748100280762,-0.11750069260597229
93,10,0.030167602002620697,-0.6815216541290283,-0.13764262199401855
93,11,-0.09893268346786499,-0.4749191999435425,-0.1581263542175293
93,12,-0.24842718243598938,-0.2613919973373413,-0.19556370377540588
93,13,-0.23142047226428986,-0.0757368728518486,-0.02427770383656025
93,14,0.16493463516235352,-0.4463889002799988,-0.16369454562664032
93,15,0.1886802762746811,-0.21341104805469513,-0.29493850469589233
93,16,0.18370941281318665,0.0016390318050980568,-0.22235287725925446
94,0,0.0,0.0,0.0
94,1,0.05126601457595825,-0.001933729276061058,0.01605544239282608
94,2,0.0529559850692749,0.36431464552879333,0.2062218189239502
94,3,-0.009358089417219162,0.7092024683952332,0.29742246866226196
94,4,-0.05214410275220871,0.016061600297689438,0.08476638048887253
94,5,-0.012974312528967857,0.3770119249820709,0.22030523419380188
94,6,0.021017521619796753,0.711938202381134,0.31944385170936584
94,7,0.006488877814263105,-0.23054955899715424,-0.10974954813718796
94,8,0.03897888958454132,-0.5017194747924805,-0.13275618851184845
94,9,0.034241605550050735,-0.6159047484397888,-0.117719367146492
94,10,0.021598124876618385,-0.6779289841651917,-0.13281449675559998
94,11,-0.1098552867770195,-0.47474193572998047,-0.16079004108905792
94,12,-0.25310999155044556,-0.25799867510795593,-0.19321148097515106
94,13,-0.24101710319519043,-0.06686181575059891,-0.0264279842376709
94,14,0.17482775449752808,-0.4499717056751251,-0.16304150223731995
94,15,0.2056349366903305,-0.21125468611717224,-0.2775757312774658
94,16,0.2037816345691681,0.01572091318666935,-0.17185650765895844
95,0,0.0,0.0,0.0
95,1,0.06166756898164749,0.0030837487429380417,0.007482744753360748
95,2,0.062017038464546204,0.3687526285648346,0.2032165229320526
95,3,-0.008909890428185463,0.7182677388191223,0.2844778895378113
95,4,-0.06339794397354126,0.010317140258848667,0.07849407941102982
95,5,-0.02446489781141281,0.377998024225235,0.21454647183418274
95,6,0.01831895485520363,0.7171366214752197,0.3039638102054596
95,7,0.020421110093593597,-0.2308257520198822,-0.1112625002861023
95,8,0.03304888680577278,-0.5064827799797058,-0.1336432248353958
95,9,0.021239425987005234,-0.6202593445777893,-0.11820748448371887
95,10,0.013491175137460232,-0.6741471290588379,-0.12940622866153717
95,11,-0.11588677018880844,-0.470590740442276,-0.16202133893966675
95,12,-0.252515971660614,-0.25603657960891724,-0.19440092146396637
95,13,-0.24454233050346375,-0.05832377448678017,-0.03265223279595375
95,14,0.18052378296852112,-0.44919440150260925,-0.1602039933204651
95,15,0.21800941228866577,-0.20721252262592316,-0.2606739103794098
95,16,0.2153697907924652,0.0241409782320261,-0.1435893476009369
96,0,0.0,0.0,0.0
96,1,0.07471731305122375,0.011135242879390717,-0.00564618781208992
96,2,0.07335779070854187,0.37868577241897583,0.19219204783439636
96,3,-0.006942985113710165,0.7366874814033508,0.2549479007720947
96,4,-0.07987599074840546,0.0018484406173229218,0.0747089758515358
96,5,-0.03830239176750183,0.3826158940792084,0.201943501830101
96,6,0.016047893092036247,0.7321443557739258,0.2724742889404297
96,7,0.04030361771583557,-0.22932830452919006,-0.11025115847587585
96,8,0.026932772248983383,-0.5004344582557678,-0.13484707474708557
96,9,0.00689594866707921,-0.6169635057449341,-0.11969882249832153
96,10,0.0074061863124370575,-0.6640884876251221,-0.1283327341079712
96,11,-0.12008756399154663,-0.4610137343406677,-0.16640377044677734
96,12,-0.2447448968887329,-0.24597856402397156,-0.20391035079956055
96,13,-0.23827651143074036,-0.03993968665599823,-0.05449822172522545
96,14,0.1861604005098343,-0.4434223771095276,-0.15693235397338867
96,15,0.23650242388248444,-0.19899523258209229,-0.2387416511774063
96,16,0.22849410772323608,0.036478474736213684,-0.11330412328243256
97,0,0.0,0.0,0.0
97,1,0.08550602197647095,0.01641608215868473,-0.014057561755180359
97,2,0.08489471673965454,0.3860587775707245,0.1842491775751114
97,3,-0.0025918297469615936,0.7485812902450562,0.22914178669452667
97,4,-0.09194076061248779,-0.005399332847446203,0.07114653289318085
97,5,-0.05262626335024834,0.39016538858413696,0.18772166967391968
97,6,0.017293132841587067,0.7413498163223267,0.24578219652175903
97,7,0.05773612856864929,-0.22700074315071106,-0.11286857724189758
97,8,0.026009391993284225,-0.4915255904197693,-0.14097657799720764
97,9,0.0015761475078761578,-0.6122421026229858,-0.12978202104568481
97,10,0.007332034409046173,-0.6538140773773193,-0.1372007578611374
97,11,-0.10911472141742706,-0.44885581731796265,-0.18285426497459412
97,12,-0.21078747510910034,-0.23805350065231323,-0.23182345926761627
97,13,-0.21588462591171265,-0.014584970660507679,-0.10201466828584671
97,14,0.19171206653118134,-0.4354431927204132,-0.1606643795967102
97,15,0.2549692392349243,-0.19298285245895386,-0.23342615365982056
97,16,0.23718178272247314,0.03989075496792793,-0.10138630867004395
98,0,0.0,0.0,0.0
98,1,0.0896894633769989,0.018648317083716393,-0.012637481093406677
98,2,0.08617943525314331,0.39083969593048096,0.18182498216629028
98,3,0.0005304967053234577,0.7501804232597351,0.22144541144371033
98,4,-0.09533508121967316,-0.006709557957947254,0.071060910820961
98,5,-0.05616430938243866,0.3964399993419647,0.18758824467658997
98,6,0.01776251010596752,0.739102840423584,0.23849020898342133
98,7,0.06357713043689728,-0.22510170936584473,-0.11382832378149033
98,8,0.02349560335278511,-0.4874267578125,-0.14303642511367798
98,9,-0.0054745785892009735,-0.608623743057251,-0.13224519789218903
98,10,0.004859466105699539,-0.6518361568450928,-0.13997280597686768
98,11,-0.10567327588796616,-0.44520288705825806,-0.1890166997909546
98,12,-0.19928285479545593,-0.23425976932048798,-0.24011307954788208
98,13,-0.2077154815196991,-0.00670887716114521,-0.11365166306495667
98,14,0.19191992282867432,-0.4335193932056427,-0.16055697202682495
98,15,0.2617868185043335,-0.19213923811912537,-0.2303258776664734
98,16,0.23921597003936768,0.034729745239019394,-0.09400990605354309
99,0,0.0,0.0,0.0
99,1,0.09386196732521057,0.017771130427718163,-0.010848872363567352
99,2,0.08919824659824371,0.3916870951652527,0.18549612164497375
99,3,-0.0002745664678514004,0.7705948948860168,0.21274670958518982
99,4,-0.10137532651424408,-0.008779603987932205,0.06113632768392563
99,5,-0.07040747255086899,0.3908705711364746,0.17726930975914001
99,6,0.015693608671426773,0.7596521377563477,0.2231377810239792
99,7,0.06699372082948685,-0.22424934804439545,-0.10714391618967056
99,8,0.016572564840316772,-0.49445396661758423,-0.13461934030056
99,9,-0.015174631029367447,-0.6181269288063049,-0.12042225897312164
99,10,-0.004422780591994524,-0.6755250096321106,-0.13047276437282562
99,11,-0.10940662771463394,-0.4559117257595062,-0.1874227523803711
99,12,-0.21231071650981903,-0.24017758667469025,-0.247749462723732
99,13,-0.23398907482624054,-0.015429627150297165,-0.11986317485570908
99,14,0.1945095658302307,-0.44619303941726685,-0.14608410000801086
99,15,0.28253841400146484,-0.2100059986114502,-0.2152642458677292
99,16,0.2500983774662018,0.0193188413977623,-0.07298827916383743
100,0,0.0,0.0,0.0
100,1,0.09971675276756287,0.0141542237251997,-0.009609542787075043
100,2,0.08846351504325867,0.3931482434272766,0.18321065604686737
100,3,0.004047834780067205,0.7792603969573975,0.2027612328529358
100,4,-0.10813964903354645,-0.007033064030110836,0.05233287066221237
100,5,-0.07648814469575882,0.39667558670043945,0.16828127205371857
100,6,0.015745265409350395,0.762067437171936,0.21237275004386902
100,7,0.0742427185177803,-0.2244747430086136,-0.1045737937092781
100,8,0.009912320412695408,-0.5071605443954468,-0.13993433117866516
100,9,-0.03004581667482853,-0.6228421926498413,-0.12347618490457535
100,10,-0.014634013175964355,-0.6806792616844177,-0.13129784166812897
100,11,-0.09876953810453415,-0.45841073989868164,-0.2006720006465912
100,12,-0.19945919513702393,-0.24237091839313507,-0.2775735557079315
100,13,-0.2233932614326477,-0.012867611832916737,-0.1709006428718567
100,14,0.19284409284591675,-0.45417165756225586,-0.139360249042511
100,15,0.29967015981674194,-0.223003089427948,-0.2078854888677597
100,16,0.2545010447502136,-0.005988556891679764,-0.05041007697582245
101,0,0.0,0.0,0.0
101,1,0.10202298313379288,0.013475986197590828,-0.005069822072982788
101,2,0.08839671313762665,0.39811018109321594,0.1827746033668518
101,3,0.007733447011560202,0.7903361320495605,0.19869635999202728
101,4,-0.11287014931440353,-0.005130499601364136,0.0453401580452919
101,5,-0.08344630897045135,0.4049137532711029,0.15823936462402344
101,6,0.013603493571281433,0.7765885591506958,0.19876788556575775
101,7,0.08324632793664932,-0.22166413068771362,-0.10338343679904938
101,8,0.004420341923832893,-0.5018675923347473,-0.149139404296875
101,9,-0.045472800731658936,-0.6245385408401489,-0.13501380383968353
101,10,-0.0307166688144207,-0.6852951049804688,-0.14266179502010345
101,11,-0.08294899761676788,-0.4550240933895111,-0.21438494324684143
101,12,-0.1576641947031021,-0.2502168118953705,-0.31069839000701904
101,13,-0.15206122398376465,-0.009249440394341946,-0.24331951141357422
101,14,0.18853828310966492,-0.45542657375335693,-0.13879314064979553
101,15,0.31209972500801086,-0.22347679734230042,-0.1968916654586792
101,16,0.26022815704345703,-0.018789663910865784,-0.024788873270154
102,0,0.0,0.0,0.0
102,1,0.11342546343803406,0.01102471724152565,0.009513605386018753
102,2,0.08496483415365219,0.4039091467857361,0.1880938857793808
102,3,0.0031475182622671127,0.8032481670379639,0.19662056863307953
102,4,-0.12097275257110596,-0.0035504517145454884,0.03841010853648186
102,5,-0.09258761256933212,0.41168010234832764,0.15324454009532928
102,6,0.007597440853714943,0.7928528785705566,0.18819966912269592
102,7,0.08270102739334106,-0.2238095998764038,-0.10642851144075394
102,8,-0.0034634964540600777,-0.5025510787963867,-0.14960746467113495
102,9,-0.05535805597901344,-0.628090500831604,-0.13554516434669495
102,10,-0.04429924488067627,-0.6984968185424805,-0.14566919207572937
102,11,-0.09065267443656921,-0.4550122916698456,-0.2255813032388687
102,12,-0.15900787711143494,-0.25061672925949097,-0.32995766401290894
102,13,-0.18489912152290344,-0.006255215033888817,-0.26834824681282043
102,14,0.18196827173233032,-0.46104323863983154,-0.13097360730171204
102,15,0.3203316330909729,-0.23030905425548553,-0.18449950218200684
102,16,0.2618758976459503,-0.03266771137714386,-0.004868073854595423
103,0,0.0,0.0,0.0
103,1,0.11297529935836792,0.010271658189594746,0.009364616125822067
103,2,0.08465703576803207,0.4024459719657898,0.1842101514339447
103,3,0.0036558853462338448,0.795552134513855,0.1943989396095276
103,4,-0.12178738415241241,-0.0017442950047552586,0.04014870524406433
103,5,-0.09120923280715942,0.41323739290237427,0.14967957139015198
103,6,0.005175461061298847,0.8025752305984497,0.18609678745269775
103,7,0.08643122762441635,-0.22260618209838867,-0.1045120432972908
103,8,-0.005568476859480143,-0.5033226609230042,-0.15273234248161316
103,9,-0.06194307655096054,-0.6271644830703735,-0.13956736028194427
103,10,-0.053338296711444855,-0.698503851890564,-0.14991071820259094
103,11,-0.08510833233594894,-0.45373833179473877,-0.23069027066230774
103,12,-0.13579602539539337,-0.2529858946800232,-0.34018242359161377
103,13,-0.14902064204216003,-0.005548218265175819,-0.2949177622795105
103,14,0.17953556776046753,-0.4609746038913727,-0.12940703332424164
103,15,0.32704663276672363,-0.23086467385292053,-0.17615392804145813
103,16,0.2671740651130676,-0.03915739431977272,0.009564757347106934
104,0,0.0,0.0,0.0
104,1,0.10413796454668045,0.009272456169128418,0.011359963566064835
104,2,0.0692393034696579,0.40162909030914307,0.17213156819343567
104,3,0.021719850599765778,0.7900751829147339,0.18904350697994232
104,4,-0.12110011279582977,0.001774714794009924,0.033590249717235565
104,5,-0.06742513179779053,0.41484200954437256,0.13893015682697296
104,6,0.005002785939723253,0.7814137935638428,0.18442530930042267
104,7,0.09904128313064575,-0.21286790072917938,-0.0994085818529129
104,8,-0.014780823141336441,-0.4683510661125183,-0.16099411249160767
104,9,-0.09894227981567383,-0.6003129482269287,-0.15502911806106567
104,10,-0.10209387540817261,-0.6691462993621826,-0.16324898600578308
104,11,-0.03506346419453621,-0.4445350170135498,-0.24284212291240692
104,12,0.11382205039262772,-0.2663733959197998,-0.3440019488334656
104,13,0.19449487328529358,-0.013790535740554333,-0.27291980385780334
104,14,0.15844351053237915,-0.445774108171463,-0.12266667187213898
104,15,0.33538439869880676,-0.22026941180229187,-0.13439780473709106
104,16,0.27843809127807617,-0.056564103811979294,0.06496017426252365
105,0,0.0,0.0,0.0
105,1,0.09356541931629181,0.011316068470478058,0.002623237669467926
105,2,0.09095092117786407,0.39531564712524414,0.17531493306159973
105,3,0.014532126486301422,0.7893967628479004,0.19079048931598663
105,4,-0.10689321905374527,-0.002134216483682394,0.0433519184589386
105,5,-0.05717649310827255,0.41558724641799927,0.14053283631801605
105,6,0.018717456609010696,0.7827855348587036,0.19061698019504547
105,7,0.10740926861763,-0.21814963221549988,-0.09431958943605423
105,8,0.0023606601171195507,-0.4855917692184448,-0.15170295536518097
105,9,-0.08055844902992249,-0.6151119470596313,-0.14646071195602417
105,10,-0.08324312418699265,-0.6943057179450989,-0.15858258306980133
105,11,-0.02996930666267872,-0.4540364146232605,-0.23325136303901672
105,12,0.10288660228252411,-0.2719639539718628,-0.3472881615161896
105,13,0.20240619778633118,-0.0210961252450943,-0.28295785188674927
105,14,0.17753484845161438,-0.4583744704723358,-0.11897699534893036
105,15,0.35798513889312744,-0.23377853631973267,-0.1405058652162552
105,16,0.30179524421691895,-0.05681202560663223,0.05371170863509178
106,0,0.0,0.0,0.0
106,1,0.10742779076099396,0.008382100611925125,0.006882872432470322
106,2,0.07176128029823303,0.41096585988998413,0.17931288480758667
106,3,0.022879136726260185,0.8094453811645508,0.1957671046257019
106,4,-0.11696556210517883,-0.0029793893918395042,0.03958194702863693
106,5,-0.06786683201789856,0.42731261253356934,0.13324421644210815
106,6,0.0032710409723222256,0.8089938759803772,0.17083407938480377
106,7,0.09255804866552353,-0.22685746848583221,-0.1003044992685318
106,8,-0.00947576854377985,-0.4950554668903351,-0.15748684108257294
106,9,-0.0864991620182991,-0.6270943284034729,-0.15094907581806183
106,10,-0.08853937685489655,-0.7238340377807617,-0.16658034920692444
106,11,-0.04461850970983505,-0.4661479592323303,-0.2413741648197174
106,12,0.1343316286802292,-0.27360302209854126,-0.3482542634010315
106,13,0.19228236377239227,-0.0275995135307312,-0.3228324055671692
106,14,0.1573161482810974,-0.46930235624313354,-0.12112152576446533
106,15,0.34637951850891113,-0.2359255999326706,-0.14082571864128113
106,16,0.28517529368400574,-0.04967221990227699,0.04450099915266037
107,0,0.0,0.0,0.0
107,1,0.09367279708385468,0.007977677509188652,-0.0005999132990837097
107,2,0.08111143857240677,0.40883222222328186,0.18421009182929993
107,3,0.02052895538508892,0.812322735786438,0.21063876152038574
107,4,-0.1029709056019783,-0.005306776147335768,0.04306480288505554
107,5,-0.06080050766468048,0.4276978075504303,0.13850803673267365
107,6,0.010373502969741821,0.8155429363250732,0.18429262936115265
107,7,0.09485849738121033,-0.2309555560350418,-0.10190075635910034
107,8,0.001341857248917222,-0.5051230192184448,-0.15374523401260376
107,9,-0.07207545638084412,-0.6369892358779907,-0.1443362534046173
107,10,-0.07716915011405945,-0.7261570692062378,-0.15888892114162445
107,11,-0.038855575025081635,-0.4725796580314636,-0.23415756225585938
107,12,0.1633838713169098,-0.2738686800003052,-0.3427828252315521
107,13,0.23226596415042877,-0.026827311143279076,-0.2993074655532837
107,14,0.1656225323677063,-0.4817706346511841,-0.12537214159965515
107,15,0.3580849766731262,-0.24082694947719574,-0.15250882506370544
107,16,0.299282968044281,-0.04020591452717781,0.027836157009005547
108,0,0.0,0.0,0.0
108,1,0.09621541202068329,0.007694032974541187,-0.0014542490243911743
108,2,0.0675276592373848,0.41371071338653564,0.18070673942565918
108,3,0.0187959223985672,0.8160388469696045,0.2047571986913681
108,4,-0.10554592311382294,-0.004289844073355198,0.04389898106455803
108,5,-0.07183945924043655,0.43083325028419495,0.13423092663288116
108,6,-0.0016549347201362252,0.8234308958053589,0.17267176508903503
108,7,0.08645246922969818,-0.23331844806671143,-0.10235673934221268
108,8,-0.00814041681587696,-0.5042914748191833,-0.1568870097398758
108,9,-0.08208385109901428,-0.6358164548873901,-0.14873918890953064
108,10,-0.08645351231098175,-0.7351841330528259,-0.16558313369750977
108,11,-0.04144372418522835,-0.47254323959350586,-0.23387600481510162
108,12,0.2048855423927307,-0.26486361026763916,-0.31581372022628784
108,13,0.2648566961288452,-0.02443273365497589,-0.2804547846317291
108,14,0.15080639719963074,-0.4863806366920471,-0.12726278603076935
108,15,0.34607285261154175,-0.23924235999584198,-0.14657390117645264
108,16,0.2903972864151001,-0.03430962562561035,0.03038051351904869
109,0,0.0,0.0,0.0
109,1,0.08706086128950119,0.008724171668291092,-0.0008408166468143463
109,2,0.07086056470870972,0.4135808050632477,0.18083877861499786
109,3,0.017549827694892883,0.813391923904419,0.20790964365005493
109,4,-0.09720300883054733,-0.005061962641775608,0.04219268634915352
109,5,-0.08065555989742279,0.42767012119293213,0.13779617846012115
109,6,0.002253124024719,0.8187950849533081,0.17450189590454102
109,7,0.08318517357110977,-0.23456181585788727,-0.10124844312667847
109,8,-0.0014319769106805325,-0.5091403722763062,-0.15039074420928955
109,9,-0.07013936340808868,-0.6367011666297913,-0.13818274438381195
109,10,-0.08325164020061493,-0.7193154692649841,-0.15310746431350708
109,11,-0.0507098063826561,-0.4767302870750427,-0.22810888290405273
109,12,0.14828139543533325,-0.26598918437957764,-0.33271440863609314
109,13,0.21661683917045593,-0.02454405277967453,-0.28745996952056885
109,14,0.1550401747226715,-0.4913007318973541,-0.12541158497333527
109,15,0.34626734256744385,-0.24155190587043762,-0.14840754866600037
109,16,0.3001127541065216,-0.024221185594797134,0.020439108833670616
110,0,0.0,0.0,0.0
110,1,0.0845845639705658,0.0035408223047852516,0.013317402452230453
110,2,0.08896994590759277,0.4148225486278534,0.18996471166610718
110,3,0.023790821433067322,0.8077791929244995,0.22403787076473236
110,4,-0.09139125049114227,-0.003181587904691696,0.05653788149356842
110,5,-0.061120226979255676,0.43512436747550964,0.1447267383337021
110,6,0.013126257807016373,0.8201901316642761,0.19554182887077332
110,7,0.05888495594263077,-0.24638089537620544,-0.11338704079389572
110,8,0.015287216752767563,-0.5369873046875,-0.1416943073272705
110,9,-0.019972067326307297,-0.662813663482666,-0.1282447874546051
110,10,-0.029127072542905807,-0.7415419816970825,-0.1438281536102295
110,11,-0.08241277933120728,-0.49350816011428833,-0.22301200032234192
110,12,-0.13153114914894104,-0.27505213022232056,-0.33297938108444214
110,13,0.007296063005924225,-0.055864639580249786,-0.2996590733528137
110,14,0.1625756025314331,-0.5115593671798706,-0.13773822784423828
110,15,0.3318154215812683,-0.254036545753479,-0.19149473309516907
110,16,0.29911381006240845,-0.013530589640140533,-0.03436752408742905
111,0,0.0,0.0,0.0
111,1,0.08974971622228622,0.0015718992799520493,0.020366288721561432
111,2,0.10505032539367676,0.4214320182800293,0.18886059522628784
111,3,0.03195155784487724,0.8177933692932129,0.23435121774673462
111,4,-0.09258632361888885,-0.0027452316135168076,0.06538797169923782
111,5,-0.06842952966690063,0.4445609450340271,0.1485913246870041
111,6,0.016481909900903702,0.8383041620254517,0.19794636964797974
111,7,0.03835436329245567,-0.2595917284488678,-0.11631344258785248
111,8,0.028649192303419113,-0.5388168692588806,-0.1281805783510208
111,9,0.02344558760523796,-0.6646072864532471,-0.11284209787845612
111,10,0.01001617033034563,-0.7756471633911133,-0.13968268036842346
111,11,-0.10018488764762878,-0.5174523591995239,-0.20629671216011047
111,12,-0.19793182611465454,-0.2710750699043274,-0.31887364387512207
111,13,-0.21262845396995544,-0.04624198377132416,-0.2598511576652527
111,14,0.16767117381095886,-0.5310994982719421,-0.14033672213554382
111,15,0.32521408796310425,-0.26822328567504883,-0.22181692719459534
111,16,0.29973292350769043,-0.0066928137093782425,-0.0714983195066452
112,0,0.0,0.0,0.0
112,1,0.08746731281280518,-0.0019031735137104988,0.03186080604791641
112,2,0.10175661742687225,0.4215708076953888,0.18935763835906982
112,3,0.030024200677871704,0.8147309422492981,0.24965307116508484
112,4,-0.09058065712451935,0.0014023780822753906,0.08185440301895142
112,5,-0.08501318097114563,0.4457763433456421,0.1553492248058319
112,6,0.01103474386036396,0.8399107456207275,0.2041478455066681
112,7,0.006755500566214323,-0.2667545676231384,-0.11808780580759048
112,8,0.028699034824967384,-0.5656810402870178,-0.12969183921813965
112,9,0.04530727490782738,-0.6871737241744995,-0.12010116130113602
112,10,0.026552410796284676,-0.7851501703262329,-0.14562386274337769
112,11,-0.12053199112415314,-0.5340802669525146,-0.20100277662277222
112,12,-0.2206677794456482,-0.28141218423843384,-0.3132757544517517
112,13,-0.24211640655994415,-0.0633748471736908,-0.25275683403015137
112,14,0.1623537838459015,-0.5413109660148621,-0.15226170420646667
112,15,0.3019128739833832,-0.2705313563346863,-0.2547634243965149
112,16,0.2902362644672394,-0.007076583802700043,-0.11517813056707382
113,0,0.0,0.0,0.0
113,1,0.08381183445453644,-0.000925765372812748,0.029974140226840973
113,2,0.10639098286628723,0.4244641065597534,0.18427228927612305
113,3,0.031423963606357574,0.8261973857879639,0.24142169952392578
113,4,-0.09286753088235855,0.0020664185285568237,0.08205492794513702
113,5,-0.0766410306096077,0.45144468545913696,0.15248309075832367
113,6,0.011778387241065502,0.8518588542938232,0.19785580039024353
113,7,0.005655393004417419,-0.2706281542778015,-0.11587212979793549
113,8,0.0361175499856472,-0.5573022365570068,-0.1246681809425354
113,9,0.05554690584540367,-0.6858660578727722,-0.11554712057113647
113,10,0.03732603043317795,-0.7877621054649353,-0.1429048627614975
113,11,-0.1130312830209732,-0.5328320860862732,-0.19472132623195648
113,12,-0.22393128275871277,-0.2844947576522827,-0.30447614192962646
113,13,-0.22776664793491364,-0.07723234593868256,-0.25542163848876953
113,14,0.16392801702022552,-0.5458521842956543,-0.15200088918209076
113,15,0.30435875058174133,-0.2764229476451874,-0.2651136517524719
113,16,0.29475146532058716,-0.009088297374546528,-0.12902304530143738
114,0,0.0,0.0,0.0
114,1,0.08110249042510986,-0.0018143048509955406,0.0297173410654068
114,2,0.11265736818313599,0.4305536448955536,0.17604926228523254
114,3,0.030207186937332153,0.8341648578643799,0.2369261533021927
114,4,-0.08978784084320068,0.002541252411901951,0.07921003550291061
114,5,-0.06543848663568497,0.4574950933456421,0.14649659395217896
114,6,0.011906944215297699,0.8593918085098267,0.19518178701400757
114,7,0.0012783448910340667,-0.2743603587150574,-0.11674889922142029
114,8,0.0412156842648983,-0.5553076267242432,-0.12544676661491394
114,9,0.06568243354558945,-0.6939043402671814,-0.11947410553693771
114,10,0.041803475469350815,-0.8092913031578064,-0.15160557627677917
114,11,-0.11126669496297836,-0.5407066941261292,-0.196217879652977
114,12,-0.2122580111026764,-0.2942653000354767,-0.32009756565093994
114,13,-0.21168139576911926,-0.08898097276687622,-0.2736750543117523
114,14,0.16464127600193024,-0.5533381700515747,-0.1570034772157669
114,15,0.30059146881103516,-0.28088289499282837,-0.28521522879600525
114,16,0.28351688385009766,-0.013962989673018456,-0.1613127440214157
115,0,0.0,0.0,0.0
115,1,0.08801941573619843,0.0009745452553033829,0.03213930502533913
115,2,0.11330345273017883,0.4433678388595581,0.17276182770729065
115,3,0.02048172987997532,0.8467831611633301,0.2380647212266922
115,4,-0.09426285326480865,0.0020388681441545486,0.09751977026462555
115,5,-0.06818077713251114,0.4716227650642395,0.15121957659721375
115,6,0.006739247124642134,0.8651862144470215,0.20030814409255981
115,7,-0.007596729323267937,-0.28056150674819946,-0.1145753264427185
115,8,0.03674519807100296,-0.5651408433914185,-0.12613838911056519
115,9,0.06690007448196411,-0.701758861541748,-0.1235908642411232
115,10,0.04957962408661842,-0.7973002195358276,-0.15136867761611938
115,11,-0.1129625141620636,-0.546409010887146,-0.19562885165214539
115,12,-0.1950196921825409,-0.3030039072036743,-0.3312920033931732
115,13,-0.20899608731269836,-0.09887416660785675,-0.30125370621681213
115,14,0.15262974798679352,-0.5587249994277954,-0.16321209073066711
115,15,0.284527987241745,-0.29327061772346497,-0.31869086623191833
115,16,0.27594608068466187,-0.026164479553699493,-0.2275327444076538
116,0,0.0,0.0,0.0
116,1,0.042960576713085175,-0.010617515072226524,0.02801714465022087
116,2,0.07441787421703339,0.4044119119644165,0.1884724497795105
116,3,0.02336462214589119,0.7656578421592712,0.2776221036911011
116,4,-0.0549519881606102,0.010362863540649414,0.08111795783042908
116,5,-0.013524340465664864,0.4409388303756714,0.14894574880599976
116,6,0.021699465811252594,0.8005170822143555,0.22687040269374847
116,7,-0.003929103258997202,-0.25887155532836914,-0.11492370069026947
116,8,0.04372347518801689,-0.5325731039047241,-0.1313796192407608
116,9,0.06761465966701508,-0.6666382551193237,-0.1297413557767868
116,10,0.05177045613527298,-0.7599923610687256,-0.1564117670059204
116,11,-0.09486047178506851,-0.5136837959289551,-0.20225752890110016
116,12,-0.18208235502243042,-0.30167973041534424,-0.3237561583518982
116,13,-0.17113465070724487,-0.09489727020263672,-0.25856322050094604
116,14,0.1434156596660614,-0.5210727453231812,-0.17004172503948212
116,15,0.25150400400161743,-0.2610308527946472,-0.32183632254600525
116,16,0.2430388629436493,-0.025398559868335724,-0.2591944932937622
117,0,0.0,0.0,0.0
117,1,0.03178621456027031,-0.008661974221467972,0.024639617651700974
117,2,0.06267577409744263,0.41014137864112854,0.16923268139362335
117,3,0.0114966481924057,0.7775278091430664,0.26295918226242065
117,4,-0.04294712841510773,0.010988006368279457,0.07578757405281067
117,5,0.011157551780343056,0.4507739245891571,0.12399467080831528
117,6,0.012752418406307697,0.8408504724502563,0.19563305377960205
117,7,-0.009793783538043499,-0.2569538950920105,-0.11851918697357178
117,8,0.04043101146817207,-0.5447288751602173,-0.14949333667755127
117,9,0.0709778368473053,-0.6723716855049133,-0.1535438895225525
117,10,0.06226599961519241,-0.7451502084732056,-0.17929209768772125
117,11,-0.07179741561412811,-0.5040684938430786,-0.21934670209884644
117,12,0.06254631280899048,-0.2893691062927246,-0.38576269149780273
117,13,0.0435153990983963,-0.11463417112827301,-0.4555020332336426
117,14,0.10079704225063324,-0.5124316215515137,-0.20986533164978027
117,15,-0.0695180743932724,-0.24806329607963562,-0.3817354142665863
117,16,-0.11979150027036667,-0.1648556888103485,-0.4987279176712036
118,0,0.0,0.0,0.0
118,1,0.04384083300828934,-0.012005151249468327,0.02236808091402054
118,2,0.06798283755779266,0.43187886476516724,0.1629715859889984
118,3,-0.004389194305986166,0.803595781326294,0.249342679977417
118,4,-0.05232516676187515,-0.0012195184826850891,0.08600163459777832
118,5,0.024589519947767258,0.47819530963897705,0.10156726092100143
118,6,0.0023540151305496693,0.9085509777069092,0.16259115934371948
118,7,-0.0192096084356308,-0.2772502899169922,-0.11757536232471466
118,8,0.035497382283210754,-0.559232234954834,-0.1439419537782669
118,9,0.06513337790966034,-0.690399706363678,-0.15016725659370422
118,10,0.05299684405326843,-0.7858297824859619,-0.18508917093276978
118,11,-0.07109154760837555,-0.5365839004516602,-0.21833117306232452
118,12,0.135030597448349,-0.31401166319847107,-0.39063701033592224
118,13,0.14257074892520905,-0.13258478045463562,-0.4856019616127014
118,14,0.08891329169273376,-0.5461049675941467,-0.21435922384262085
118,15,-0.15413957834243774,-0.301351398229599,-0.39102980494499207
118,16,-0.23438875377178192,-0.21374204754829407,-0.5042047500610352
119,0,0.0,0.0,0.0
119,1,0.04870025813579559,-0.008351201191544533,0.02469312772154808
119,2,0.07988518476486206,0.46192610263824463,0.14462105929851532
119,3,-0.003406158182770014,0.8658511638641357,0.22573980689048767
119,4,-0.059240736067295074,0.0029193032532930374,0.10255330801010132
119,5,0.028384804725646973,0.514227032661438,0.083938367664814
119,6,-0.007421005982905626,0.9124385118484497,0.17155668139457703
119,7,-0.01807878538966179,-0.29086005687713623,-0.11139944940805435
119,8,0.02009677141904831,-0.5868860483169556,-0.13164022564888
119,9,0.03517980873584747,-0.7319179773330688,-0.14680582284927368
119,10,0.0300887618213892,-0.8052968382835388,-0.17787829041481018
119,11,-0.09893959015607834,-0.5725460052490234,-0.20097190141677856
119,12,-0.039024531841278076,-0.3417150378227234,-0.4042704701423645
119,13,-0.0018350593745708466,-0.15339267253875732,-0.493134081363678
119,14,0.11946672201156616,-0.5659993886947632,-0.1865803599357605
119,15,0.2326333373785019,-0.31766796112060547,-0.39208248257637024
119,16,0.22401796281337738,-0.11395324021577835,-0.4177020788192749
120,0,0.0,0.0,0.0
120,1,0.0037718545645475388,-0.00799040962010622,0.03970904275774956
120,2,0.004231011029332876,0.35221627354621887,0.20487423241138458
120,3,0.016638942062854767,0.6600724458694458,0.31930822134017944
120,4,0.0005217581056058407,0.020405227318406105,0.0851144790649414
120,5,0.049698106944561005,0.3846372067928314,0.18902868032455444
120,6,0.03398502990603447,0.6711674928665161,0.30846095085144043
120,7,-0.04557954519987106,-0.20743823051452637,-0.0883459746837616
120,8,0.041160810738801956,-0.46454834938049316,-0.14623728394508362
120,9,0.07354232668876648,-0.5828030705451965,-0.14765411615371704
120,10,0.054633837193250656,-0.676490843296051,-0.17839665710926056
120,11,-0.06386643648147583,-0.40823933482170105,-0.18198975920677185
120,12,-0.14610490202903748,-0.2608645558357239,-0.26808542013168335
120,13,-0.11319507658481598,-0.07415429502725601,-0.09536698460578918
120,14,0.09453149139881134,-0.42543113231658936,-0.21171414852142334
120,15,-0.02373627759516239,-0.13677987456321716,-0.30553025007247925
120,16,0.05573630705475807,-0.06745417416095734,-0.3714756965637207
121,0,0.0,0.0,0.0
121,1,0.005716138985008001,-0.009224998764693737,0.040225133299827576
121,2,-0.011417215690016747,0.35914117097854614,0.2080969363451004
121,3,0.012566517107188702,0.6690974831581116,0.32690444588661194
121,4,-0.003191271796822548,0.020036669448018074,0.08201867341995239
121,5,0.042838387191295624,0.3880389630794525,0.19202333688735962
121,6,0.03247698396444321,0.6888900399208069,0.3136976957321167
121,7,-0.03795205429196358,-0.21764326095581055,-0.0932944267988205
121,8,0.04086599871516228,-0.4746789038181305,-0.13972407579421997
121,9,0.0696021243929863,-0.5947538614273071,-0.1396985650062561
121,10,0.049022920429706573,-0.6838682889938354,-0.16832204163074493
121,11,-0.07229635119438171,-0.4292835593223572,-0.1748243123292923
121,12,-0.168293759226799,-0.2743890881538391,-0.26701778173446655
121,13,-0.12967167794704437,-0.08332259953022003,-0.0921141654253006
121,14,0.11174620687961578,-0.44342634081840515,-0.2022360861301422
121,15,0.051883384585380554,-0.19399704039096832,-0.3352288603782654
121,16,0.10047958791255951,-0.08137473464012146,-0.38832443952560425
122,0,0.0,0.0,0.0
122,1,0.01671801134943962,-0.009282020851969719,0.036834657192230225
122,2,-0.004921139683574438,0.3629918098449707,0.21402697265148163
122,3,0.004453773144632578,0.6795466542243958,0.3250042498111725
122,4,-0.015642259269952774,0.01706138253211975,0.0858638808131218
122,5,0.026882916688919067,0.38664501905441284,0.2028847634792328
122,6,0.022167695686221123,0.6958061456680298,0.31757882237434387
122,7,-0.03478885814547539,-0.2252422571182251,-0.09320303797721863
122,8,0.031141487881541252,-0.4906029999256134,-0.12865816056728363
122,9,0.051881227642297745,-0.6036219000816345,-0.12152663618326187
122,10,0.032865822315216064,-0.6798497438430786,-0.14432428777217865
122,11,-0.10018444061279297,-0.46991807222366333,-0.1690220832824707
122,12,-0.21300512552261353,-0.2758614420890808,-0.254453182220459
122,13,-0.19131684303283691,-0.07972706854343414,-0.08801549673080444
122,14,0.1286492943763733,-0.4603576064109802,-0.176357239484787
122,15,0.142745703458786,-0.2486412227153778,-0.34033721685409546
122,16,0.18408401310443878,-0.07791910320520401,-0.35661521553993225
123,0,0.0,0.0,0.0
123,1,0.03095259889960289,-0.004826441407203674,0.026246845722198486
123,2,0.03599432855844498,0.3576661944389343,0.2159133404493332
123,3,-0.0062910523265600204,0.6861756443977356,0.31864768266677856
123,4,-0.028853103518486023,0.01698288507759571,0.08869883418083191
123,5,0.007220206782221794,0.3839840590953827,0.20812107622623444
123,6,0.010050208307802677,0.7018530964851379,0.3132738471031189
123,7,-0.035366594791412354,-0.22593000531196594,-0.09705477207899094
123,8,0.018062418326735497,-0.4892300069332123,-0.12679152190685272
123,9,0.03703208267688751,-0.5983750820159912,-0.11512503772974014
123,10,0.019074715673923492,-0.6677567958831787,-0.13474774360656738
123,11,-0.11645174026489258,-0.4649375081062317,-0.15953490138053894
123,12,-0.2345951497554779,-0.2666473984718323,-0.22467347979545593
123,13,-0.21463315188884735,-0.06852073967456818,-0.054642051458358765
123,14,0.12685061991214752,-0.45573848485946655,-0.17155203223228455
123,15,0.16149157285690308,-0.23985202610492706,-0.3209565281867981
123,16,0.19370971620082855,-0.03925152122974396,-0.2907525599002838
124,0,0.0,0.0,0.0
124,1,0.03396990895271301,-0.0009066415950655937,0.021091271191835403
124,2,0.031262703239917755,0.3644077479839325,0.20723582804203033
124,3,-0.017276180908083916,0.7033886909484863,0.3093605637550354
124,4,-0.04087625443935394,0.021568166092038155,0.09175261110067368
124,5,-0.011945284903049469,0.38354596495628357,0.20650872588157654
124,6,0.0009887018240988255,0.7173275947570801,0.3022151589393616
124,7,-0.026566259562969208,-0.23029592633247375,-0.10392994433641434
124,8,0.0035159154795110226,-0.495270311832428,-0.13349267840385437
124,9,0.017276352271437645,-0.6051297783851624,-0.11952522397041321
124,10,0.0021855696104466915,-0.6611323356628418,-0.1349109560251236
124,11,-0.13450084626674652,-0.465726763010025,-0.16510137915611267
124,12,-0.2519870698451996,-0.2558189630508423,-0.21389687061309814
124,13,-0.23388241231441498,-0.055690184235572815,-0.04549361765384674
124,14,0.12641987204551697,-0.4560748338699341,-0.17337831854820251
124,15,0.16972066462039948,-0.21097072958946228,-0.28351402282714844
124,16,0.20235282182693481,-0.0006762193515896797,-0.1987675279378891
125,0,0.0,0.0,0.0
125,1,0.05352138727903366,0.002088850364089012,0.010683149099349976
125,2,0.04685107618570328,0.367610901594162,0.20517806708812714
125,3,-0.013061100617051125,0.7128641605377197,0.2927703857421875
125,4,-0.05435973405838013,0.0067533208057284355,0.07874022424221039
125,5,-0.017606275156140327,0.3841683864593506,0.19981727004051208
125,6,0.003983090166002512,0.7264585494995117,0.28641563653945923
125,7,-0.0006179604679346085,-0.22906580567359924,-0.11558133363723755
125,8,0.0022497656755149364,-0.49656713008880615,-0.13556045293807983
125,9,0.0076211486011743546,-0.6074464321136475,-0.11767427623271942
125,10,-0.010291455313563347,-0.6679010987281799,-0.1315215677022934
125,11,-0.13857755064964294,-0.4648745059967041,-0.1666291058063507
125,12,-0.25738316774368286,-0.25552842020988464,-0.2150961458683014
125,13,-0.250942587852478,-0.048352036625146866,-0.05672921612858772
125,14,0.15109288692474365,-0.4539913535118103,-0.1650475561618805
125,15,0.20684388279914856,-0.2155076563358307,-0.2706131935119629
125,16,0.21770143508911133,0.01659458503127098,-0.15458601713180542
126,0,0.0,0.0,0.0
126,1,0.06341654062271118,0.007355278357863426,-0.0010512247681617737
126,2,0.057469263672828674,0.3726220428943634,0.1974986493587494
126,3,-0.012146949768066406,0.7199537754058838,0.27208808064460754
126,4,-0.06560785323381424,0.004005579277873039,0.079160176217556
126,5,-0.025868210941553116,0.3850959539413452,0.1889880895614624
126,6,0.00430324487388134,0.7323831915855408,0.2621416449546814
126,7,0.019493121653795242,-0.22692349553108215,-0.1161060780286789
126,8,-0.005106586497277021,-0.4988355040550232,-0.14143821597099304
126,9,-0.006420196499675512,-0.6022108793258667,-0.12714290618896484
126,10,-0.020543469116091728,-0.6482453942298889,-0.13404151797294617
126,11,-0.14603421092033386,-0.45380598306655884,-0.17080023884773254
126,12,-0.2630227208137512,-0.24446001648902893,-0.21028560400009155
126,13,-0.25389498472213745,-0.03745689243078232,-0.05353067070245743
126,14,0.15769793093204498,-0.44255131483078003,-0.16483420133590698
126,15,0.2171105444431305,-0.1948222815990448,-0.2423722892999649
126,16,0.22352132201194763,0.037468086928129196,-0.11480320990085602
127,0,0.0,0.0,0.0
127,1,0.07560613751411438,0.009747566655278206,-0.013021431863307953
127,2,0.06932352483272552,0.37826210260391235,0.19332996010780334
127,3,-0.011707067489624023,0.735031008720398,0.2519207000732422
127,4,-0.07937513291835785,-0.0020095491781830788,0.07204890251159668
127,5,-0.041591428220272064,0.3902501165866852,0.182346373796463
127,6,0.00451938109472394,0.7422525882720947,0.24408197402954102
127,7,0.03771965205669403,-0.22455011308193207,-0.11583147943019867
127,8,-0.010996478609740734,-0.47707271575927734,-0.14635995030403137
127,9,-0.020897718146443367,-0.598578929901123,-0.13166795670986176
127,10,-0.033991675823926926,-0.6482894420623779,-0.14156030118465424
127,11,-0.1442854404449463,-0.44488900899887085,-0.1817162036895752
127,12,-0.25193631649017334,-0.24477869272232056,-0.2100335955619812
127,13,-0.2492094188928604,-0.033452991396188736,-0.06739276647567749
127,14,0.16361087560653687,-0.4377542734146118,-0.16794425249099731
127,15,0.23123009502887726,-0.18768736720085144,-0.22900694608688354
127,16,0.22854533791542053,0.04240850359201431,-0.09799077361822128
128,0,0.0,0.0,0.0
128,1,0.08279566466808319,0.013686975464224815,-0.013648495078086853
128,2,0.07574433088302612,0.38229358196258545,0.19138921797275543
128,3,-0.009399964474141598,0.7463183403015137,0.23701444268226624
128,4,-0.08601930737495422,-0.0033974628895521164,0.07389916479587555
128,5,-0.049701519310474396,0.3945940136909485,0.17749018967151642
128,6,0.006231929175555706,0.7477973699569702,0.22973474860191345
128,7,0.047341834753751755,-0.22082675993442535,-0.11163449287414551
128,8,-0.010717236436903477,-0.4710726737976074,-0.13949787616729736
128,9,-0.02315692976117134,-0.5939068794250488,-0.12641817331314087
128,10,-0.03625938296318054,-0.6414140462875366,-0.13639074563980103
128,11,-0.14793020486831665,-0.4394586682319641,-0.17909646034240723
128,12,-0.26285162568092346,-0.23294898867607117,-0.21149003505706787
128,13,-0.2588769793510437,-0.024514904245734215,-0.06720909476280212
128,14,0.17258718609809875,-0.4316772520542145,-0.1587364673614502
128,15,0.24799147248268127,-0.18431514501571655,-0.2120092213153839
128,16,0.23731622099876404,0.046959854662418365,-0.0852198600769043
129,0,0.0,0.0,0.0
129,1,0.10056596994400024,0.010757064446806908,-0.011083580553531647
129,2,0.08381019532680511,0.38636645674705505,0.19220367074012756
129,3,-0.0025963676162064075,0.7716737985610962,0.21139419078826904
129,4,-0.10611751675605774,-0.005995246581733227,0.050155021250247955
129,5,-0.0815119594335556,0.39465129375457764,0.16399970650672913
129,6,0.006700039841234684,0.771109938621521,0.1923266351222992
129,7,0.0630573034286499,-0.22386434674263,-0.1072375625371933
129,8,-0.014177173376083374,-0.4941054582595825,-0.1404191106557846
129,9,-0.04113718867301941,-0.6080420017242432,-0.1222156435251236
129,10,-0.048692308366298676,-0.6715984344482422,-0.13275586068630219
129,11,-0.1427757441997528,-0.4461899399757385,-0.1838245391845703
129,12,-0.2667679786682129,-0.2320721447467804,-0.21273760497570038
129,13,-0.2785165309906006,-0.013509990647435188,-0.07652456313371658
129,14,0.18371567130088806,-0.4484145939350128,-0.14745888113975525
129,15,0.28205758333206177,-0.21325036883354187,-0.20365837216377258
129,16,0.2493608295917511,0.013101520016789436,-0.058152079582214355
130,0,0.0,0.0,0.0
130,1,0.1093311607837677,0.009726276621222496,-0.008095063269138336
130,2,0.08528605103492737,0.3911064863204956,0.19004398584365845
130,3,0.003681256901472807,0.7865951061248779,0.20201575756072998
130,4,-0.11541769653558731,-0.004555187653750181,0.04165838658809662
130,5,-0.084729865193367,0.40115368366241455,0.15434984862804413
130,6,0.0065579661168158054,0.7848814725875854,0.179105743765831
130,7,0.07063479721546173,-0.2227095663547516,-0.10722750425338745
130,8,-0.016637643799185753,-0.500062108039856,-0.14552535116672516
130,9,-0.05265410244464874,-0.613206148147583,-0.12795574963092804
130,10,-0.05861740559339523,-0.6811078190803528,-0.14048829674720764
130,11,-0.13695590198040009,-0.4438176453113556,-0.19660362601280212
130,12,-0.26562047004699707,-0.22578591108322144,-0.22217896580696106
130,13,-0.2831868529319763,-0.004000827670097351,-0.08991383016109467
130,14,0.18584826588630676,-0.4513378441333771,-0.14480510354042053
130,15,0.29815173149108887,-0.22094690799713135,-0.19527603685855865
130,16,0.25509998202323914,-0.006439241115003824,-0.03605281934142113
131,0,0.0,0.0,0.0
131,1,0.11601381003856659,0.008815312758088112,-0.0007588602602481842
131,2,0.0819617211818695,0.395851194858551,0.1855013072490692
131,3,0.003321580123156309,0.7859538197517395,0.19120477139949799
131,4,-0.12226150929927826,-0.0012050294317305088,0.03839588910341263
131,5,-0.08657264709472656,0.4037436544895172,0.15254773199558258
131,6,0.0037672845646739006,0.788870096206665,0.17083126306533813
131,7,0.07131125032901764,-0.22120514512062073,-0.10784479975700378
131,8,-0.019750401377677917,-0.4956490397453308,-0.15014171600341797
131,9,-0.05795174837112427,-0.6126959919929504,-0.13306699693202972
131,10,-0.06486046314239502,-0.6861600875854492,-0.14686879515647888
131,11,-0.13476607203483582,-0.43602806329727173,-0.20476168394088745
131,12,-0.2630002498626709,-0.21955043077468872,-0.22983533143997192
131,13,-0.2862464189529419,0.003569837659597397,-0.09821771085262299
131,14,0.18282166123390198,-0.4488629698753357,-0.14404642581939697
131,15,0.3041524291038513,-0.2196282148361206,-0.18538576364517212
131,16,0.25579220056533813,-0.013983363285660744,-0.020859282463788986
132,0,0.0,0.0,0.0
132,1,0.11633267998695374,0.007578972727060318,-0.0009560622274875641
132,2,0.08342370390892029,0.39725640416145325,0.1813657581806183
132,3,0.00838266871869564,0.7945375442504883,0.18394944071769714
132,4,-0.12571437656879425,0.0004789372906088829,0.03561951592564583
132,5,-0.08279941231012344,0.40928390622138977,0.14549386501312256
132,6,0.004986395128071308,0.7924773097038269,0.1642230898141861
132,7,0.07472583651542664,-0.21955770254135132,-0.1073116883635521
132,8,-0.019069312140345573,-0.4962416887283325,-0.15472155809402466
132,9,-0.06282664090394974,-0.6142095327377319,-0.1387181431055069
132,10,-0.06889308989048004,-0.6904240846633911,-0.15364989638328552
132,11,-0.12591958045959473,-0.4356999099254608,-0.21558785438537598
132,12,-0.2510266602039337,-0.21548044681549072,-0.24474036693572998
132,13,-0.267575204372406,0.006365273147821426,-0.11543986201286316
132,14,0.18310609459877014,-0.44878482818603516,-0.14220789074897766
132,15,0.31240034103393555,-0.21955664455890656,-0.17768293619155884
132,16,0.26139894127845764,-0.021943598985671997,-0.00592796690762043
133,0,0.0,0.0,0.0
133,1,0.11605164408683777,0.007487578317523003,0.004095418378710747
133,2,0.08473953604698181,0.39620527625083923,0.18082571029663086
133,3,0.009867224842309952,0.7968149185180664,0.18142682313919067
133,4,-0.12760280072689056,0.0030721835792064667,0.035055674612522125
133,5,-0.07816112041473389,0.41121113300323486,0.14063766598701477
133,6,0.006421633996069431,0.7892575263977051,0.16757649183273315
133,7,0.07773290574550629,-0.21648168563842773,-0.10712288320064545
133,8,-0.019937720149755478,-0.486931174993515,-0.16040650010108948
133,9,-0.06423518806695938,-0.6111865043640137,-0.14558745920658112
133,10,-0.06984594464302063,-0.6867175102233887,-0.1599530279636383
133,11,-0.1237250342965126,-0.4294901490211487,-0.2226695418357849
133,12,-0.23204182088375092,-0.21680793166160583,-0.2610662877559662
133,13,-0.24939298629760742,0.006918307393789291,-0.13522975146770477
133,14,0.1829635202884674,-0.44368571043014526,-0.14486242830753326
133,15,0.3162596821784973,-0.2160625159740448,-0.1741914004087448
133,16,0.26471489667892456,-0.026237107813358307,0.0036513609811663628
134,0,0.0,0.0,0.0
134,1,0.11680483818054199,0.006189266219735146,0.001486498862504959
134,2,0.08221160620450974,0.39463818073272705,0.17339053750038147
134,3,0.014563491567969322,0.791663408279419,0.17696961760520935
134,4,-0.12675240635871887,0.005724801681935787,0.037481971085071564
134,5,-0.07037192583084106,0.41304680705070496,0.14298295974731445
134,6,0.00777170155197382,0.7901466488838196,0.16977500915527344
134,7,0.08138944953680038,-0.2127557396888733,-0.10814440250396729
134,8,-0.023291580379009247,-0.46923673152923584,-0.16378317773342133
134,9,-0.07280179113149643,-0.599884033203125,-0.14963075518608093
134,10,-0.08078132569789886,-0.6745620369911194,-0.16480949521064758
134,11,-0.10417808592319489,-0.42375439405441284,-0.22266148030757904
134,12,-0.2162567675113678,-0.23903295397758484,-0.25783196091651917
134,13,-0.09569500386714935,-0.01568012498319149,-0.1755920648574829
134,14,0.17172324657440186,-0.43833836913108826,-0.14609743654727936
134,15,0.3148575723171234,-0.2107750028371811,-0.16556966304779053
134,16,0.25995731353759766,-0.02760394662618637,0.016517607495188713
135,0,0.0,0.0,0.0
135,1,0.10442094504833221,0.0036276904866099358,-0.003706224262714386
135,2,0.10926908254623413,0.4078230857849121,0.1819877028465271
135,3,0.0382697656750679,0.8203132152557373,0.18579807877540588
135,4,-0.11483018100261688,-0.003505343571305275,0.03981156274676323
135,5,-0.09095733612775803,0.4384504556655884,0.11298568546772003
135,6,0.0023161591961979866,0.8577356934547424,0.12207803130149841
135,7,0.09093570709228516,-0.22469544410705566,-0.10720260441303253
135,8,-0.0035265027545392513,-0.5025129318237305,-0.15959292650222778
135,9,-0.0642889216542244,-0.634036123752594,-0.14802059531211853
135,10,-0.0736367478966713,-0.7179132699966431,-0.16536839306354523
135,11,-0.09832750260829926,-0.45347264409065247,-0.24191048741340637
135,12,-0.1821233183145523,-0.22830268740653992,-0.33670347929000854
135,13,-0.2181280255317688,0.003919735550880432,-0.26794952154159546
135,14,0.1962771713733673,-0.466244101524353,-0.13861016929149628
135,15,0.3539682626724243,-0.2473866492509842,-0.18127548694610596
135,16,0.3059384524822235,-0.04762159287929535,0.004471170715987682
136,0,0.0,0.0,0.0
136,1,0.09601103514432907,0.002961578778922558,-0.0018224306404590607
136,2,0.11200477182865143,0.4099780321121216,0.17447911202907562
136,3,0.03533746302127838,0.83599853515625,0.17745819687843323
136,4,-0.10712480545043945,-0.005336936563253403,0.04189453274011612
136,5,-0.09652277082204819,0.44687768816947937,0.1073596403002739
136,6,-0.0011047451989725232,0.8680209517478943,0.1143966019153595
136,7,0.09115083515644073,-0.23032355308532715,-0.10596853494644165
136,8,-0.009923255071043968,-0.5035648941993713,-0.16025376319885254
136,9,-0.07870198786258698,-0.6481161117553711,-0.15155938267707825
136,10,-0.08367551118135452,-0.7400485873222351,-0.16967524588108063
136,11,-0.07669337093830109,-0.46637725830078125,-0.23956403136253357
136,12,0.02644718810915947,-0.2763691544532776,-0.36863595247268677
136,13,0.17270076274871826,-0.04181275516748428,-0.3386116325855255
136,14,0.17904263734817505,-0.483214408159256,-0.1456935852766037
136,15,0.34984642267227173,-0.2622714042663574,-0.20706214010715485
136,16,0.307745099067688,-0.04410995543003082,-0.02857930399477482
137,0,0.0,0.0,0.0
137,1,0.09413525462150574,0.0034650657325983047,0.005110878497362137
137,2,0.11936497688293457,0.41334912180900574,0.1752868890762329
137,3,0.04038316011428833,0.8422281742095947,0.17848211526870728
137,4,-0.10600742697715759,-0.005270930007100105,0.0434613861143589
137,5,-0.09578973799943924,0.4514910578727722,0.10418790578842163
137,6,-0.005542065482586622,0.8933703899383545,0.10056450963020325
137,7,0.08690635859966278,-0.23629261553287506,-0.10619554668664932
137,8,-0.006653027608990669,-0.5135945081710815,-0.15634721517562866
137,9,-0.06893862783908844,-0.6562057137489319,-0.14725260436534882
137,10,-0.07656565308570862,-0.7487494945526123,-0.1667625606060028
137,11,-0.09062820672988892,-0.4738956689834595,-0.24038314819335938
137,12,-0.09796058386564255,-0.2602703869342804,-0.3528851866722107
137,13,0.053236063569784164,-0.042223311960697174,-0.34644240140914917
137,14,0.1858338862657547,-0.49402183294296265,-0.144913911819458
137,15,0.36031198501586914,-0.27008867263793945,-0.19838273525238037
137,16,0.32402539253234863,-0.038980528712272644,-0.02417442575097084
138,0,0.0,0.0,0.0
138,1,0.05706126242876053,-0.0012196311727166176,0.015917006880044937
138,2,0.09432494640350342,0.4194590449333191,0.1661965548992157
138,3,0.015445944853127003,0.8430345058441162,0.1859557330608368
138,4,-0.09010568261146545,0.0005417671054601669,0.058610908687114716
138,5,-0.11134384572505951,0.45123714208602905,0.10532383620738983
138,6,-0.015937143936753273,0.8708732724189758,0.123507559299469
138,7,0.06492988020181656,-0.249362051486969,-0.10541890561580658
138,8,-0.03339434787631035,-0.5114426612854004,-0.15458986163139343
138,9,-0.08889755606651306,-0.6658661365509033,-0.15112903714179993
138,10,-0.08903725445270538,-0.7772219777107239,-0.17629241943359375
138,11,-0.07424405217170715,-0.49778884649276733,-0.225708469748497
138,12,0.24359391629695892,-0.2694688141345978,-0.30765700340270996
138,13,0.2759420573711395,-0.048209067434072495,-0.35837042331695557
138,14,0.13315939903259277,-0.5183923244476318,-0.17709104716777802
138,15,0.2741270065307617,-0.28366798162460327,-0.29718080163002014
138,16,0.2775214612483978,-0.037352338433265686,-0.18944501876831055
139,0,0.0,0.0,0.0
139,1,0.07007914781570435,-0.0020403070375323296,0.016793474555015564
139,2,0.10028932243585587,0.425305038690567,0.1648123562335968
139,3,0.019285907968878746,0.8502012491226196,0.18397380411624908
139,4,-0.08912185579538345,-0.006724086590111256,0.04387299716472626
139,5,-0.10720452666282654,0.4519662857055664,0.10871808230876923
139,6,-0.01201237179338932,0.8854126334190369,0.1168186217546463
139,7,0.06727954745292664,-0.2589510679244995,-0.10009652376174927
139,8,-0.025736041367053986,-0.5338194370269775,-0.14660361409187317
139,9,-0.07662994414567947,-0.6758365631103516,-0.13835842907428741
139,10,-0.0780138298869133,-0.7837405204772949,-0.16345608234405518
139,11,-0.0764009952545166,-0.5078293085098267,-0.22109031677246094
139,12,0.19849587976932526,-0.2884226441383362,-0.3272783160209656
139,13,0.2448578178882599,-0.05519688129425049,-0.3549214005470276
139,14,0.1480574607849121,-0.5352193117141724,-0.15337339043617249
139,15,0.328459769487381,-0.2974645495414734,-0.24011054635047913
139,16,0.31926465034484863,-0.03455600142478943,-0.1023988276720047
140,0,0.0,0.0,0.0
140,1,0.08844365179538727,0.007806870155036449,0.014408506453037262
140,2,0.11736021935939789,0.42736002802848816,0.17285680770874023
140,3,0.03586943447589874,0.8451835513114929,0.19387026131153107
140,4,-0.10052608698606491,-0.00641600601375103,0.04545549303293228
140,5,-0.09186872839927673,0.4493548274040222,0.12167058885097504
140,6,0.004854743834584951,0.8625187873840332,0.14216068387031555
140,7,0.07073239982128143,-0.2562411427497864,-0.0992891788482666
140,8,-0.010763290338218212,-0.5472457408905029,-0.14162221550941467
140,9,-0.052696920931339264,-0.6784801483154297,-0.1289946436882019
140,10,-0.04996644705533981,-0.7545108795166016,-0.1439184546470642
140,11,-0.08526133000850677,-0.5057085752487183,-0.21371719241142273
140,12,0.09740036725997925,-0.29080045223236084,-0.3480004668235779
140,13,0.17242801189422607,-0.05477198213338852,-0.3643184304237366
140,14,0.1662149429321289,-0.5291620492935181,-0.14372912049293518
140,15,0.34391939640045166,-0.28588297963142395,-0.21584787964820862
140,16,0.3393855690956116,-0.0164644755423069,-0.07489471882581711
141,0,0.0,0.0,0.0
141,1,0.09540555626153946,0.007083171978592873,0.03035552054643631
141,2,0.11382971704006195,0.44456690549850464,0.17879679799079895
141,3,0.03057638742029667,0.8722400665283203,0.20616081357002258
141,4,-0.10824274271726608,-0.007398433983325958,0.057575076818466187
141,5,-0.10443450510501862,0.4636639356613159,0.13114158809185028
141,6,-0.016398878768086433,0.9241737723350525,0.12389186024665833
141,7,0.05396737903356552,-0.27955520153045654,-0.10560663044452667
141,8,-0.016805993393063545,-0.5702252984046936,-0.12887096405029297
141,9,-0.046190522611141205,-0.6930505037307739,-0.11710545420646667
141,10,-0.04432835057377815,-0.8006017804145813,-0.14368903636932373
141,11,-0.11793600022792816,-0.54395991563797,-0.1992483288049698
141,12,-0.16403460502624512,-0.2817314863204956,-0.32930225133895874
141,13,-0.21258172392845154,-0.025179214775562286,-0.2814531624317169
141,14,0.15880677103996277,-0.5622080564498901,-0.13789790868759155
141,15,0.34355437755584717,-0.3001004755496979,-0.21517999470233917
141,16,0.3420671224594116,-0.013022299855947495,-0.0795086994767189
142,0,0.0,0.0,0.0
142,1,0.1037062555551529,0.012827727943658829,0.033283576369285583
142,2,0.11562640964984894,0.44817879796028137,0.18112178146839142
142,3,0.03397399187088013,0.8769528865814209,0.21828556060791016
142,4,-0.11141285300254822,-0.006167772226035595,0.06411419808864594
142,5,-0.1005868911743164,0.4665965735912323,0.13991552591323853
142,6,-0.014353616163134575,0.9212961196899414,0.13688385486602783
142,7,0.039812710136175156,-0.2858552932739258,-0.10791559517383575
142,8,-0.014140048995614052,-0.5770036578178406,-0.12268540263175964
142,9,-0.0399731881916523,-0.6971679329872131,-0.111753448843956
142,10,-0.03468184918165207,-0.806130588054657,-0.13959451019763947
142,11,-0.13176536560058594,-0.5528649687767029,-0.18390420079231262
142,12,-0.21097725629806519,-0.2776044011116028,-0.3066365718841553
142,13,-0.22030606865882874,-0.038464657962322235,-0.25776511430740356
142,14,0.1566045582294464,-0.5661677718162537,-0.13776618242263794
142,15,0.34063461422920227,-0.2925832271575928,-0.21401137113571167
142,16,0.34317824244499207,-0.0020815273746848106,-0.08119940757751465
143,0,0.0,0.0,0.0
143,1,0.07787248492240906,0.0062014879658818245,0.029772285372018814
143,2,0.10569345951080322,0.439552903175354,0.1734454333782196
143,3,0.029317956417798996,0.8576080799102783,0.23492982983589172
143,4,-0.09085771441459656,-0.007530047558248043,0.0561574250459671
143,5,-0.09472833573818207,0.45896115899086,0.13335879147052765
143,6,-0.007368885446339846,0.8913712501525879,0.16317002475261688
143,7,0.03934018313884735,-0.2822813093662262,-0.10371937602758408
143,8,-0.006731005851179361,-0.5595313906669617,-0.12612317502498627
143,9,-0.035048458725214005,-0.6986737847328186,-0.11684665828943253
143,10,-0.031186114996671677,-0.8170654773712158,-0.14868000149726868
143,11,-0.08766518533229828,-0.5499398708343506,-0.19710597395896912
143,12,0.1082732230424881,-0.3147754669189453,-0.3554970920085907
143,13,0.11008843779563904,-0.10462694615125656,-0.44695162773132324
143,14,0.13539612293243408,-0.5606427192687988,-0.14645850658416748
143,15,0.32020318508148193,-0.2973257303237915,-0.24838700890541077
143,16,0.3222537338733673,-0.010258132591843605,-0.13027268648147583
144,0,0.0,0.0,0.0
144,1,0.0958971306681633,0.011025208979845047,0.03359754756093025
144,2,0.12283921986818314,0.456866055727005,0.17440956830978394
144,3,0.039227068424224854,0.8896363377571106,0.22757229208946228
144,4,-0.1086135134100914,-0.007528200745582581,0.07015368342399597
144,5,-0.08328001201152802,0.4774230122566223,0.1425687074661255
144,6,-0.013635017909109592,0.9277080297470093,0.15499243140220642
144,7,0.02242458239197731,-0.292281836271286,-0.11279545724391937
144,8,-0.0033380119130015373,-0.5989800691604614,-0.12210045754909515
144,9,-0.022551530972123146,-0.7281175851821899,-0.11609935760498047
144,10,-0.0040354542434215546,-0.811098575592041,-0.13893172144889832
144,11,-0.11680428683757782,-0.5703059434890747,-0.1797998547554016
144,12,-0.1932649463415146,-0.3051261901855469,-0.33015868067741394
144,13,-0.18474456667900085,-0.07699726521968842,-0.28994008898735046
144,14,0.15186026692390442,-0.5795519351959229,-0.14187675714492798
144,15,0.33641818165779114,-0.30495259165763855,-0.2459729015827179
144,16,0.33047446608543396,-0.005964541807770729,-0.11451807618141174
145,0,0.0,0.0,0.0
145,1,0.09938932210206985,0.011648962274193764,0.03263907507061958
145,2,0.11889611184597015,0.460239440202713,0.17485150694847107
145,3,0.03678963705897331,0.8907807469367981,0.23714308440685272
145,4,-0.10770283639431,-0.007113237399607897,0.08721323311328888
145,5,-0.07545384019613266,0.488649845123291,0.1395617574453354
145,6,-0.019483285024762154,0.935146689414978,0.1545484960079193
145,7,0.01324246171861887,-0.29513901472091675,-0.11320346593856812
145,8,0.0016583390533924103,-0.5924255847930908,-0.12171890586614609
145,9,-0.00571341160684824,-0.7170590162277222,-0.11290638148784637
145,10,0.008520885370671749,-0.8171201348304749,-0.14244742691516876
145,11,-0.11397695541381836,-0.5772257447242737,-0.1799565851688385
145,12,-0.17361566424369812,-0.3155515193939209,-0.3424851894378662
145,13,-0.1790173351764679,-0.09404638409614563,-0.3121023178100586
145,14,0.14049559831619263,-0.5840541124343872,-0.1490163505077362
145,15,0.3275548815727234,-0.31084442138671875,-0.26625633239746094
145,16,0.31692779064178467,-0.015286329202353954,-0.15103405714035034
146,0,0.0,0.0,0.0
146,1,0.06354544311761856,0.002380390651524067,0.024818897247314453
146,2,0.10057580471038818,0.4400681257247925,0.17223268747329712
146,3,0.028158416971564293,0.8191214799880981,0.26427221298217773
146,4,-0.07631746679544449,-0.006221596617251635,0.0709717720746994
146,5,-0.035408373922109604,0.4661138951778412,0.13882054388523102
146,6,-0.0066847954876720905,0.8697153329849243,0.1937597095966339
146,7,0.012772053480148315,-0.2809253931045532,-0.11183647811412811
146,8,0.01312943920493126,-0.5661624670028687,-0.1235712319612503
146,9,0.01162250991910696,-0.6993399858474731,-0.12021519243717194
146,10,0.022994235157966614,-0.7935383319854736,-0.14981119334697723
146,11,-0.07815593481063843,-0.5546393990516663,-0.19063681364059448
146,12,0.02015151083469391,-0.31838011741638184,-0.3791217803955078
146,13,0.016746852546930313,-0.13051772117614746,-0.4686700701713562
146,14,0.12293164432048798,-0.5546289682388306,-0.15518122911453247
146,15,0.2921859920024872,-0.2956131100654602,-0.3047964870929718
146,16,0.251603901386261,-0.04418395459651947,-0.24879229068756104
147,0,0.0,0.0,0.0
147,1,0.041822172701358795,0.0006091184914112091,0.023066334426403046
147,2,0.07592055201530457,0.4186168909072876,0.17279092967510223
147,3,0.01840728521347046,0.7859877347946167,0.2826710343360901
147,4,-0.05739463120698929,0.0026555415242910385,0.0712653398513794
147,5,-0.02278706431388855,0.4472481310367584,0.13937801122665405
147,6,-0.0018807556480169296,0.824200451374054,0.22567501664161682
147,7,0.0007635017391294241,-0.2685679793357849,-0.11422306299209595
147,8,0.021093882620334625,-0.5518633127212524,-0.13006606698036194
147,9,0.034023456275463104,-0.6818264126777649,-0.13227982819080353
147,10,0.051749154925346375,-0.7571837306022644,-0.16005700826644897
147,11,-0.06065399572253227,-0.5337512493133545,-0.1909501701593399
147,12,0.1541455090045929,-0.2955816984176636,-0.34856563806533813
147,13,0.13456770777702332,-0.10987836122512817,-0.4404696822166443
147,14,0.08461074531078339,-0.531216025352478,-0.19106927514076233
147,15,0.008736871182918549,-0.2769896388053894,-0.3705821931362152
147,16,-0.06480386853218079,-0.16696444153785706,-0.4746186137199402
148,0,0.0,0.0,0.0
148,1,0.036204807460308075,-0.0031738439574837685,0.020993348211050034
148,2,0.07600069046020508,0.441532701253891,0.15387555956840515
148,3,0.01682407036423683,0.82673579454422,0.24720264971256256
148,4,-0.05499391257762909,0.0024756845086812973,0.08832113444805145
148,5,-0.004532849416136742,0.48324424028396606,0.10596142709255219
148,6,-0.01146017387509346,0.897903561592102,0.1776273548603058
148,7,-0.008717186748981476,-0.28125983476638794,-0.11311423033475876
148,8,0.014740310609340668,-0.5774762630462646,-0.13419196009635925
148,9,0.026282865554094315,-0.7084571123123169,-0.14102566242218018
148,10,0.040155138820409775,-0.7982230186462402,-0.17566773295402527
148,11,-0.058374129235744476,-0.5606843829154968,-0.1996881365776062
148,12,0.22721944749355316,-0.3019101917743683,-0.3484823405742645
148,13,0.18575415015220642,-0.13661640882492065,-0.4865075945854187
148,14,0.0691768005490303,-0.5619902610778809,-0.20471251010894775
148,15,-0.07696863263845444,-0.3186274766921997,-0.3966548442840576
148,16,-0.17173448204994202,-0.21089589595794678,-0.49221670627593994
149,0,0.0,0.0,0.0
149,1,0.04139283299446106,-0.003310779109597206,0.024037066847085953
149,2,0.07469958066940308,0.47541487216949463,0.13597407937049866
149,3,0.00925298873335123,0.8778414726257324,0.23327377438545227
149,4,-0.06139831990003586,-0.004385876934975386,0.10471140593290329
149,5,0.01233121007680893,0.5301681756973267,0.07824764400720596
149,6,-0.016763171181082726,0.9451425075531006,0.15261179208755493
149,7,-0.005471952259540558,-0.29807472229003906,-0.11609010398387909
149,8,0.004190480336546898,-0.6119552254676819,-0.1355685442686081
149,9,0.006424243561923504,-0.7519264221191406,-0.1564880907535553
149,10,0.021329937502741814,-0.8320103287696838,-0.18975761532783508
149,11,-0.09054432809352875,-0.5906643867492676,-0.20582124590873718
149,12,0.03975367173552513,-0.34493663907051086,-0.41958296298980713
149,13,0.03804624825716019,-0.17712193727493286,-0.5530229210853577
149,14,0.11037100851535797,-0.5841786861419678,-0.1903301477432251
149,15,0.27644723653793335,-0.3299665153026581,-0.3808326721191406
149,16,0.25020575523376465,-0.14077535271644592,-0.39482519030570984
150,0,0.0,0.0,0.0
150,1,0.000264184083789587,-0.005680047906935215,0.04109853878617287
150,2,-0.0037396461702883244,0.354107141494751,0.20775261521339417
150,3,0.003382506314665079,0.6580744981765747,0.33510541915893555
150,4,-0.0013005645014345646,0.019586602225899696,0.09069695323705673
150,5,0.0380864217877388,0.36923947930336,0.21085622906684875
150,6,0.016479704529047012,0.6602463722229004,0.33754807710647583
150,7,-0.03831157088279724,-0.21688726544380188,-0.08567535877227783
150,8,0.043488532304763794,-0.4743075966835022,-0.13289375603199005
150,9,0.07443934679031372,-0.587139904499054,-0.12959489226341248
150,10,0.05903667211532593,-0.6835901737213135,-0.16316726803779602
150,11,-0.06424671411514282,-0.4439419209957123,-0.16591809689998627
150,12,-0.13172011077404022,-0.29074305295944214,-0.2612607181072235
150,13,-0.07910843193531036,-0.11600373685359955,-0.11109549552202225
150,14,0.10263829678297043,-0.4268346428871155,-0.19202563166618347
150,15,0.09784127026796341,-0.1775488257408142,-0.32003772258758545
150,16,0.02558037079870701,-0.11429217457771301,-0.4422469437122345
151,0,0.0,0.0,0.0
151,1,0.0023532547056674957,-0.004338334314525127,0.04087597876787186
151,2,-0.020331377163529396,0.3632352352142334,0.2085600197315216
151,3,0.004492515232414007,0.6621266603469849,0.34370115399360657
151,4,-0.003409691620618105,0.01821807213127613,0.08697865903377533
151,5,0.03320111706852913,0.37515750527381897,0.21241629123687744
151,6,0.010939947329461575,0.6792688369750977,0.3373251259326935
151,7,-0.03223390132188797,-0.22148045897483826,-0.09083211421966553
151,8,0.042224958539009094,-0.4825381934642792,-0.12851859629154205
151,9,0.06755763292312622,-0.59792160987854,-0.12435229122638702
151,10,0.0499061718583107,-0.6935603618621826,-0.15717476606369019
151,11,-0.0774824246764183,-0.45213764905929565,-0.16302205622196198
151,12,-0.15927551686763763,-0.3027818202972412,-0.26363396644592285
151,13,-0.08916430175304413,-0.12361732125282288,-0.1088680773973465
151,14,0.1199803501367569,-0.4494868516921997,-0.17879340052604675
151,15,0.13819387555122375,-0.22960692644119263,-0.3396519124507904
151,16,0.08473583310842514,-0.11811987310647964,-0.42193514108657837
152,0,0.0,0.0,0.0
152,1,0.006526551209390163,-0.0035595037043094635,0.04029621556401253
152,2,-0.01609855145215988,0.3640158772468567,0.21143372356891632
152,3,0.004218011628836393,0.6627091765403748,0.34521573781967163
152,4,-0.00853889063000679,0.014826828613877296,0.09028216451406479
152,5,0.028505822643637657,0.3743107318878174,0.21611256897449493
152,6,0.00993992481380701,0.6798646450042725,0.3398911654949188
152,7,-0.029704231768846512,-0.22575180232524872,-0.08846370875835419
152,8,0.03581235557794571,-0.4900500774383545,-0.12060128152370453
152,9,0.05736503750085831,-0.6012603640556335,-0.11183007061481476
152,10,0.0392613522708416,-0.6907575130462646,-0.14185573160648346
152,11,-0.09388524293899536,-0.47290554642677307,-0.16088587045669556
152,12,-0.18541017174720764,-0.3007262051105499,-0.26321491599082947
152,13,-0.13711237907409668,-0.11277392506599426,-0.11125104874372482
152,14,0.1324382871389389,-0.4578895568847656,-0.1551026999950409
152,15,0.19704429805278778,-0.26543691754341125,-0.3283836841583252
152,16,0.13870637118816376,-0.12242469936609268,-0.4019688665866852
153,0,0.0,0.0,0.0
153,1,0.009117284789681435,-0.0009603109210729599,0.034470755606889725
153,2,-0.017787985503673553,0.37039244174957275,0.20509618520736694
153,3,0.0019037132151424885,0.6666331887245178,0.33061784505844116
153,4,-0.01046578586101532,0.010785252787172794,0.08392266929149628
153,5,0.01881331019103527,0.37519317865371704,0.21014630794525146
153,6,0.006858917884528637,0.6839904189109802,0.3361835479736328
153,7,-0.027367305010557175,-0.22875921428203583,-0.09572279453277588
153,8,0.03132233768701553,-0.4952462315559387,-0.1297045648097992
153,9,0.055317655205726624,-0.6021838784217834,-0.120396688580513
153,10,0.036419566720724106,-0.6882977485656738,-0.15098729729652405
153,11,-0.09162378311157227,-0.4720635414123535,-0.1698049008846283
153,12,-0.1736997365951538,-0.3058009743690491,-0.27162614464759827
153,13,-0.11523927748203278,-0.12941846251487732,-0.11636634171009064
153,14,0.12365055084228516,-0.4545901417732239,-0.17532777786254883
153,15,0.18462136387825012,-0.23998571932315826,-0.335152268409729
153,16,0.10351364314556122,-0.1663735806941986,-0.4345133304595947
154,0,0.0,0.0,0.0
154,1,0.029688745737075806,0.0064616575837135315,0.02391749620437622
154,2,0.03096773847937584,0.36180323362350464,0.21256570518016815
154,3,-0.002886038739234209,0.6796697378158569,0.33983170986175537
154,4,-0.030210481956601143,0.011584857478737831,0.08691270649433136
154,5,0.0038345386274158955,0.37801671028137207,0.2143518030643463
154,6,0.0004434894071891904,0.6975710391998291,0.3325102925300598
154,7,-0.017167195677757263,-0.23155824840068817,-0.0983060970902443
154,8,0.01221813540905714,-0.49994415044784546,-0.12255879491567612
154,9,0.026833081617951393,-0.6085342764854431,-0.10541081428527832
154,10,0.009506997652351856,-0.681621789932251,-0.1279282122850418
154,11,-0.12638935446739197,-0.4696182608604431,-0.14992056787014008
154,12,-0.2256297916173935,-0.2900236248970032,-0.2364724725484848
154,13,-0.18734592199325562,-0.08607272058725357,-0.0824141800403595
154,14,0.13981054723262787,-0.46140679717063904,-0.15051743388175964
154,15,0.20855095982551575,-0.24988588690757751,-0.2996041178703308
154,16,0.17302221059799194,-0.051041655242443085,-0.32277390360832214
155,0,0.0,0.0,0.0
155,1,0.05048646032810211,0.013936609029769897,0.009227588772773743
155,2,0.04186030849814415,0.3665233254432678,0.21022504568099976
155,3,-0.008749423548579216,0.7010156512260437,0.3251698613166809
155,4,-0.04737250506877899,0.016492322087287903,0.09063820540904999
155,5,-0.01276283897459507,0.3825681805610657,0.21036869287490845
155,6,-0.0038574468344449997,0.7180682420730591,0.3163403570652008
155,7,-0.005725369788706303,-0.2320931851863861,-0.10474147647619247
155,8,-0.00301563972607255,-0.49826663732528687,-0.12451067566871643
155,9,0.005026416387408972,-0.6106303930282593,-0.10813964158296585
155,10,-0.014598348177969456,-0.6724604368209839,-0.12503914535045624
155,11,-0.14550134539604187,-0.4599342942237854,-0.15033528208732605
155,12,-0.2435591220855713,-0.2804733216762543,-0.2278098613023758
155,13,-0.2134665846824646,-0.06807060539722443,-0.0714079812169075
155,14,0.14280566573143005,-0.45780715346336365,-0.14903804659843445
155,15,0.2111070603132248,-0.2293715476989746,-0.27203017473220825
155,16,0.18587742745876312,-0.007580077275633812,-0.24647840857505798
156,0,0.0,0.0,0.0
156,1,0.06294366717338562,0.025486432015895844,0.0017474517226219177
156,2,0.05894319713115692,0.37640735507011414,0.1977449655532837
156,3,-0.010524138808250427,0.7173771858215332,0.2890741527080536
156,4,-0.0627075582742691,0.010784946382045746,0.08877281099557877
156,5,-0.025757180526852608,0.3888084292411804,0.19578397274017334
156,6,-0.0024082809686660767,0.7303727865219116,0.2835143804550171
156,7,0.015564273111522198,-0.22709602117538452,-0.10795098543167114
156,8,-0.011227420531213284,-0.4751688838005066,-0.12502025067806244
156,9,-0.007954970002174377,-0.5946651697158813,-0.11180102825164795
156,10,-0.03109120763838291,-0.6559298038482666,-0.13058757781982422
156,11,-0.15553796291351318,-0.4460546374320984,-0.15364007651805878
156,12,-0.25253307819366455,-0.2618323564529419,-0.21784919500350952
156,13,-0.2178664207458496,-0.053521834313869476,-0.061848245561122894
156,14,0.1534702032804489,-0.44203680753707886,-0.15325073897838593
156,15,0.21797436475753784,-0.20340219140052795,-0.2451629489660263
156,16,0.20126578211784363,0.026482421904802322,-0.17386144399642944
157,0,0.0,0.0,0.0
157,1,0.06973466277122498,0.016613738611340523,-0.009698688983917236
157,2,0.06232339143753052,0.3771648705005646,0.19182121753692627
157,3,-0.00888638012111187,0.7251945734024048,0.27688905596733093
157,4,-0.07353746145963669,0.002811545506119728,0.07984020560979843
157,5,-0.03911122679710388,0.38749271631240845,0.1854805052280426
157,6,0.0004297252744436264,0.7356616258621216,0.2659733295440674
157,7,0.0276959091424942,-0.22639641165733337,-0.11108402907848358
157,8,-0.012917368672788143,-0.4790058135986328,-0.12851324677467346
157,9,-0.017154064029455185,-0.5944961905479431,-0.11159065365791321
157,10,-0.03613920509815216,-0.656507134437561,-0.1293756663799286
157,11,-0.15987887978553772,-0.44789817929267883,-0.16012081503868103
157,12,-0.2576929032802582,-0.2616503834724426,-0.23000594973564148
157,13,-0.23036658763885498,-0.04944520443677902,-0.08368410170078278
157,14,0.16077467799186707,-0.4427011013031006,-0.15303266048431396
157,15,0.2317568063735962,-0.20284590125083923,-0.23790594935417175
157,16,0.21074257791042328,0.02735022082924843,-0.13548603653907776
158,0,0.0,0.0,0.0
158,1,0.08453728258609772,0.017874501645565033,-0.013224057853221893
158,2,0.07691436260938644,0.38137900829315186,0.1867293268442154
158,3,-0.005361336283385754,0.7402106523513794,0.24665915966033936
158,4,-0.08783435821533203,-0.004359809681773186,0.06907252222299576
158,5,-0.05434650927782059,0.3912421464920044,0.17071020603179932
158,6,0.003870929591357708,0.744537353515625,0.24065206944942474
158,7,0.04477241635322571,-0.22254815697669983,-0.10924949496984482
158,8,-0.01651187054812908,-0.4772804379463196,-0.13280439376831055
158,9,-0.027769016101956367,-0.590080976486206,-0.11431585252285004
158,10,-0.04558960720896721,-0.6493111848831177,-0.12898686528205872
158,11,-0.16275379061698914,-0.44181111454963684,-0.1691766381263733
158,12,-0.2581988573074341,-0.2601708769798279,-0.23467442393302917
158,13,-0.2408941090106964,-0.04221884906291962,-0.09136001765727997
158,14,0.16793596744537354,-0.43884509801864624,-0.1532147228717804
158,15,0.24702242016792297,-0.19707666337490082,-0.21887412667274475
158,16,0.2202986180782318,0.031653840094804764,-0.09246828407049179
159,0,0.0,0.0,0.0
159,1,0.09293681383132935,0.014222504571080208,-0.012745507061481476
159,2,0.08153697848320007,0.38332876563072205,0.1889376938343048
159,3,0.0005642119795084,0.7581098079681396,0.2313767373561859
159,4,-0.09609095752239227,-0.007431688252836466,0.05583464354276657
159,5,-0.06993578374385834,0.39264819025993347,0.16067524254322052
159,6,0.007929098792374134,0.7547261118888855,0.22302240133285522
159,7,0.054222725331783295,-0.22519366443157196,-0.10933336615562439
159,8,-0.016187181696295738,-0.4995421767234802,-0.13832946121692657
159,9,-0.03173881769180298,-0.5987573862075806,-0.11666177213191986
159,10,-0.0468708798289299,-0.6579501032829285,-0.12763378024101257
159,11,-0.16133150458335876,-0.4478718936443329,-0.17774978280067444
159,12,-0.26305603981018066,-0.267505943775177,-0.2494579702615738
159,13,-0.2625041604042053,-0.037952110171318054,-0.11169324815273285
159,14,0.17612393200397491,-0.4486831724643707,-0.14761564135551453
159,15,0.2718537449836731,-0.2121357023715973,-0.20871533453464508
159,16,0.2294524610042572,0.008874497376382351,-0.060012299567461014
160,0,0.0,0.0,0.0
160,1,0.10297954082489014,0.015420859679579735,0.00024872273206710815
160,2,0.08435909450054169,0.3940486013889313,0.18729913234710693
160,3,0.005285263527184725,0.7769520878791809,0.20494583249092102
160,4,-0.10526143014431,-0.002619192935526371,0.05453857034444809
160,5,-0.0748593658208847,0.40526917576789856,0.1507698893547058
160,6,0.0077398656867444515,0.7741934061050415,0.2035273015499115
160,7,0.05949053913354874,-0.22031041979789734,-0.10994592308998108
160,8,-0.015902698040008545,-0.4853441119194031,-0.14343757927417755
160,9,-0.03665547072887421,-0.6014454364776611,-0.1251586526632309
160,10,-0.04947177320718765,-0.6631519794464111,-0.13512089848518372
160,11,-0.15793734788894653,-0.43724900484085083,-0.18891018629074097
160,12,-0.257397323846817,-0.26290151476860046,-0.26330021023750305
160,13,-0.2606532573699951,-0.025167373940348625,-0.12830814719200134
160,14,0.17841416597366333,-0.4405456781387329,-0.1483902931213379
160,15,0.2827081084251404,-0.20543017983436584,-0.19677594304084778
160,16,0.2309545874595642,0.0067299529910087585,-0.03947024792432785
161,0,0.0,0.0,0.0
161,1,0.11962203681468964,0.006086716428399086,-0.0034456998109817505
161,2,0.08529749512672424,0.39436474442481995,0.18164454400539398
161,3,0.007929373532533646,0.795859694480896,0.18988542258739471
161,4,-0.12637528777122498,0.002526344731450081,0.035565003752708435
161,5,-0.0841975137591362,0.41538652777671814,0.13258932530879974
161,6,0.0036471006460487843,0.784293532371521,0.18900135159492493
161,7,0.06500288844108582,-0.2199818342924118,-0.11094532907009125
161,8,-0.017947886139154434,-0.4994962811470032,-0.16083647310733795
161,9,-0.05851425975561142,-0.6170616149902344,-0.14437785744667053
161,10,-0.06644557416439056,-0.6858330965042114,-0.1539417803287506
161,11,-0.14217150211334229,-0.4388485848903656,-0.21356910467147827
161,12,-0.20271757245063782,-0.2871794104576111,-0.3072124421596527
161,13,-0.1853615939617157,-0.057092465460300446,-0.2267046868801117
161,14,0.17210431396961212,-0.4487006366252899,-0.14629794657230377
161,15,0.3061230182647705,-0.2088525891304016,-0.16513757407665253
161,16,0.24002420902252197,-0.027373678982257843,0.021774446591734886
162,0,0.0,0.0,0.0
162,1,0.11916176974773407,0.0038380613550543785,0.00036504119634628296
162,2,0.09151683747768402,0.3941119909286499,0.1838405579328537
162,3,0.017048444598913193,0.7919409275054932,0.19251370429992676
162,4,-0.12877899408340454,0.004426456987857819,0.034098345786333084
162,5,-0.0884658694267273,0.41969698667526245,0.12860536575317383
162,6,0.006194530054926872,0.7906639575958252,0.18143145740032196
162,7,0.06693059206008911,-0.22031879425048828,-0.10942235589027405
162,8,-0.013563716784119606,-0.5030398368835449,-0.15562739968299866
162,9,-0.05415781959891319,-0.6197632551193237,-0.13940352201461792
162,10,-0.06260476261377335,-0.6930227279663086,-0.15110738575458527
162,11,-0.13689158856868744,-0.44111549854278564,-0.2172461450099945
162,12,-0.2233877182006836,-0.27569252252578735,-0.32771575450897217
162,13,-0.23508673906326294,-0.02853957936167717,-0.25835973024368286
162,14,0.17827963829040527,-0.4500235319137573,-0.13629470765590668
162,15,0.32126739621162415,-0.21518081426620483,-0.15281930565834045
162,16,0.25306689739227295,-0.04016779735684395,0.0408005490899086
163,0,0.0,0.0,0.0
163,1,0.11915083229541779,0.0034912005066871643,0.003558726981282234
163,2,0.09191480278968811,0.3845691382884979,0.17933958768844604
163,3,0.029404226690530777,0.7751784920692444,0.1960134357213974
163,4,-0.13342998921871185,0.009069059044122696,0.034597162157297134
163,5,-0.08372659981250763,0.41588786244392395,0.1282876580953598
163,6,0.005194880999624729,0.7780443429946899,0.18847785890102386
163,7,0.06825035810470581,-0.21641701459884644,-0.10769690573215485
163,8,-0.012229014188051224,-0.49771562218666077,-0.15729880332946777
163,9,-0.056590110063552856,-0.6158249378204346,-0.1430702805519104
163,10,-0.06597132235765457,-0.6911159753799438,-0.1567280888557434
163,11,-0.13212019205093384,-0.4361370801925659,-0.21872426569461823
163,12,-0.21582287549972534,-0.27289342880249023,-0.3284224271774292
163,13,-0.23825174570083618,-0.02405744418501854,-0.2607741057872772
163,14,0.17982268333435059,-0.43938925862312317,-0.13658593595027924
163,15,0.32247936725616455,-0.20757590234279633,-0.14276161789894104
163,16,0.25154733657836914,-0.04252103343605995,0.05454608052968979
164,0,0.0,0.0,0.0
164,1,0.11396560072898865,0.0006443914026021957,-0.007605835795402527
164,2,0.1032281219959259,0.38901254534721375,0.17333459854125977
164,3,0.016682736575603485,0.787073016166687,0.18229764699935913
164,4,-0.12999281287193298,0.007903337478637695,0.035732563585042953
164,5,-0.08304980397224426,0.4220770597457886,0.127036452293396
164,6,0.0015587350353598595,0.781844973564148,0.18702739477157593
164,7,0.07321304082870483,-0.2164512574672699,-0.10887110233306885
164,8,-0.009782898239791393,-0.4818888306617737,-0.16120530664920807
164,9,-0.06232684850692749,-0.6139976978302002,-0.15148192644119263
164,10,-0.07292615622282028,-0.7083309888839722,-0.16992945969104767
164,11,-0.10615712404251099,-0.4368242621421814,-0.23043352365493774
164,12,-0.07480283081531525,-0.2910836338996887,-0.32656994462013245
164,13,0.02333151362836361,-0.06835366785526276,-0.26916027069091797
164,14,0.16909366846084595,-0.44311755895614624,-0.13633185625076294
164,15,0.330361008644104,-0.21191880106925964,-0.13770121335983276
164,16,0.2596065402030945,-0.04953252896666527,0.062371909618377686
165,0,0.0,0.0,0.0
165,1,0.09841600060462952,-0.003363523632287979,0.003533273935317993
165,2,0.11468962579965591,0.4017023742198944,0.1852927953004837
165,3,0.040237780660390854,0.8035190105438232,0.20498010516166687
165,4,-0.11101548373699188,0.0015760250389575958,0.04598892480134964
165,5,-0.09935589879751205,0.44172242283821106,0.11489740759134293
165,6,0.0017124111764132977,0.8521479368209839,0.13523529469966888
165,7,0.0716271698474884,-0.23289912939071655,-0.10898604989051819
165,8,-0.0004963655956089497,-0.5235651135444641,-0.1528303027153015
165,9,-0.052961938083171844,-0.6529991030693054,-0.14322388172149658
165,10,-0.06579691916704178,-0.7317702770233154,-0.15792027115821838
165,11,-0.10785137861967087,-0.4692378640174866,-0.23457200825214386
165,12,-0.1301034688949585,-0.2837921380996704,-0.3781946003437042
165,13,-0.17348609864711761,-0.03994566947221756,-0.3895476758480072
165,14,0.1763678342103958,-0.47871124744415283,-0.12585531175136566
165,15,0.3608151078224182,-0.25014248490333557,-0.14348457753658295
165,16,0.3039734363555908,-0.057188160717487335,0.04795112833380699
166,0,0.0,0.0,0.0
166,1,0.09345036745071411,-0.004579586908221245,0.0066541507840156555
166,2,0.11590656638145447,0.4024009108543396,0.1807413399219513
166,3,0.034740861505270004,0.8169847130775452,0.20276542007923126
166,4,-0.10449245572090149,-3.489013761281967e-05,0.042382724583148956
166,5,-0.10655605792999268,0.4463377594947815,0.11235146224498749
166,6,-0.005704175680875778,0.8700937628746033,0.12069861590862274
166,7,0.07173550873994827,-0.24018126726150513,-0.10987314581871033
166,8,0.0023458311334252357,-0.5228712558746338,-0.14947260916233063
166,9,-0.05454416573047638,-0.6631503105163574,-0.1417863965034485
166,10,-0.0649702176451683,-0.7621039152145386,-0.16304826736450195
166,11,-0.08626975119113922,-0.4853537082672119,-0.23491951823234558
166,12,0.048780590295791626,-0.29813894629478455,-0.382491797208786
166,13,0.06984612345695496,-0.06270936131477356,-0.41827309131622314
166,14,0.16723692417144775,-0.4934176802635193,-0.12818390130996704
166,15,0.3659217357635498,-0.26206931471824646,-0.15809211134910583
166,16,0.31417542695999146,-0.05140183866024017,0.027610378339886665
167,0,0.0,0.0,0.0
167,1,0.09022394567728043,-0.0036601293832063675,0.009116202592849731
167,2,0.11602486670017242,0.4009535312652588,0.18293146789073944
167,3,0.04217754304409027,0.8062702417373657,0.21246598660945892
167,4,-0.1019449457526207,0.0004214327782392502,0.04582735523581505
167,5,-0.1042575091123581,0.44284379482269287,0.11453744769096375
167,6,-0.0034773400984704494,0.8619268536567688,0.12804195284843445
167,7,0.06728412210941315,-0.24075083434581757,-0.10953333973884583
167,8,-0.0019082496874034405,-0.5263541340827942,-0.1484711915254593
167,9,-0.048888884484767914,-0.6577790975570679,-0.1357807070016861
167,10,-0.06112629175186157,-0.7474284172058105,-0.1552431285381317
167,11,-0.10236794501543045,-0.48127293586730957,-0.23087117075920105
167,12,-0.08420088142156601,-0.2968668043613434,-0.3562394976615906
167,13,0.06674045324325562,-0.0655403584241867,-0.34914010763168335
167,14,0.16776233911514282,-0.4990362226963043,-0.12814155220985413
167,15,0.36286911368370056,-0.26276564598083496,-0.148699089884758
167,16,0.31998175382614136,-0.04593823850154877,0.033158570528030396
168,0,0.0,0.0,0.0
168,1,0.08573620021343231,-0.004646374844014645,0.011970579624176025
168,2,0.11174160987138748,0.4123482406139374,0.17664894461631775
168,3,0.035712677985429764,0.8231203556060791,0.20658782124519348
168,4,-0.09484054148197174,-0.001713903620839119,0.04606766998767853
168,5,-0.1091422587633133,0.4476621448993683,0.11540153622627258
168,6,-0.009290063753724098,0.8705844879150391,0.1284317970275879
168,7,0.06612653285264969,-0.24979013204574585,-0.10732331871986389
168,8,0.00015926221385598183,-0.5327231884002686,-0.14587736129760742
168,9,-0.04441201686859131,-0.6682431101799011,-0.13567310571670532
168,10,-0.05760951340198517,-0.7743753790855408,-0.15920786559581757
168,11,-0.07606101036071777,-0.5034165978431702,-0.2247590720653534
168,12,0.19438830018043518,-0.29022109508514404,-0.3365468382835388
168,13,0.2238115668296814,-0.06255939602851868,-0.37031224370002747
168,14,0.15437643229961395,-0.5131866931915283,-0.13410940766334534
168,15,0.3618625998497009,-0.27367088198661804,-0.1746409386396408
168,16,0.3265525698661804,-0.037169065326452255,-0.006547851953655481
169,0,0.0,0.0,0.0
169,1,0.08425119519233704,-0.00563668692484498,0.015272468328475952
169,2,0.11046954989433289,0.4173959493637085,0.17572206258773804
169,3,0.03552040085196495,0.8300352096557617,0.21277058124542236
169,4,-0.09955388307571411,-0.0018929513171315193,0.046438440680503845
169,5,-0.10571438819169998,0.45265164971351624,0.11342637240886688
169,6,-0.01272657886147499,0.8982805609703064,0.11123482882976532
169,7,0.05944041162729263,-0.2573956847190857,-0.10945411771535873
169,8,-0.0035699382424354553,-0.542724072933197,-0.14185366034507751
169,9,-0.036949124187231064,-0.6785052418708801,-0.13259285688400269
169,10,-0.04623693600296974,-0.7844034433364868,-0.15698108077049255
169,11,-0.10266788303852081,-0.5053377151489258,-0.2255226969718933
169,12,-0.046288199722766876,-0.30137038230895996,-0.3489113748073578
169,13,0.10956021398305893,-0.06812289357185364,-0.3388340175151825
169,14,0.1545811891555786,-0.5292088985443115,-0.1342618465423584
169,15,0.35855621099472046,-0.2802469730377197,-0.17435601353645325
169,16,0.33420851826667786,-0.032100044190883636,-0.015812262892723083
170,0,0.0,0.0,0.0
170,1,0.07969518005847931,-0.0007232427597045898,0.014644868671894073
170,2,0.10915211588144302,0.4116250276565552,0.17911654710769653
170,3,0.03841567412018776,0.8139152526855469,0.22523675858974457
170,4,-0.09234191477298737,-6.1793252825737e-06,0.048637378960847855
170,5,-0.09990561008453369,0.44172990322113037,0.12757882475852966
170,6,-0.0019218106754124165,0.8356903791427612,0.17191755771636963
170,7,0.05611039698123932,-0.2558218240737915,-0.10318616032600403
170,8,-3.510480746626854e-05,-0.5308428406715393,-0.13354259729385376
170,9,-0.028612397611141205,-0.6646741032600403,-0.12286074459552765
170,10,-0.03753595054149628,-0.7658236622810364,-0.1444092094898224
170,11,-0.09236980229616165,-0.4935965836048126,-0.2124411165714264
170,12,0.06626930832862854,-0.2907595932483673,-0.3471698760986328
170,13,0.11509198695421219,-0.05920584127306938,-0.37558478116989136
170,14,0.15203654766082764,-0.5160186290740967,-0.12774983048439026
170,15,0.3521448075771332,-0.271916002035141,-0.1688409447669983
170,16,0.3289017081260681,-0.019354701042175293,-0.015580102801322937
171,0,0.0,0.0,0.0
171,1,0.09410125017166138,0.0037898626178503036,0.024007491767406464
171,2,0.12002302706241608,0.430269718170166,0.17727981507778168
171,3,0.04579097777605057,0.8442903757095337,0.22984185814857483
171,4,-0.09954705834388733,-0.006690185517072678,0.05273732170462608
171,5,-0.08618375658988953,0.45797955989837646,0.12438827753067017
171,6,-0.0033539412543177605,0.9078609347343445,0.12478550523519516
171,7,0.050704166293144226,-0.27017802000045776,-0.1094871237874031
171,8,0.007801342289894819,-0.5588600635528564,-0.1290990710258484
171,9,-0.0030665323138237,-0.6814209818840027,-0.11660492420196533
171,10,-0.013387772254645824,-0.7832685708999634,-0.14126113057136536
171,11,-0.1108156070113182,-0.5222176909446716,-0.20828813314437866
171,12,-0.11808394640684128,-0.2808223068714142,-0.36116093397140503
171,13,-0.2054014801979065,-0.020244207233190536,-0.38077881932258606
171,14,0.16409459710121155,-0.540299117565155,-0.12620069086551666
171,15,0.3578881621360779,-0.28203466534614563,-0.18006756901741028
171,16,0.34641575813293457,-0.007492402568459511,-0.043429721146821976
172,0,0.0,0.0,0.0
172,1,0.09367120265960693,0.0021965960040688515,0.03428962081670761
172,2,0.1203608289361,0.4341880679130554,0.1759951412677765
172,3,0.04395691305398941,0.8561701774597168,0.22772139310836792
172,4,-0.1003125011920929,-0.006566816940903664,0.06561757624149323
172,5,-0.0861448347568512,0.4607153534889221,0.13009096682071686
172,6,-0.006672204472124577,0.9106562733650208,0.1302848607301712
172,7,0.045897673815488815,-0.2770373821258545,-0.1136021763086319
172,8,0.0090070441365242,-0.5711272358894348,-0.1307239830493927
172,9,0.0089122224599123,-0.6940795183181763,-0.1225893497467041
172,10,-0.004525098018348217,-0.8028983473777771,-0.1504112184047699
172,11,-0.12225446850061417,-0.5373782515525818,-0.20597109198570251
172,12,-0.13576656579971313,-0.29161638021469116,-0.3626101315021515
172,13,-0.21297012269496918,-0.01160487812012434,-0.35185736417770386
172,14,0.1654665470123291,-0.5513283610343933,-0.13478538393974304
172,15,0.3537440896034241,-0.2776353359222412,-0.19245001673698425
172,16,0.3487033545970917,0.00048182252794504166,-0.057678379118442535
173,0,0.0,0.0,0.0
173,1,0.08940768241882324,0.004588565789163113,0.022444114089012146
173,2,0.1144690215587616,0.43526995182037354,0.16920793056488037
173,3,0.041241418570280075,0.8539299368858337,0.23797419667243958
173,4,-0.09632544219493866,-0.008029703982174397,0.062449149787425995
173,5,-0.07333788275718689,0.45966726541519165,0.13141444325447083
173,6,0.0014068111777305603,0.8862954378128052,0.16041916608810425
173,7,0.040789052844047546,-0.27800077199935913,-0.11158347874879837
173,8,0.01742924563586712,-0.5621423125267029,-0.12886546552181244
173,9,0.01617531292140484,-0.7018851041793823,-0.12251688539981842
173,10,0.0003983061760663986,-0.8087828159332275,-0.14950866997241974
173,11,-0.09337305277585983,-0.5331385731697083,-0.20836856961250305
173,12,0.038289137184619904,-0.30464938282966614,-0.36734843254089355
173,13,-0.014923031441867352,-0.09559620916843414,-0.44822579622268677
173,14,0.15493766963481903,-0.5466618537902832,-0.14015533030033112
173,15,0.336463987827301,-0.28174105286598206,-0.23012596368789673
173,16,0.3178361654281616,0.0016570938751101494,-0.10603224486112595
174,0,0.0,0.0,0.0
174,1,0.09053986519575119,0.005318412557244301,0.02191997691988945
174,2,0.12030547857284546,0.44261980056762695,0.16331574320793152
174,3,0.037910088896751404,0.8617086410522461,0.2416132241487503
174,4,-0.0974271297454834,-0.013228808529675007,0.06891562044620514
174,5,-0.06595934927463531,0.46853429079055786,0.13221684098243713
174,6,-0.0007431143894791603,0.9016250371932983,0.1585322469472885
174,7,0.03676276654005051,-0.2853870391845703,-0.11576034128665924
174,8,0.02091149426996708,-0.5880619287490845,-0.12935537099838257
174,9,0.021336566656827927,-0.7324348092079163,-0.13072554767131805
174,10,0.012052712962031364,-0.8127471208572388,-0.15237212181091309
174,11,-0.09444475173950195,-0.5515745878219604,-0.20603734254837036
174,12,0.0312688909471035,-0.3097727596759796,-0.38130390644073486
174,13,0.025889785960316658,-0.09645017981529236,-0.4741498529911041
174,14,0.15525975823402405,-0.561725914478302,-0.14827652275562286
174,15,0.32826071977615356,-0.2877464294433594,-0.2677552103996277
174,16,0.30949610471725464,-6.388220936059952e-05,-0.16985228657722473
175,0,0.0,0.0,0.0
175,1,0.08432603627443314,0.009509861469268799,0.025491468608379364
175,2,0.11844527721405029,0.4447237253189087,0.16323035955429077
175,3,0.03523614630103111,0.825607419013977,0.2602686583995819
175,4,-0.08928728103637695,-0.009988678619265556,0.08006614446640015
175,5,-0.037050340324640274,0.4662604331970215,0.13517878949642181
175,6,0.005645825061947107,0.8653619289398193,0.18928159773349762
175,7,0.023277612403035164,-0.28355836868286133,-0.11362311244010925
175,8,0.03497214987874031,-0.5594688057899475,-0.12026067078113556
175,9,0.04837732017040253,-0.6890746355056763,-0.11432887613773346
175,10,0.038233038038015366,-0.7686651945114136,-0.1374398171901703
175,11,-0.09607329964637756,-0.5390259027481079,-0.19437047839164734
175,12,-0.07907900959253311,-0.30694806575775146,-0.372438907623291
175,13,-0.13293874263763428,-0.07252372801303864,-0.40034735202789307
175,14,0.1565798819065094,-0.5524144172668457,-0.1457952857017517
175,15,0.32001855969429016,-0.28367894887924194,-0.26814159750938416
175,16,0.3026316165924072,0.00605375599116087,-0.1618587076663971
176,0,0.0,0.0,0.0
176,1,0.03887588530778885,-0.007351888343691826,0.029185112565755844
176,2,0.07500132918357849,0.43016868829727173,0.15853288769721985
176,3,0.013934222981333733,0.772529125213623,0.2784409523010254
176,4,-0.04538446292281151,-0.0010832380503416061,0.07746492326259613
176,5,0.006772235967218876,0.4460603594779968,0.1380361020565033
176,6,0.0030879699625074863,0.7822775840759277,0.2464475780725479
176,7,0.008599922992289066,-0.26419883966445923,-0.11323973536491394
176,8,0.03172609210014343,-0.5345032215118408,-0.13468371331691742
176,9,0.046214401721954346,-0.6746686100959778,-0.14338326454162598
176,10,0.03502098098397255,-0.7525585293769836,-0.1682433784008026
176,11,-0.0617525577545166,-0.5080560445785522,-0.2113119214773178
176,12,0.19509434700012207,-0.27761954069137573,-0.3502848148345947
176,13,0.1728283017873764,-0.09582539647817612,-0.4521990120410919
176,14,0.11737683415412903,-0.5226764678955078,-0.18631917238235474
176,15,0.19994792342185974,-0.25893229246139526,-0.3619174063205719
176,16,0.1620366871356964,-0.08858131617307663,-0.41526687145233154
177,0,0.0,0.0,0.0
177,1,0.029910657554864883,-0.007948293350636959,0.024925008416175842
177,2,0.059814274311065674,0.4210456609725952,0.14819695055484772
177,3,0.010644011199474335,0.7859712839126587,0.26947736740112305
177,4,-0.03853980451822281,-0.00011277757585048676,0.07717841118574142
177,5,0.02363726496696472,0.4491427540779114,0.12218903005123138
177,6,0.00029866769909858704,0.8191585540771484,0.212796151638031
177,7,-0.00132761150598526,-0.2665676474571228,-0.12110043317079544
177,8,0.03126406669616699,-0.5513567328453064,-0.1422281414270401
177,9,0.05571746081113815,-0.6798036098480225,-0.14909178018569946
177,10,0.0422167032957077,-0.7519805431365967,-0.17493489384651184
177,11,-0.06261532008647919,-0.5161222219467163,-0.21079391241073608
177,12,0.231778085231781,-0.2731913924217224,-0.33607691526412964
177,13,0.2052232325077057,-0.09233769029378891,-0.4354299306869507
177,14,0.09761538356542587,-0.5238169431686401,-0.2032911479473114
177,15,-0.03898699954152107,-0.26506364345550537,-0.36965835094451904
177,16,-0.20649661123752594,-0.18516099452972412,-0.45069262385368347
178,0,0.0,0.0,0.0
178,1,0.03943156078457832,-0.0092014716938138,0.03224768117070198
178,2,0.08759080618619919,0.44926077127456665,0.1406218707561493
178,3,0.005371617153286934,0.790341854095459,0.2814887762069702
178,4,-0.041169196367263794,0.0011873506009578705,0.0968279242515564
178,5,0.036174874752759933,0.4902171492576599,0.08215423673391342
178,6,0.0029825838282704353,0.8976209163665771,0.1604882776737213
178,7,0.003782664891332388,-0.2780636250972748,-0.12002184987068176
178,8,0.04351292550563812,-0.5521495938301086,-0.14152967929840088
178,9,0.06997884809970856,-0.6920192241668701,-0.15311725437641144
178,10,0.05199967324733734,-0.7809206247329712,-0.18595832586288452
178,11,-0.045503053814172745,-0.5460385084152222,-0.21333077549934387
178,12,0.29300978779792786,-0.2841048240661621,-0.326605886220932
178,13,0.2658218741416931,-0.10308311879634857,-0.4472917318344116
178,14,0.09528849273920059,-0.5431087017059326,-0.21422407031059265
178,15,-0.10382205992937088,-0.29157957434654236,-0.38585591316223145
178,16,-0.2740221917629242,-0.2057679146528244,-0.4645956754684448
179,0,0.0,0.0,0.0
179,1,0.02022215723991394,-0.004459642805159092,0.025715097784996033
179,2,0.05769681930541992,0.45687490701675415,0.11581724882125854
179,3,0.0005111722275614738,0.8094797134399414,0.24742871522903442
179,4,-0.03286397457122803,0.005548972636461258,0.09605780988931656
179,5,0.046704038977622986,0.49059832096099854,0.08005174249410629
179,6,-0.004105915315449238,0.8503543138504028,0.18716824054718018
179,7,-0.006486015859991312,-0.2726791501045227,-0.11346158385276794
179,8,0.031991250813007355,-0.5541138648986816,-0.14258264005184174
179,9,0.0538051575422287,-0.699387788772583,-0.1644597053527832
179,10,0.033527079969644547,-0.7711242437362671,-0.192003533244133
179,11,-0.06732245534658432,-0.5279505252838135,-0.22472445666790009
179,12,0.16638876497745514,-0.28798115253448486,-0.38549837470054626
179,13,0.15299461781978607,-0.12156400084495544,-0.5104746222496033
179,14,0.10129334032535553,-0.5334813594818115,-0.21176378428936005
179,15,0.13701462745666504,-0.2748369574546814,-0.4028087258338928
179,16,0.12346652150154114,-0.12145791947841644,-0.47454699873924255
180,0,0.0,0.0,0.0
180,1,0.003749134484678507,-0.005599230993539095,0.0384102389216423
180,2,-0.008930890820920467,0.3560214042663574,0.20590221881866455
180,3,0.002321198582649231,0.6611287593841553,0.3306979238986969
180,4,-0.0024739867076277733,0.019720831885933876,0.08666377514600754
180,5,0.03742958977818489,0.36998844146728516,0.20925374329090118
180,6,0.013834422454237938,0.6645605564117432,0.3311341106891632
180,7,-0.038452643901109695,-0.21618704497814178,-0.08894877880811691
180,8,0.03757312148809433,-0.46923476457595825,-0.1404409259557724
180,9,0.06619323045015335,-0.585521936416626,-0.13921794295310974
180,10,0.037421852350234985,-0.6777665615081787,-0.16818542778491974
180,11,-0.06934988498687744,-0.4297136664390564,-0.16793909668922424
180,12,-0.10960917174816132,-0.2787174880504608,-0.2620616853237152
180,13,-0.07024195790290833,-0.10303228348493576,-0.11163591593503952
180,14,0.09651557356119156,-0.42470642924308777,-0.20543208718299866
180,15,-0.03831440955400467,-0.13610467314720154,-0.29599303007125854
180,16,-0.11116786301136017,-0.12404221296310425,-0.41369694471359253
181,0,0.0,0.0,0.0
181,1,0.006138284225016832,-0.005440827459096909,0.035376615822315216
181,2,-0.021951287984848022,0.361236035823822,0.2018049955368042
181,3,0.0027612405829131603,0.6637239456176758,0.33512675762176514
181,4,-0.004406869411468506,0.01760181039571762,0.082068532705307
181,5,0.03501362353563309,0.3729853332042694,0.20758342742919922
181,6,0.009451077319681644,0.6797266006469727,0.3287908434867859
181,7,-0.03323168680071831,-0.2216057926416397,-0.09414088726043701
181,8,0.03855185583233833,-0.4730677008628845,-0.13827043771743774
181,9,0.06431105732917786,-0.5929471254348755,-0.13838347792625427
181,10,0.033978767693042755,-0.689387321472168,-0.16786134243011475
181,11,-0.07151665538549423,-0.437930703163147,-0.16961923241615295
181,12,-0.10819347202777863,-0.287106990814209,-0.27315637469291687
181,13,-0.0710197165608406,-0.11643175780773163,-0.12010630965232849
181,14,0.10689841210842133,-0.437921941280365,-0.2011478841304779
181,15,-0.012955093756318092,-0.15765158832073212,-0.3045172691345215
181,16,-0.11969923973083496,-0.1436799168586731,-0.4231025278568268
182,0,0.0,0.0,0.0
182,1,0.010959126055240631,-0.0036783190444111824,0.03461650013923645
182,2,-0.017249509692192078,0.3648955225944519,0.207209974527359
182,3,0.003132355399429798,0.6665639281272888,0.3406335711479187
182,4,-0.010429222136735916,0.016292335465550423,0.0850544199347496
182,5,0.02805585414171219,0.3745062053203583,0.21477317810058594
182,6,0.008828978054225445,0.6829724907875061,0.3361307978630066
182,7,-0.02911841869354248,-0.2267710268497467,-0.09053777158260345
182,8,0.03419739380478859,-0.4865538775920868,-0.12868937849998474
182,9,0.05285577103495598,-0.5960585474967957,-0.12192905694246292
182,10,0.02463555708527565,-0.6817800998687744,-0.14800900220870972
182,11,-0.09369218349456787,-0.46724653244018555,-0.16901624202728271
182,12,-0.15961188077926636,-0.2910763621330261,-0.27235180139541626
182,13,-0.15492822229862213,-0.1016281247138977,-0.11918888241052628
182,14,0.1262734979391098,-0.45419883728027344,-0.17488320171833038
182,15,0.054324280470609665,-0.19669535756111145,-0.3188238739967346
182,16,0.02622484229505062,-0.10702387988567352,-0.41407543420791626
183,0,0.0,0.0,0.0
183,1,0.012704920023679733,-0.0025501837953925133,0.031030885875225067
183,2,-0.018629446625709534,0.3693358600139618,0.20164163410663605
183,3,0.0013033938594162464,0.6667994260787964,0.32632842659950256
183,4,-0.012095412239432335,0.012802574783563614,0.0814453661441803
183,5,0.022778287529945374,0.37476176023483276,0.20937561988830566
183,6,0.006698058918118477,0.6836254596710205,0.33283400535583496
183,7,-0.027340175583958626,-0.22923803329467773,-0.09681949764490128
183,8,0.032587651163339615,-0.49101173877716064,-0.13518163561820984
183,9,0.05493422597646713,-0.5973563194274902,-0.12760861217975616
183,10,0.02911996655166149,-0.6785480976104736,-0.1544787436723709
183,11,-0.08875413239002228,-0.4658554196357727,-0.17452792823314667
183,12,-0.15972496569156647,-0.29629823565483093,-0.2807847559452057
183,13,-0.11945921927690506,-0.12014893442392349,-0.12667708098888397
183,14,0.1217881590127945,-0.4526832699775696,-0.18550294637680054
183,15,0.09438365697860718,-0.20953288674354553,-0.33165836334228516
183,16,-0.0430932492017746,-0.16836170852184296,-0.4284381866455078
184,0,0.0,0.0,0.0
184,1,0.03175017610192299,0.0022730426862835884,0.02296026051044464
184,2,0.035177893936634064,0.360051691532135,0.21218058466911316
184,3,-0.002171803265810013,0.677878201007843,0.33939433097839355
184,4,-0.029705099761486053,0.014852231368422508,0.08528874069452286
184,5,0.0050145345740020275,0.37707269191741943,0.2144290953874588
184,6,0.0010336372070014477,0.6956979036331177,0.3312414288520813
184,7,-0.015789425000548363,-0.23354986310005188,-0.0987761840224266
184,8,0.015197104774415493,-0.5006049275398254,-0.12493743002414703
184,9,0.02430019900202751,-0.6055460572242737,-0.10971338301897049
184,10,0.0018481099978089333,-0.6736178398132324,-0.12859514355659485
184,11,-0.12487537413835526,-0.4687540531158447,-0.15217259526252747
184,12,-0.2174660861492157,-0.27747172117233276,-0.23871435225009918
184,13,-0.21728655695915222,-0.0757051557302475,-0.0877460390329361
184,14,0.13798189163208008,-0.45943427085876465,-0.15915578603744507
184,15,0.16752275824546814,-0.21977561712265015,-0.29383498430252075
184,16,0.17077961564064026,0.0008262889459729195,-0.27914535999298096
185,0,0.0,0.0,0.0
185,1,0.042374104261398315,0.007874327711760998,0.014381762593984604
185,2,0.03940771520137787,0.3627016544342041,0.20862537622451782
185,3,-0.002158909570425749,0.6950678825378418,0.33010971546173096
185,4,-0.04335787892341614,0.01523425243794918,0.08408777415752411
185,5,-0.0020105980802327394,0.3787342607975006,0.2068568468093872
185,6,0.0035308641381561756,0.7104378938674927,0.3197975158691406
185,7,-0.002413792535662651,-0.2308616042137146,-0.10557863861322403
185,8,0.006489800754934549,-0.49913668632507324,-0.12818437814712524
185,9,0.00833588745445013,-0.6099964380264282,-0.11540978401899338
185,10,-0.013655809685587883,-0.6643890142440796,-0.12978458404541016
185,11,-0.1350211799144745,-0.4597182273864746,-0.15575170516967773
185,12,-0.23021039366722107,-0.2683837115764618,-0.23566120862960815
185,13,-0.23292693495750427,-0.05864996463060379,-0.08605070412158966
185,14,0.14871691167354584,-0.4521990716457367,-0.1561572551727295
185,15,0.1899746209383011,-0.20627033710479736,-0.26758140325546265
185,16,0.18953922390937805,0.027836259454488754,-0.21707740426063538
186,0,0.0,0.0,0.0
186,1,0.051485463976860046,0.023414213210344315,0.008463986217975616
186,2,0.0529765821993351,0.3705127239227295,0.20162877440452576
186,3,-0.003351746127009392,0.7066686153411865,0.30774709582328796
186,4,-0.05066785216331482,0.01533685252070427,0.0877206027507782
186,5,-0.011955374851822853,0.38353830575942993,0.19693155586719513
186,6,0.00459101190790534,0.7205600142478943,0.295155793428421
186,7,0.014157271012663841,-0.2258731573820114,-0.10678458213806152
186,8,0.003757473547011614,-0.4799686074256897,-0.13055512309074402
186,9,0.001465878915041685,-0.59625244140625,-0.1203567162156105
186,10,-0.025240279734134674,-0.650241494178772,-0.13498139381408691
186,11,-0.14245909452438354,-0.4443257451057434,-0.1565932035446167
186,12,-0.2430976778268814,-0.25472331047058105,-0.21987783908843994
186,13,-0.23432309925556183,-0.04431226849555969,-0.06924225389957428
186,14,0.1560114324092865,-0.4373198449611664,-0.15772435069084167
186,15,0.19847585260868073,-0.18605700135231018,-0.24595510959625244
186,16,0.20137548446655273,0.048980724066495895,-0.17242348194122314
187,0,0.0,0.0,0.0
187,1,0.06718237698078156,0.013909561559557915,-0.010155502706766129
187,2,0.0642203837633133,0.37233322858810425,0.19421547651290894
187,3,-0.002686904277652502,0.7181769609451294,0.2877098321914673
187,4,-0.07055356353521347,0.0027340054512023926,0.07719401270151138
187,5,-0.03408239036798477,0.3866499662399292,0.18544186651706696
187,6,0.005194130353629589,0.7298568487167358,0.2728193402290344
187,7,0.03129749372601509,-0.22549375891685486,-0.11003894358873367
187,8,-0.004342641215771437,-0.47921907901763916,-0.13219106197357178
187,9,-0.01487984973937273,-0.5943878889083862,-0.11856690049171448
187,10,-0.03360144421458244,-0.6527132391929626,-0.1329331398010254
187,11,-0.14818346500396729,-0.4469025731086731,-0.1642572581768036
187,12,-0.24903073906898499,-0.2557941973209381,-0.23128896951675415
187,13,-0.24078577756881714,-0.04059641808271408,-0.08979475498199463
187,14,0.16241449117660522,-0.43804892897605896,-0.15653982758522034
187,15,0.21807710826396942,-0.18727999925613403,-0.23747527599334717
187,16,0.211263045668602,0.04572227969765663,-0.13945269584655762
188,0,0.0,0.0,0.0
188,1,0.08151307702064514,0.015081683173775673,-0.01646856963634491
188,2,0.07319890707731247,0.3773478865623474,0.18936049938201904
188,3,0.0006798162357881665,0.7308862209320068,0.2662242650985718
188,4,-0.08548429608345032,-0.004521339200437069,0.0676754042506218
188,5,-0.05224098265171051,0.38934189081192017,0.17113694548606873
188,6,0.007949437014758587,0.738155722618103,0.24736124277114868
188,7,0.047490835189819336,-0.22193163633346558,-0.10903805494308472
188,8,-0.007549533620476723,-0.47947782278060913,-0.13570064306259155
188,9,-0.025647377595305443,-0.5932649374008179,-0.11933495104312897
188,10,-0.041028931736946106,-0.6475128531455994,-0.13030922412872314
188,11,-0.14884640276432037,-0.44263917207717896,-0.1737009584903717
188,12,-0.24870412051677704,-0.2545342445373535,-0.2387092262506485
188,13,-0.24847935140132904,-0.03297171741724014,-0.10398511588573456
188,14,0.1699509620666504,-0.43593674898147583,-0.15230493247509003
188,15,0.24276335537433624,-0.18882869184017181,-0.21450795233249664
188,16,0.224202960729599,0.04058864712715149,-0.09073938429355621
189,0,0.0,0.0,0.0
189,1,0.09582758694887161,0.012192988768219948,-0.014579705893993378
189,2,0.07925624400377274,0.38200002908706665,0.18718092143535614
189,3,0.006628574803471565,0.7566471695899963,0.23915702104568481
189,4,-0.09980450570583344,-0.007451330311596394,0.05123323202133179
189,5,-0.0785098522901535,0.3956703245639801,0.1522170901298523
189,6,0.010878073051571846,0.753919243812561,0.21661025285720825
189,7,0.0599401518702507,-0.22205954790115356,-0.10966222733259201
189,8,-0.00736742140725255,-0.5016423463821411,-0.1435861587524414
189,9,-0.033112943172454834,-0.6035712957382202,-0.1253698319196701
189,10,-0.04363251477479935,-0.657881498336792,-0.13260915875434875
189,11,-0.14405250549316406,-0.4493558406829834,-0.19015750288963318
189,12,-0.2417902946472168,-0.26377981901168823,-0.2708529829978943
189,13,-0.2568710744380951,-0.028051646426320076,-0.14778926968574524
189,14,0.17712587118148804,-0.44715017080307007,-0.1455674022436142
189,15,0.27172911167144775,-0.20457851886749268,-0.20153774321079254
189,16,0.23301661014556885,0.012391781434416771,-0.049924954771995544
190,0,0.0,0.0,0.0
190,1,0.10440590977668762,0.010389449074864388,-0.008936330676078796
190,2,0.0823952853679657,0.3897053599357605,0.1856943666934967
190,3,0.010158133693039417,0.7766627073287964,0.2169073522090912
190,4,-0.11153868585824966,-0.0055198888294398785,0.045935943722724915
190,5,-0.08932939916849136,0.40429502725601196,0.14173923432826996
190,6,0.010933434590697289,0.7741367816925049,0.19177496433258057
190,7,0.06467913836240768,-0.2197515070438385,-0.10906998813152313
190,8,-0.008526279591023922,-0.4945741295814514,-0.1468886435031891
190,9,-0.042082734405994415,-0.6097317934036255,-0.1305711567401886
190,10,-0.04883646219968796,-0.6661354899406433,-0.1354818493127823
190,11,-0.14085093140602112,-0.44423460960388184,-0.19942182302474976
190,12,-0.23534181714057922,-0.2640463411808014,-0.28540733456611633
190,13,-0.25223085284233093,-0.02176760509610176,-0.17130553722381592
190,14,0.1788855344057083,-0.4443638324737549,-0.14399801194667816
190,15,0.2842429280281067,-0.20424935221672058,-0.18875089287757874
190,16,0.23743072152137756,0.0024342983961105347,-0.024633530527353287
191,0,0.0,0.0,0.0
191,1,0.11214792728424072,0.006646007299423218,0.0026719197630882263
191,2,0.07701205462217331,0.3953777849674225,0.18137268722057343
191,3,0.008742684498429298,0.7974594235420227,0.20044675469398499
191,4,-0.1225249171257019,-0.001001914031803608,0.034388355910778046
191,5,-0.0985821783542633,0.41480711102485657,0.13109147548675537
191,6,0.0060827890411019325,0.7816197276115417,0.18128108978271484
191,7,0.06963228434324265,-0.22100195288658142,-0.10648404806852341
191,8,-0.007867477834224701,-0.49801915884017944,-0.1545429527759552
191,9,-0.05314187705516815,-0.6200977563858032,-0.14098772406578064
191,10,-0.05819620192050934,-0.6814708113670349,-0.14594461023807526
191,11,-0.11756698787212372,-0.44665414094924927,-0.21762332320213318
191,12,-0.13944663107395172,-0.2825215458869934,-0.3350549340248108
191,13,-0.14275911450386047,-0.05402936413884163,-0.316508412361145
191,14,0.17189788818359375,-0.45335936546325684,-0.13826169073581696
191,15,0.2978351414203644,-0.21035870909690857,-0.17347262799739838
191,16,0.23707950115203857,-0.02167438715696335,0.008177309297025204
192,0,0.0,0.0,0.0
192,1,0.11445880681276321,0.005633367225527763,0.008079132065176964
192,2,0.08293251693248749,0.3959149420261383,0.181550994515419
192,3,0.014940984547138214,0.7970727682113647,0.19483670592308044
192,4,-0.12587249279022217,-0.0008861590176820755,0.029662778601050377
192,5,-0.1087520644068718,0.4173632264137268,0.12344337999820709
192,6,0.009292170405387878,0.7895249724388123,0.16386675834655762
192,7,0.07238680124282837,-0.22184699773788452,-0.1058102622628212
192,8,-0.006285024806857109,-0.5033097863197327,-0.15251000225543976
192,9,-0.0540100634098053,-0.6219048500061035,-0.13866332173347473
192,10,-0.055580731481313705,-0.684231162071228,-0.14327439665794373
192,11,-0.12132562696933746,-0.44772619009017944,-0.21960923075675964
192,12,-0.1781616508960724,-0.2750006318092346,-0.3418668508529663
192,13,-0.2022029161453247,-0.03123759850859642,-0.3081343173980713
192,14,0.17784732580184937,-0.45441287755966187,-0.13024064898490906
192,15,0.3145519196987152,-0.2183043658733368,-0.15828023850917816
192,16,0.2514636814594269,-0.03429814428091049,0.029103487730026245
193,0,0.0,0.0,0.0
193,1,0.1141655296087265,0.004675709642469883,0.011847397312521935
193,2,0.08088743686676025,0.3914097845554352,0.17816349864006042
193,3,0.02742745354771614,0.7910318374633789,0.19681592285633087
193,4,-0.1288703978061676,0.0020392853766679764,0.02925969287753105
193,5,-0.11174681782722473,0.42019951343536377,0.11774851381778717
193,6,0.008561192080378532,0.7862384915351868,0.16280391812324524
193,7,0.07450154423713684,-0.2201652228832245,-0.10492919385433197
193,8,-0.004942677449434996,-0.49883008003234863,-0.15347670018672943
193,9,-0.060061775147914886,-0.6217315196990967,-0.14270293712615967
193,10,-0.06098143756389618,-0.6886996030807495,-0.14849883317947388
193,11,-0.11350549757480621,-0.4463065266609192,-0.22513483464717865
193,12,-0.15789732336997986,-0.27567529678344727,-0.35120686888694763
193,13,-0.19042471051216125,-0.03157477825880051,-0.3315480947494507
193,14,0.1782669723033905,-0.45080333948135376,-0.1284150332212448
193,15,0.32332533597946167,-0.22153708338737488,-0.14888538420200348
193,16,0.25602200627326965,-0.04479314386844635,0.043609850108623505
194,0,0.0,0.0,0.0
194,1,0.11040838062763214,0.0029449164867401123,0.00542357936501503
194,2,0.0829109251499176,0.3944646418094635,0.17580117285251617
194,3,0.014421410858631134,0.7972501516342163,0.1936788260936737
194,4,-0.12697891891002655,0.0017684614285826683,0.02232244610786438
194,5,-0.10595439374446869,0.4225522577762604,0.11785542964935303
194,6,0.006424874998629093,0.7846570014953613,0.16738316416740417
194,7,0.07714036852121353,-0.22227570414543152,-0.10377471894025803
194,8,-0.0028987457044422626,-0.48780256509780884,-0.15272347629070282
194,9,-0.06493856012821198,-0.6223185062408447,-0.14547918736934662
194,10,-0.06832850724458694,-0.7064821124076843,-0.15669721364974976
194,11,-0.08816913515329361,-0.44904613494873047,-0.233271524310112
194,12,-0.012268248945474625,-0.280841588973999,-0.3598620891571045
194,13,-0.007741918787360191,-0.05297679454088211,-0.3736652135848999
194,14,0.17141644656658173,-0.4526742994785309,-0.12234073877334595
194,15,0.33335989713668823,-0.22564707696437836,-0.1405653953552246
194,16,0.2606862187385559,-0.05023102089762688,0.051953062415122986
195,0,0.0,0.0,0.0
195,1,0.10214130580425262,-0.0003814697265625,0.0021429359912872314
195,2,0.10235656797885895,0.40203800797462463,0.1857890486717224
195,3,0.036040280014276505,0.802571177482605,0.2133341133594513
195,4,-0.11621236801147461,-0.0011100750416517258,0.0333399623632431
195,5,-0.10977070778608322,0.4381876289844513,0.11451374739408493
195,6,0.009509282186627388,0.837327241897583,0.14264945685863495
195,7,0.07744365930557251,-0.23516589403152466,-0.10403817892074585
195,8,0.0005945204757153988,-0.5208569765090942,-0.1495753824710846
195,9,-0.06034626439213753,-0.6502456068992615,-0.14109589159488678
195,10,-0.06290856748819351,-0.7164114117622375,-0.14784878492355347
195,11,-0.08979880809783936,-0.47414934635162354,-0.23534253239631653
195,12,-0.05938372388482094,-0.28744813799858093,-0.37347570061683655
195,13,-0.021917220205068588,-0.04975121468305588,-0.39445364475250244
195,14,0.17678678035736084,-0.478305846452713,-0.121007040143013
195,15,0.3521645665168762,-0.24741606414318085,-0.15199100971221924
195,16,0.29214683175086975,-0.0511745922267437,0.03478514775633812
196,0,0.0,0.0,0.0
196,1,0.09693148732185364,-0.0018858304247260094,0.002623550593852997
196,2,0.1052238941192627,0.4023609757423401,0.18446120619773865
196,3,0.04434730112552643,0.7996011972427368,0.22431060671806335
196,4,-0.11000248789787292,-0.0012212134897708893,0.03420640155673027
196,5,-0.10960422456264496,0.4436483681201935,0.11119793355464935
196,6,0.003727015107870102,0.8557940125465393,0.12907201051712036
196,7,0.07571009546518326,-0.24127134680747986,-0.10524589568376541
196,8,0.0027709659188985825,-0.5155668258666992,-0.14675825834274292
196,9,-0.061013489961624146,-0.6530885100364685,-0.14011594653129578
196,10,-0.06698066741228104,-0.7415105104446411,-0.15505456924438477
196,11,-0.07595266401767731,-0.48042333126068115,-0.23236867785453796
196,12,0.04976016283035278,-0.29235637187957764,-0.3659900426864624
196,13,0.11321815848350525,-0.051815684884786606,-0.36338287591934204
196,14,0.17077776789665222,-0.4868975579738617,-0.12287575006484985
196,15,0.35739120841026306,-0.2557612955570221,-0.15597310662269592
196,16,0.30734238028526306,-0.04504413157701492,0.025640496984124184
197,0,0.0,0.0,0.0
197,1,0.09319528937339783,-0.0009275618940591812,0.00415097177028656
197,2,0.1092768982052803,0.40130698680877686,0.18461140990257263
197,3,0.037786487489938736,0.8032131195068359,0.2223767638206482
197,4,-0.10614903271198273,-0.002057327888906002,0.035670921206474304
197,5,-0.10649499297142029,0.4395124316215515,0.11985741555690765
197,6,0.01016654260456562,0.8329111933708191,0.1556386649608612
197,7,0.07352232933044434,-0.24545741081237793,-0.10301108658313751
197,8,0.001179715502075851,-0.5175686478614807,-0.14087969064712524
197,9,-0.060044512152671814,-0.6544984579086304,-0.1334051489830017
197,10,-0.0646233931183815,-0.7361953258514404,-0.14679066836833954
197,11,-0.08148115873336792,-0.48211216926574707,-0.2245125025510788
197,12,0.05745677649974823,-0.29034286737442017,-0.3621579706668854
197,13,0.09723428636789322,-0.050762686878442764,-0.3689446747303009
197,14,0.17085671424865723,-0.49255242943763733,-0.11967956274747849
197,15,0.3580562174320221,-0.2570512890815735,-0.15057796239852905
197,16,0.3122361898422241,-0.037448860704898834,0.025380827486515045
198,0,0.0,0.0,0.0
198,1,0.09492968022823334,-0.0017572129145264626,0.00807773694396019
198,2,0.10981815308332443,0.4104457199573517,0.18311510980129242
198,3,0.04067070037126541,0.8127971887588501,0.21910157799720764
198,4,-0.10418692976236343,-0.00418658833950758,0.03459209203720093
198,5,-0.10770567506551743,0.4456692636013031,0.11574000865221024
198,6,0.005637651309370995,0.8504581451416016,0.14445094764232635
198,7,0.07351872324943542,-0.249442458152771,-0.10481314361095428
198,8,0.003883552737534046,-0.5249898433685303,-0.14417505264282227
198,9,-0.05733784660696983,-0.6636804938316345,-0.13836902379989624
198,10,-0.06473968923091888,-0.7622311115264893,-0.15506763756275177
198,11,-0.06875944882631302,-0.4974749684333801,-0.22705750167369843
198,12,0.13987122476100922,-0.2965320944786072,-0.3498461842536926
198,13,0.19745191931724548,-0.05852149426937103,-0.36068102717399597
198,14,0.16555288434028625,-0.5019707679748535,-0.1264808028936386
198,15,0.36045533418655396,-0.26474225521087646,-0.17096851766109467
198,16,0.31834882497787476,-0.03467749431729317,-0.001714042853564024
199,0,0.0,0.0,0.0
199,1,0.09157317876815796,-0.003647091332823038,0.010494198650121689
199,2,0.11061470210552216,0.41550755500793457,0.179326593875885
199,3,0.040050115436315536,0.8195130825042725,0.22308199107646942
199,4,-0.10687654465436935,-0.004259631969034672,0.0374252125620842
199,5,-0.10556593537330627,0.44972121715545654,0.11457925289869308
199,6,0.0010813797125592828,0.8689743280410767,0.1343127340078354
199,7,0.06727182865142822,-0.2570894956588745,-0.10743623971939087
199,8,-0.0004314649850130081,-0.5362228155136108,-0.14382483065128326
199,9,-0.054075948894023895,-0.6761391162872314,-0.1387539803981781
199,10,-0.06021302193403244,-0.772426962852478,-0.15620335936546326
199,11,-0.0888461172580719,-0.5008826851844788,-0.22797389328479767
199,12,-0.008990716189146042,-0.2992632985115051,-0.34945839643478394
199,13,0.1505822092294693,-0.060898929834365845,-0.3246493935585022
199,14,0.16403314471244812,-0.5171433687210083,-0.1299937665462494
199,15,0.35810089111328125,-0.2733140289783478,-0.17272387444972992
199,16,0.3259766697883606,-0.03319796547293663,-0.009540529921650887
200,0,0.0,0.0,0.0
200,1,0.0883791595697403,0.0006583686918020248,0.01077817752957344
200,2,0.1123998612165451,0.41362881660461426,0.18331190943717957
200,3,0.04134392738342285,0.8131917715072632,0.23124855756759644
200,4,-0.09999242424964905,-0.00496950838714838,0.039554476737976074
200,5,-0.10196801275014877,0.4435502886772156,0.1263124793767929
200,6,0.008738841861486435,0.8301808834075928,0.17457391321659088
200,7,0.06353257596492767,-0.2582929730415344,-0.09980566799640656
200,8,-0.0009871367365121841,-0.5298598408699036,-0.13337698578834534
200,9,-0.04879964888095856,-0.6675375699996948,-0.1276136040687561
200,10,-0.05342036485671997,-0.7588332891464233,-0.14358797669410706
200,11,-0.08375345170497894,-0.4942072629928589,-0.21247261762619019
200,12,0.08387479931116104,-0.28694361448287964,-0.34001779556274414
200,13,0.15235276520252228,-0.04650592803955078,-0.3498334288597107
200,14,0.15994152426719666,-0.5115933418273926,-0.12509268522262573
200,15,0.35366588830947876,-0.26935479044914246,-0.16980449855327606
200,16,0.3275941014289856,-0.020521584898233414,-0.013984108343720436
201,0,0.0,0.0,0.0
201,1,0.09431616961956024,0.0006213849410414696,0.01845281571149826
201,2,0.11907918751239777,0.427509069442749,0.1792289912700653
201,3,0.04528886824846268,0.8385125398635864,0.22799567878246307
201,4,-0.10155200958251953,-0.007879409939050674,0.040834710001945496
201,5,-0.0965106263756752,0.4541735053062439,0.12063620984554291
201,6,0.005739969667047262,0.8801912069320679,0.14203117787837982
201,7,0.061787720769643784,-0.2673858404159546,-0.10399557650089264
201,8,0.0016603372059762478,-0.554954469203949,-0.13385318219661713
201,9,-0.03871569409966469,-0.6866273880004883,-0.12767453491687775
201,10,-0.04264964908361435,-0.7787259817123413,-0.1448357105255127
201,11,-0.09578391909599304,-0.5165001153945923,-0.21366946399211884
201,12,-0.02074575424194336,-0.2857237458229065,-0.3598576784133911
201,13,-0.12213229387998581,-0.02283821627497673,-0.4049609899520874
201,14,0.16842705011367798,-0.5282338261604309,-0.12648144364356995
201,15,0.36007216572761536,-0.27885177731513977,-0.17680251598358154
201,16,0.3408259153366089,-0.018898891285061836,-0.02837969735264778
202,0,0.0,0.0,0.0
202,1,0.09507329016923904,-0.002209870144724846,0.03217233717441559
202,2,0.12111814320087433,0.4303983747959137,0.17708486318588257
202,3,0.047442033886909485,0.8529113531112671,0.21998150646686554
202,4,-0.10267548263072968,-0.00823294185101986,0.05284176766872406
202,5,-0.09915731102228165,0.46039873361587524,0.11793537437915802
202,6,-0.002780643291771412,0.9101730585098267,0.11726810038089752
202,7,0.0637267678976059,-0.27236106991767883,-0.10951672494411469
202,8,0.0010464475490152836,-0.5725084543228149,-0.14080411195755005
202,9,-0.03621424734592438,-0.6995643377304077,-0.13827954232692719
202,10,-0.03858306258916855,-0.7913872003555298,-0.1562221646308899
202,11,-0.11043716967105865,-0.5244215726852417,-0.22040531039237976
202,12,-0.03544234484434128,-0.29842883348464966,-0.376653254032135
202,13,-0.17995187640190125,-0.0014139479026198387,-0.4016803205013275
202,14,0.174857497215271,-0.5354171395301819,-0.13253353536128998
202,15,0.3625425696372986,-0.2786545753479004,-0.18255609273910522
202,16,0.35138803720474243,-0.013083127327263355,-0.034541502594947815
203,0,0.0,0.0,0.0
203,1,0.09333084523677826,0.0017458610236644745,0.017405852675437927
203,2,0.1207856684923172,0.43903982639312744,0.1699112355709076
203,3,0.04274959862232208,0.8610029816627502,0.23247003555297852
203,4,-0.10121811181306839,-0.011620823293924332,0.0496077761054039
203,5,-0.0885646790266037,0.4631621837615967,0.12565463781356812
203,6,-0.00012200279161334038,0.8951879143714905,0.14958997070789337
203,7,0.051998771727085114,-0.2822360694408417,-0.1060996800661087
203,8,0.0006533595733344555,-0.5683405995368958,-0.13161839544773102
203,9,-0.02787911519408226,-0.7062413692474365,-0.13022346794605255
203,10,-0.029483642429113388,-0.8055533170700073,-0.15269726514816284
203,11,-0.09084640443325043,-0.5335259437561035,-0.21000730991363525
203,12,0.09970496594905853,-0.2967827320098877,-0.36231309175491333
203,13,0.08219636976718903,-0.060669708997011185,-0.43179360032081604
203,14,0.15665960311889648,-0.548844575881958,-0.13935744762420654
203,15,0.3511970639228821,-0.2861408591270447,-0.20947441458702087
203,16,0.34986358880996704,0.00042889732867479324,-0.07929343730211258
204,0,0.0,0.0,0.0
204,1,0.09196631610393524,-0.000845491886138916,0.018268801271915436
204,2,0.12116388976573944,0.4400460124015808,0.1677848994731903
204,3,0.039720505475997925,0.8635362386703491,0.23729798197746277
204,4,-0.1010601669549942,-0.013464042916893959,0.058205053210258484
204,5,-0.08729451894760132,0.4687849283218384,0.12771570682525635
204,6,-0.0032164612784981728,0.9029496312141418,0.15179060399532318
204,7,0.049406178295612335,-0.2872861623764038,-0.11009257286787033
204,8,-0.0002372460439801216,-0.5926403999328613,-0.13400596380233765
204,9,-0.02729213610291481,-0.7306176424026489,-0.13832102715969086
204,10,-0.019548626616597176,-0.810107946395874,-0.15652179718017578
204,11,-0.09441442042589188,-0.5455647110939026,-0.20791760087013245
204,12,0.10547663271427155,-0.29881179332733154,-0.3652023673057556
204,13,0.1269301027059555,-0.054351191967725754,-0.4244080185890198
204,14,0.15569981932640076,-0.5583603382110596,-0.14568117260932922
204,15,0.3443329334259033,-0.28926998376846313,-0.2326464056968689
204,16,0.3495846688747406,0.002855667844414711,-0.10687482357025146
205,0,0.0,0.0,0.0
205,1,0.08442331105470657,0.002337303012609482,0.017717037349939346
205,2,0.11812372505664825,0.44738370180130005,0.16440877318382263
205,3,0.03542894497513771,0.8418046236038208,0.25095850229263306
205,4,-0.09180735051631927,-0.01190093718469143,0.0660548061132431
205,5,-0.06552977114915848,0.4722408652305603,0.12660668790340424
205,6,0.004030545707792044,0.8698850870132446,0.1894412487745285
205,7,0.033937178552150726,-0.2909739017486572,-0.10836558043956757
205,8,0.00885841529816389,-0.5757032036781311,-0.12488073110580444
205,9,0.011408300139009953,-0.7012388706207275,-0.12397222965955734
205,10,0.02864808775484562,-0.7643745541572571,-0.14335191249847412
205,11,-0.08756330609321594,-0.5403873920440674,-0.19730454683303833
205,12,0.12759710848331451,-0.2942407727241516,-0.352634072303772
205,13,0.1403755098581314,-0.060405831784009933,-0.42157596349716187
205,14,0.13981835544109344,-0.5576614141464233,-0.15395158529281616
205,15,0.3198990523815155,-0.2888290584087372,-0.26222681999206543
205,16,0.3376685678958893,0.013127276673913002,-0.1521511971950531
206,0,0.0,0.0,0.0
206,1,0.047827571630477905,0.005805596709251404,0.019586805254220963
206,2,0.0844191461801529,0.4362359642982483,0.15168806910514832
206,3,0.016347235068678856,0.7896776795387268,0.2757541835308075
206,4,-0.05990622192621231,-0.004264931660145521,0.06974533200263977
206,5,-0.016609638929367065,0.4648052453994751,0.11337187886238098
206,6,0.003546510823071003,0.797744870185852,0.24314028024673462
206,7,0.01328720897436142,-0.27596592903137207,-0.10975819081068039
206,8,0.012358410283923149,-0.5463098883628845,-0.1255568116903305
206,9,0.029726743698120117,-0.678714394569397,-0.13490089774131775
206,10,0.03766709938645363,-0.7356681823730469,-0.15880998969078064
206,11,-0.07061868906021118,-0.5057008266448975,-0.19616156816482544
206,12,0.20842492580413818,-0.26794344186782837,-0.3210257589817047
206,13,0.20961254835128784,-0.056388936936855316,-0.395110160112381
206,14,0.10470026731491089,-0.5325400233268738,-0.18475580215454102
206,15,0.21638992428779602,-0.27124786376953125,-0.33815860748291016
206,16,0.2542438507080078,-0.015007907524704933,-0.28351274132728577
207,0,0.0,0.0,0.0
207,1,0.04025371000170708,0.0002611316740512848,0.017555173486471176
207,2,0.07237625122070312,0.4327792823314667,0.14628788828849792
207,3,0.011521993204951286,0.7979479432106018,0.27034249901771545
207,4,-0.04881595820188522,-0.006808804348111153,0.06787621974945068
207,5,-0.006855342537164688,0.4621961712837219,0.1114233136177063
207,6,2.8252601623535156e-05,0.813836932182312,0.2328375279903412
207,7,0.001390404999256134,-0.2775425910949707,-0.11514598876237869
207,8,0.011469007469713688,-0.56473308801651,-0.12985703349113464
207,9,0.0392337404191494,-0.6897774934768677,-0.14096036553382874
207,10,0.04460329934954643,-0.7313849925994873,-0.1618243306875229
207,11,-0.07685743272304535,-0.5205305814743042,-0.20045554637908936
207,12,0.21574002504348755,-0.2742505669593811,-0.330485999584198
207,13,0.21149179339408875,-0.056417807936668396,-0.3932523727416992
207,14,0.08296094834804535,-0.5440114736557007,-0.19263985753059387
207,15,-0.005937635898590088,-0.289811372756958,-0.357147753238678
207,16,-0.06409697234630585,-0.1140238493680954,-0.4046676754951477
208,0,0.0,0.0,0.0
208,1,0.0581982284784317,-0.005565930623561144,0.03571052849292755
208,2,0.09321947395801544,0.4577248692512512,0.15206900238990784
208,3,0.007458825595676899,0.8250374794006348,0.2644858956336975
208,4,-0.05608392879366875,-0.0008556237444281578,0.09665830433368683
208,5,0.008940929546952248,0.49416637420654297,0.09548907727003098
208,6,0.0002670539543032646,0.8948065042495728,0.19474127888679504
208,7,0.009441353380680084,-0.29036766290664673,-0.11718545854091644
208,8,0.02036585472524166,-0.5755970478057861,-0.13187569379806519
208,9,0.0472179651260376,-0.7073215246200562,-0.1423414945602417
208,10,0.04985515773296356,-0.7752230167388916,-0.17152592539787292
208,11,-0.0631483867764473,-0.5546983480453491,-0.2024649679660797
208,12,0.2814093232154846,-0.2910642921924591,-0.32477688789367676
208,13,0.284265398979187,-0.06741509586572647,-0.41254091262817383
208,14,0.08399231731891632,-0.5662717819213867,-0.20091739296913147
208,15,-0.0279759019613266,-0.32674849033355713,-0.37387290596961975
208,16,-0.16849538683891296,-0.16253626346588135,-0.43827831745147705
209,0,0.0,0.0,0.0
209,1,0.027682961896061897,-0.0002962527796626091,0.02305499091744423
209,2,0.060731254518032074,0.4552913010120392,0.12314385175704956
209,3,-0.004509462974965572,0.811507523059845,0.2564849853515625
209,4,-0.04035339504480362,0.0005482062697410583,0.09262145310640335
209,5,0.02295229583978653,0.4975159764289856,0.08242660015821457
209,6,-0.009384781122207642,0.8457928895950317,0.20742768049240112
209,7,-0.0021135250572115183,-0.286368191242218,-0.10794587433338165
209,8,0.010396498255431652,-0.5700008869171143,-0.1299230456352234
209,9,0.03196299448609352,-0.7078993320465088,-0.15325739979743958
209,10,0.030039111152291298,-0.756879448890686,-0.18029256165027618
209,11,-0.08130796253681183,-0.5226484537124634,-0.21132409572601318
209,12,0.17542970180511475,-0.2872695028781891,-0.36569666862487793
209,13,0.16476768255233765,-0.09142836928367615,-0.47382932901382446
209,14,0.09249110519886017,-0.5482144951820374,-0.19815506041049957
209,15,0.19319701194763184,-0.29421716928482056,-0.3814297318458557
209,16,0.23696598410606384,-0.05445065349340439,-0.35400503873825073
210,0,0.0,0.0,0.0
210,1,-0.001207853201776743,-0.0005773408338427544,0.03976714611053467
210,2,-0.033264800906181335,0.3637300133705139,0.20359131693840027
210,3,0.0032536895014345646,0.6749793291091919,0.3240150511264801
210,4,0.00046323530841618776,0.009487127885222435,0.08274930715560913
210,5,0.0339086689054966,0.37776485085487366,0.19831445813179016
210,6,0.018828216940164566,0.6854220628738403,0.3121897876262665
210,7,-0.05237041413784027,-0.2191469669342041,-0.08145204186439514
210,8,0.029063699766993523,-0.492448091506958,-0.14412251114845276
210,9,0.0735035240650177,-0.5774608850479126,-0.1453385353088379
210,10,0.04463842511177063,-0.6184878945350647,-0.15686583518981934
210,11,-0.09674574434757233,-0.406952440738678,-0.1781577467918396
210,12,-0.1812184751033783,-0.25076889991760254,-0.2652164697647095
210,13,-0.14446794986724854,-0.06951294839382172,-0.0918503925204277
210,14,0.104302778840065,-0.44079628586769104,-0.20568710565567017
210,15,-0.012886811047792435,-0.1328979879617691,-0.29793936014175415
210,16,-0.06728719919919968,-0.09686847031116486,-0.4180230498313904
211,0,0.0,0.0,0.0
211,1,0.0006688358262181282,-0.0009021880105137825,0.04171132296323776
211,2,-0.04902053624391556,0.36748549342155457,0.21185371279716492
211,3,-0.00026131607592105865,0.6813467741012573,0.33992868661880493
211,4,-0.003939769696444273,0.010007297620177269,0.08572020381689072
211,5,0.030038651078939438,0.38271892070770264,0.2063586711883545
211,6,0.004182308446615934,0.6979244947433472,0.32316288352012634
211,7,-0.04617777466773987,-0.22855812311172485,-0.08041717857122421
211,8,0.03049144335091114,-0.5013715624809265,-0.1264888048171997
211,9,0.06528057903051376,-0.5959703326225281,-0.12532520294189453
211,10,0.03991475701332092,-0.6697894930839539,-0.1404762864112854
211,11,-0.10805904120206833,-0.43733108043670654,-0.16293925046920776
211,12,-0.21398110687732697,-0.25739917159080505,-0.25661253929138184
211,13,-0.1842227578163147,-0.08051179349422455,-0.08652880787849426
211,14,0.11574825644493103,-0.466949999332428,-0.17470815777778625
211,15,0.06549163907766342,-0.2069368064403534,-0.3225019574165344
211,16,0.03614475950598717,-0.08628031611442566,-0.38972723484039307
212,0,0.0,0.0,0.0
212,1,0.004345247987657785,-0.0018081096932291985,0.04101543128490448
212,2,-0.052669793367385864,0.36783313751220703,0.21301677823066711
212,3,-0.003765343688428402,0.6836488842964172,0.3385002315044403
212,4,-0.006925307679921389,0.010278280824422836,0.08607980608940125
212,5,0.025731433182954788,0.3829267621040344,0.21056729555130005
212,6,0.00022998172789812088,0.6989197731018066,0.32767945528030396
212,7,-0.04262670874595642,-0.23260465264320374,-0.07828070223331451
212,8,0.029109731316566467,-0.505665123462677,-0.12077198177576065
212,9,0.06085045635700226,-0.5967807769775391,-0.115799680352211
212,10,0.03395175188779831,-0.6722791194915771,-0.13181880116462708
212,11,-0.12069401890039444,-0.45864832401275635,-0.1582038402557373
212,12,-0.23764175176620483,-0.2602046728134155,-0.23560495674610138
212,13,-0.20710903406143188,-0.07923205196857452,-0.07905244827270508
212,14,0.11768964678049088,-0.4690603017807007,-0.16540798544883728
212,15,0.09071724861860275,-0.2160038948059082,-0.3204105496406555
212,16,0.05610218644142151,-0.07204926013946533,-0.38155829906463623
213,0,0.0,0.0,0.0
213,1,0.007419163826853037,-0.0018827477470040321,0.03747934848070145
213,2,-0.045740388333797455,0.3654676377773285,0.21101853251457214
213,3,-0.006689322181046009,0.6857388019561768,0.33536213636398315
213,4,-0.009380497969686985,0.011828588321805,0.08773252367973328
213,5,0.022023003548383713,0.3849414587020874,0.20984911918640137
213,6,-0.0029827100224792957,0.6993263959884644,0.32444047927856445
213,7,-0.03644101321697235,-0.23589207231998444,-0.08247016370296478
213,8,0.029153209179639816,-0.5065199732780457,-0.1242939829826355
213,9,0.06299591809511185,-0.5946335196495056,-0.11807462573051453
213,10,0.032697468996047974,-0.6540374755859375,-0.13307039439678192
213,11,-0.12268932163715363,-0.45975324511528015,-0.16009023785591125
213,12,-0.24620431661605835,-0.2708914875984192,-0.23116041719913483
213,13,-0.2186615765094757,-0.0776335597038269,-0.06407803297042847
213,14,0.11979370564222336,-0.46762698888778687,-0.17228686809539795
213,15,0.10371667146682739,-0.21118050813674927,-0.31341806054115295
213,16,-0.013839218765497208,-0.09327186644077301,-0.3795114755630493
214,0,0.0,0.0,0.0
214,1,0.016606127843260765,0.0006868345662951469,0.036220453679561615
214,2,-0.03692377731204033,0.36669495701789856,0.21545344591140747
214,3,-0.009894459508359432,0.6921164989471436,0.3357941508293152
214,4,-0.019539974629878998,0.011461337096989155,0.08814864605665207
214,5,0.014346340671181679,0.38394805788993835,0.2112267017364502
214,6,-0.006982080172747374,0.7064408659934998,0.3213436007499695
214,7,-0.031140439212322235,-0.23568233847618103,-0.08697381615638733
214,8,0.018555115908384323,-0.5109619498252869,-0.11909070611000061
214,9,0.03792189806699753,-0.6022785902023315,-0.10857553035020828
214,10,0.007884682156145573,-0.671566367149353,-0.1222628802061081
214,11,-0.13530832529067993,-0.4615457355976105,-0.1480446457862854
214,12,-0.2696975767612457,-0.2676503658294678,-0.19821104407310486
214,13,-0.2482568621635437,-0.06865543127059937,-0.02932850643992424
214,14,0.12950490415096283,-0.47190776467323303,-0.15516337752342224
214,15,0.17752087116241455,-0.2397330105304718,-0.29471397399902344
214,16,0.15636566281318665,-0.010676455684006214,-0.24982814490795135
215,0,0.0,0.0,0.0
215,1,0.028638478368520737,0.001825522631406784,0.025753773748874664
215,2,-0.021746067330241203,0.3669606149196625,0.21414628624916077
215,3,-0.016527030616998672,0.7145421504974365,0.3258495330810547
215,4,-0.035146113485097885,0.014649014919996262,0.09111548215150833
215,5,0.0055144173093140125,0.38694846630096436,0.21164855360984802
215,6,-0.013252225704491138,0.7218871116638184,0.3201117515563965
215,7,-0.019045405089855194,-0.23817716538906097,-0.09666777402162552
215,8,0.007946090772747993,-0.5125705003738403,-0.12490350008010864
215,9,0.016360029578208923,-0.6109916567802429,-0.11071661114692688
215,10,-0.01576412282884121,-0.685160756111145,-0.12330316752195358
215,11,-0.14653342962265015,-0.4612014889717102,-0.15205755829811096
215,12,-0.283511221408844,-0.2642837166786194,-0.18996353447437286
215,13,-0.26658135652542114,-0.057199619710445404,-0.02604551613330841
215,14,0.13150638341903687,-0.4723438024520874,-0.15926490724086761
215,15,0.16780707240104675,-0.2140219658613205,-0.27416008710861206
215,16,0.16588354110717773,0.005835689604282379,-0.18928709626197815
216,0,0.0,0.0,0.0
216,1,0.04417368769645691,0.010862188413739204,0.01854148507118225
216,2,0.004317618440836668,0.3767920136451721,0.2076183557510376
216,3,-0.016041938215494156,0.7266101241111755,0.29766327142715454
216,4,-0.046933725476264954,0.012708395719528198,0.0885135754942894
216,5,-0.013407737016677856,0.3889963924884796,0.20115160942077637
216,6,-0.013922649435698986,0.7317085266113281,0.2871687114238739
216,7,0.0034212758764624596,-0.23550143837928772,-0.10385081171989441
216,8,0.0010201644618064165,-0.5069906711578369,-0.1273617446422577
216,9,0.00231125857681036,-0.6053581833839417,-0.11626686155796051
216,10,-0.03111160546541214,-0.645085871219635,-0.12611904740333557
216,11,-0.15366381406784058,-0.4517936706542969,-0.15341147780418396
216,12,-0.2841761112213135,-0.252186119556427,-0.1911172866821289
216,13,-0.2754442095756531,-0.044211842119693756,-0.030643165111541748
216,14,0.1446756273508072,-0.46061214804649353,-0.14833001792430878
216,15,0.2113354504108429,-0.20602869987487793,-0.23640353977680206
216,16,0.20299889147281647,0.0353783518075943,-0.15240442752838135
217,0,0.0,0.0,0.0
217,1,0.0643441304564476,0.013364875689148903,-0.004214480519294739
217,2,0.03159761056303978,0.38111552596092224,0.19374075531959534
217,3,-0.010370372794568539,0.7409151792526245,0.2695416212081909
217,4,-0.06946539878845215,0.00504358671605587,0.08436982333660126
217,5,-0.025666849687695503,0.3876737952232361,0.18912845849990845
217,6,-0.008597511798143387,0.7421344518661499,0.267180860042572
217,7,0.032853852957487106,-0.2305997908115387,-0.10941256582736969
217,8,6.171036511659622e-05,-0.501488447189331,-0.1319928765296936
217,9,-0.011339318938553333,-0.6052054762840271,-0.11860661208629608
217,10,-0.04298826679587364,-0.6410821676254272,-0.12652914226055145
217,11,-0.15256814658641815,-0.44806915521621704,-0.1622556447982788
217,12,-0.2756693959236145,-0.24436035752296448,-0.2019798755645752
217,13,-0.2754652500152588,-0.03556789085268974,-0.05951564759016037
217,14,0.1610672026872635,-0.45085781812667847,-0.14877437055110931
217,15,0.23670047521591187,-0.1956215351819992,-0.21479010581970215
217,16,0.22366617619991302,0.04202001541852951,-0.10836192220449448
218,0,0.0,0.0,0.0
218,1,0.082140251994133,0.01889302209019661,-0.008604630827903748
218,2,0.05923285335302353,0.38838452100753784,0.1885019838809967
218,3,-0.004086396191269159,0.7530956864356995,0.23735027015209198
218,4,-0.0850101113319397,-0.0025452980771660805,0.07800377905368805
218,5,-0.04041050374507904,0.391085147857666,0.17876163125038147
218,6,-0.002890662755817175,0.7453570365905762,0.24905511736869812
218,7,0.05215206369757652,-0.2239847332239151,-0.10727565735578537
218,8,0.002609234768897295,-0.4915207028388977,-0.13375642895698547
218,9,-0.018356123939156532,-0.5967115163803101,-0.12065516412258148
218,10,-0.04738768935203552,-0.6358794569969177,-0.12759888172149658
218,11,-0.14546450972557068,-0.4404318630695343,-0.16985736787319183
218,12,-0.26349303126335144,-0.2353895604610443,-0.20949456095695496
218,13,-0.2687409520149231,-0.025870591402053833,-0.0766771137714386
218,14,0.1728963553905487,-0.4388221502304077,-0.1451064944267273
218,15,0.25882720947265625,-0.18912050127983093,-0.19352658092975616
218,16,0.23981240391731262,0.04293804615736008,-0.07673737406730652
219,0,0.0,0.0,0.0
219,1,0.08390741795301437,0.014876853674650192,-0.01609273999929428
219,2,0.06255440413951874,0.3852939307689667,0.18998076021671295
219,3,-0.0026112832129001617,0.754199743270874,0.23783040046691895
219,4,-0.08915020525455475,-0.005405427888035774,0.06801934540271759
219,5,-0.046251263469457626,0.3884493112564087,0.18030358850955963
219,6,-0.002071232534945011,0.7462360858917236,0.24996525049209595
219,7,0.05477374047040939,-0.22809603810310364,-0.10623747110366821
219,8,0.0007170755416154861,-0.5068475008010864,-0.13325390219688416
219,9,-0.023664698004722595,-0.6049832701683044,-0.11647096276283264
219,10,-0.05200507119297981,-0.648881196975708,-0.12262573838233948
219,11,-0.1437976062297821,-0.4497620761394501,-0.17030364274978638
219,12,-0.26583707332611084,-0.23863184452056885,-0.21113280951976776
219,13,-0.2792433500289917,-0.023602213710546494,-0.08065657317638397
219,14,0.17386895418167114,-0.4506329298019409,-0.13972114026546478
219,15,0.26892220973968506,-0.20533956587314606,-0.19478897750377655
219,16,0.24218550324440002,0.021082893013954163,-0.0662071481347084
220,0,0.0,0.0,0.0
220,1,0.09223330765962601,0.01363181322813034,-0.013808928430080414
220,2,0.07032890617847443,0.3885287642478943,0.19337043166160583
220,3,0.00036552222445607185,0.7718712091445923,0.2267962098121643
220,4,-0.09685018658638,-0.0067803747951984406,0.06038520485162735
220,5,-0.059605736285448074,0.38983750343322754,0.17990738153457642
220,6,-0.0022784890606999397,0.7531520128250122,0.24506671726703644
220,7,0.06076912581920624,-0.22921998798847198,-0.10689669102430344
220,8,0.001306253601796925,-0.5042469501495361,-0.13177496194839478
220,9,-0.02760263904929161,-0.6073052883148193,-0.11457284539937973
220,10,-0.059296946972608566,-0.6733153462409973,-0.12332125008106232
220,11,-0.13541600108146667,-0.4533463716506958,-0.1776648610830307
220,12,-0.26564157009124756,-0.23526059091091156,-0.2158416360616684
220,13,-0.28824925422668457,-0.008449866436421871,-0.09402364492416382
220,14,0.1750672161579132,-0.45786547660827637,-0.13464877009391785
220,15,0.2864312529563904,-0.2214113175868988,-0.19693168997764587
220,16,0.24880540370941162,-0.005424222908914089,-0.049209319055080414
221,0,0.0,0.0,0.0
221,1,0.09664057940244675,0.012635460123419762,-0.0016462355852127075
221,2,0.07479030638933182,0.39348775148391724,0.19359572231769562
221,3,0.003144797869026661,0.7818241119384766,0.21349067986011505
221,4,-0.10522058606147766,-0.0028981827199459076,0.06124429404735565
221,5,-0.07036203891038895,0.39748671650886536,0.1695922464132309
221,6,-0.0031236824579536915,0.7678933143615723,0.22700262069702148
221,7,0.06699647009372711,-0.2284359335899353,-0.10505197942256927
221,8,-0.00010382477194070816,-0.505690336227417,-0.13502511382102966
221,9,-0.036828309297561646,-0.6148325800895691,-0.11987331509590149
221,10,-0.06641372293233871,-0.6678861379623413,-0.12582769989967346
221,11,-0.13032178580760956,-0.45044735074043274,-0.18715247511863708
221,12,-0.25030261278152466,-0.23301200568675995,-0.2384457290172577
221,13,-0.27369868755340576,-0.0003838399425148964,-0.11690101027488708
221,14,0.17663361132144928,-0.4546373784542084,-0.13021211326122284
221,15,0.29760581254959106,-0.21976801753044128,-0.18398995697498322
221,16,0.25450003147125244,-0.01024124026298523,-0.027783595025539398
222,0,0.0,0.0,0.0
222,1,0.09969524294137955,0.009731132537126541,0.000956214964389801
222,2,0.07662279903888702,0.3924543261528015,0.18972262740135193
222,3,0.006636502221226692,0.7844138741493225,0.20448580384254456
222,4,-0.10994530469179153,-0.0015364764258265495,0.05199915170669556
222,5,-0.07688742876052856,0.39831456542015076,0.1644008308649063
222,6,-0.004257257096469402,0.7683680057525635,0.2227051556110382
222,7,0.071244016289711,-0.22708502411842346,-0.10179543495178223
222,8,-0.0025985133834183216,-0.5064117908477783,-0.1374572217464447
222,9,-0.047289010137319565,-0.6148982048034668,-0.12234143912792206
222,10,-0.07712530344724655,-0.671709418296814,-0.12996482849121094
222,11,-0.12100634723901749,-0.4501013159751892,-0.1972661018371582
222,12,-0.23066216707229614,-0.23104016482830048,-0.2607630789279938
222,13,-0.25112196803092957,0.00641973689198494,-0.15507665276527405
222,14,0.1725049763917923,-0.45662662386894226,-0.12392324209213257
222,15,0.3057249188423157,-0.22281455993652344,-0.16758492588996887
222,16,0.2630135118961334,-0.023878272622823715,-0.0010297219268977642
223,0,0.0,0.0,0.0
223,1,0.10133013129234314,0.006245930679142475,0.004167310893535614
223,2,0.08223139494657516,0.3949696719646454,0.19213348627090454
223,3,0.010960682295262814,0.7925699949264526,0.20368993282318115
223,4,-0.11241696774959564,0.0003022449091076851,0.051730312407016754
223,5,-0.08378561586141586,0.40954065322875977,0.1539810299873352
223,6,-0.0036218990571796894,0.788550853729248,0.20930519700050354
223,7,0.07528741657733917,-0.22840312123298645,-0.10410750657320023
223,8,-0.0017346963286399841,-0.51322340965271,-0.14035645127296448
223,9,-0.04963817447423935,-0.62464439868927,-0.12782879173755646
223,10,-0.08157669007778168,-0.6797573566436768,-0.1357211172580719
223,11,-0.11667726933956146,-0.45350712537765503,-0.20879864692687988
223,12,-0.23053017258644104,-0.23135526478290558,-0.28124111890792847
223,13,-0.2648378908634186,0.013869604095816612,-0.18382969498634338
223,14,0.17764736711978912,-0.4583451747894287,-0.12380668520927429
223,15,0.31972557306289673,-0.22945231199264526,-0.16814590990543365
223,16,0.272607684135437,-0.033191561698913574,0.00700259767472744
224,0,0.0,0.0,0.0
224,1,0.09142479300498962,0.005317716859281063,0.00739249587059021
224,2,0.08032964169979095,0.3932364583015442,0.18053112924098969
224,3,0.02573561854660511,0.7916473150253296,0.1927376240491867
224,4,-0.1103898137807846,0.003799229860305786,0.05034531652927399
224,5,-0.07529046386480331,0.4091862738132477,0.1519937366247177
224,6,-0.0011958419345319271,0.7647526860237122,0.2212371677160263
224,7,0.08209261298179626,-0.2252230942249298,-0.0979740098118782
224,8,0.0002873232588171959,-0.5023854374885559,-0.14496341347694397
224,9,-0.0669158473610878,-0.6161414980888367,-0.13679516315460205
224,10,-0.10035943984985352,-0.6723385453224182,-0.14653544127941132
224,11,-0.07420399785041809,-0.44760262966156006,-0.2191932648420334
224,12,-0.06424571573734283,-0.24788403511047363,-0.30458423495292664
224,13,0.1012093797326088,-0.01981363072991371,-0.2506873905658722
224,14,0.16007409989833832,-0.45802372694015503,-0.11776351928710938
224,15,0.32635581493377686,-0.23158559203147888,-0.1538996398448944
224,16,0.2897163927555084,-0.05289284884929657,0.03166373819112778
225,0,0.0,0.0,0.0
225,1,0.09009142220020294,0.004595331847667694,0.003964733332395554
225,2,0.09894205629825592,0.3902818560600281,0.1827094405889511
225,3,0.028574511408805847,0.7965450286865234,0.19254779815673828
225,4,-0.1036330834031105,0.0016803350299596786,0.04242001846432686
225,5,-0.08275292068719864,0.41849976778030396,0.14458097517490387
225,6,0.004507350269705057,0.7705187797546387,0.21371786296367645
225,7,0.08484510332345963,-0.23011432588100433,-0.09670250862836838
225,8,0.006134919356554747,-0.5113757848739624,-0.13926781713962555
225,9,-0.06173695623874664,-0.6280151605606079,-0.1339181363582611
225,10,-0.09672927111387253,-0.6854852437973022,-0.1444336473941803
225,11,-0.07364233583211899,-0.4588749408721924,-0.22036117315292358
225,12,-0.046877969056367874,-0.24181067943572998,-0.32902252674102783
225,13,-0.01676259934902191,-0.003476532641798258,-0.3247605264186859
225,14,0.1687120497226715,-0.46741512417793274,-0.11602704972028732
225,15,0.3420499861240387,-0.243972510099411,-0.15901848673820496
225,16,0.3065377473831177,-0.05471644178032875,0.024699604138731956
226,0,0.0,0.0,0.0
226,1,0.08839623630046844,0.0005838889628648758,0.004244789481163025
226,2,0.09627476334571838,0.3975942134857178,0.17798608541488647
226,3,0.025350475683808327,0.8155441880226135,0.18800722062587738
226,4,-0.09967612475156784,-0.00018906313925981522,0.04342903569340706
226,5,-0.07491184771060944,0.42372050881385803,0.1412121206521988
226,6,0.002491619437932968,0.7769730687141418,0.22040364146232605
226,7,0.0856713280081749,-0.23467028141021729,-0.10247190296649933
226,8,0.007547568529844284,-0.5181502103805542,-0.14513710141181946
226,9,-0.06563828885555267,-0.6411519646644592,-0.1409003734588623
226,10,-0.1050686314702034,-0.72053062915802,-0.15773822367191315
226,11,-0.05240442231297493,-0.4736223816871643,-0.22837242484092712
226,12,0.07752060890197754,-0.25347626209259033,-0.3156880736351013
226,13,0.20251834392547607,-0.023293908685445786,-0.3015497028827667
226,14,0.16054096817970276,-0.47758781909942627,-0.12577952444553375
226,15,0.34432196617126465,-0.24926945567131042,-0.179561585187912
226,16,0.3150196075439453,-0.04875501990318298,-0.0035402812063694
227,0,0.0,0.0,0.0
227,1,0.08861103653907776,-0.0017983857542276382,0.011781018227338791
227,2,0.10766729712486267,0.39938604831695557,0.18869368731975555
227,3,0.033891577273607254,0.801322877407074,0.20692431926727295
227,4,-0.10034053027629852,0.00044727232307195663,0.04849143326282501
227,5,-0.08467133343219757,0.4266790449619293,0.13987848162651062
227,6,0.005153293255716562,0.8131932616233826,0.1978786587715149
227,7,0.0817859023809433,-0.24100497364997864,-0.09827390313148499
227,8,0.005961615592241287,-0.5229714512825012,-0.1350879818201065
227,9,-0.05887296795845032,-0.6481939554214478,-0.13101845979690552
227,10,-0.09527205675840378,-0.7278218269348145,-0.14680016040802002
227,11,-0.08616402745246887,-0.4739949703216553,-0.22361233830451965
227,12,-0.12109624594449997,-0.2336226999759674,-0.34721845388412476
227,13,-0.18828187882900238,0.007168563082814217,-0.3276140093803406
227,14,0.17140543460845947,-0.48540326952934265,-0.11180198192596436
227,15,0.3485311269760132,-0.2564433515071869,-0.1563790738582611
227,16,0.3155305087566376,-0.04367523640394211,0.013863561674952507
228,0,0.0,0.0,0.0
228,1,0.0665743499994278,0.0008899206295609474,0.0135471411049366
228,2,0.09335998445749283,0.4085906147956848,0.17382486164569855
228,3,0.01876435987651348,0.8203592300415039,0.18702581524848938
228,4,-0.09701767563819885,0.00291510671377182,0.06299610435962677
228,5,-0.07787112891674042,0.4321821630001068,0.1338879019021988
228,6,-0.004077799152582884,0.7955261468887329,0.21639683842658997
228,7,0.07919643819332123,-0.2423921525478363,-0.09931022673845291
228,8,0.0011815278558060527,-0.5207642912864685,-0.1448814868927002
228,9,-0.07419832795858383,-0.6548462510108948,-0.14523527026176453
228,10,-0.11362841725349426,-0.7522482872009277,-0.1661820411682129
228,11,-0.03978448361158371,-0.48069626092910767,-0.22055625915527344
228,12,0.18912453949451447,-0.2423715591430664,-0.2953990697860718
228,13,0.2695428133010864,-0.017360884696245193,-0.29094433784484863
228,14,0.14226248860359192,-0.4938848614692688,-0.1391594558954239
228,15,0.3354440927505493,-0.2584317922592163,-0.19555941224098206
228,16,0.31808456778526306,-0.03796400874853134,-0.026545332744717598
229,0,0.0,0.0,0.0
229,1,0.08006110787391663,0.0008058231323957443,0.01740304008126259
229,2,0.11361542344093323,0.40830206871032715,0.1795073002576828
229,3,0.03500604256987572,0.8231896758079529,0.19263002276420593
229,4,-0.09099527448415756,-0.0023528793826699257,0.052156705409288406
229,5,-0.07981438934803009,0.43217262625694275,0.13904203474521637
229,6,0.01047040056437254,0.798319935798645,0.21227271854877472
229,7,0.08371012657880783,-0.24712137877941132,-0.0947050005197525
229,8,0.010989549569785595,-0.530532956123352,-0.13716132938861847
229,9,-0.06110124662518501,-0.6615793704986572,-0.13453561067581177
229,10,-0.09568330645561218,-0.7410867214202881,-0.15095046162605286
229,11,-0.043047741055488586,-0.4889872670173645,-0.2161094695329666
229,12,0.0981532409787178,-0.2577868103981018,-0.31158947944641113
229,13,0.21728907525539398,-0.02314893528819084,-0.30890434980392456
229,14,0.16013486683368683,-0.5017004013061523,-0.12694723904132843
229,15,0.3498932719230652,-0.26808905601501465,-0.1895739734172821
229,16,0.3371822237968445,-0.0352141335606575,-0.03397161141037941
230,0,0.0,0.0,0.0
230,1,0.08108648657798767,0.000709892250597477,0.01993091031908989
230,2,0.11674156785011292,0.415871798992157,0.1785125583410263
230,3,0.03634237125515938,0.8326951265335083,0.19412049651145935
230,4,-0.0911095142364502,-0.003969637677073479,0.0534098744392395
230,5,-0.08312874287366867,0.43690985441207886,0.13910545408725739
230,6,0.011943467892706394,0.8128482103347778,0.20563620328903198
230,7,0.08036728948354721,-0.2544356882572174,-0.09418536722660065
230,8,0.009287692606449127,-0.5510470867156982,-0.1366807222366333
230,9,-0.05879849195480347,-0.6846952438354492,-0.13638466596603394
230,10,-0.08710576593875885,-0.7552634477615356,-0.15028256177902222
230,11,-0.05027240514755249,-0.5041331648826599,-0.21340832114219666
230,12,0.07250599563121796,-0.2642052173614502,-0.3189348578453064
230,13,0.17883636057376862,-0.024459898471832275,-0.31958913803100586
230,14,0.15934109687805176,-0.5144903659820557,-0.12910616397857666
230,15,0.3463977575302124,-0.2741304039955139,-0.1988959014415741
230,16,0.3414977192878723,-0.027433648705482483,-0.051713719964027405
231,0,0.0,0.0,0.0
231,1,0.0837392657995224,0.001516958698630333,0.022679325193166733
231,2,0.11816773563623428,0.4322303831577301,0.17527270317077637
231,3,0.03380732983350754,0.8663169145584106,0.19392052292823792
231,4,-0.09643542021512985,-0.005863548256456852,0.057397373020648956
231,5,-0.08910251408815384,0.44713306427001953,0.14108392596244812
231,6,0.00970271322876215,0.8474597334861755,0.1970197558403015
231,7,0.07253957539796829,-0.2704254984855652,-0.09948568046092987
231,8,0.0047103045508265495,-0.5793238878250122,-0.13513171672821045
231,9,-0.05987443029880524,-0.7262918949127197,-0.14225342869758606
231,10,-0.08125418424606323,-0.7766424417495728,-0.15360119938850403
231,11,-0.056514155119657516,-0.5342404246330261,-0.2075732946395874
231,12,0.08737686276435852,-0.28061771392822266,-0.32650619745254517
231,13,0.1969422996044159,-0.03530857712030411,-0.33954548835754395
231,14,0.15091627836227417,-0.5394995212554932,-0.14247414469718933
231,15,0.3389489948749542,-0.2831193208694458,-0.22913852334022522
231,16,0.3430267572402954,-0.021609149873256683,-0.09598536044359207
232,0,0.0,0.0,0.0
232,1,0.09545466303825378,0.0059717148542404175,0.040188584476709366
232,2,0.12295228987932205,0.4453861713409424,0.18395289778709412
232,3,0.038542162626981735,0.8878792524337769,0.19933441281318665
232,4,-0.10392619669437408,-0.00720549188554287,0.07631173729896545
232,5,-0.09901803731918335,0.45916658639907837,0.1579880565404892
232,6,0.004000047687441111,0.8881348371505737,0.18331962823867798
232,7,0.06396116316318512,-0.288714736700058,-0.10276420414447784
232,8,0.0072532701306045055,-0.5852910280227661,-0.12841466069221497
232,9,-0.04084143787622452,-0.7181829214096069,-0.13111576437950134
232,10,-0.06634028255939484,-0.8130069971084595,-0.15653730928897858
232,11,-0.10119330883026123,-0.5558940768241882,-0.20262496173381805
232,12,-0.12406408786773682,-0.2857106029987335,-0.35981905460357666
232,13,-0.20682090520858765,-0.02332445979118347,-0.36844390630722046
232,14,0.16181854903697968,-0.5545808672904968,-0.13445903360843658
232,15,0.3413078188896179,-0.2858005166053772,-0.21840421855449677
232,16,0.35016363859176636,-0.005887458100914955,-0.08313943445682526
233,0,0.0,0.0,0.0
233,1,0.1026831567287445,0.0069348011165857315,0.03947792574763298
233,2,0.12682446837425232,0.4573436379432678,0.18298621475696564
233,3,0.0413881354033947,0.9041010141372681,0.20287495851516724
233,4,-0.10914897918701172,-0.007938293740153313,0.07203024625778198
233,5,-0.0886172503232956,0.47532519698143005,0.15423709154129028
233,6,0.0027005434967577457,0.9268280267715454,0.16909471154212952
233,7,0.06048890948295593,-0.29570937156677246,-0.10028421878814697
233,8,0.009311918169260025,-0.5950714349746704,-0.12224661558866501
233,9,-0.03946809843182564,-0.7294729948043823,-0.12533216178417206
233,10,-0.06103004515171051,-0.8187851905822754,-0.15075600147247314
233,11,-0.08984967321157455,-0.5643200874328613,-0.1927579641342163
233,12,-0.12336588650941849,-0.2913714051246643,-0.3535381853580475
233,13,-0.1905824840068817,-0.037214312702417374,-0.3798576593399048
233,14,0.16002023220062256,-0.5663063526153564,-0.13214528560638428
233,15,0.3460622727870941,-0.29569265246391296,-0.22808851301670074
233,16,0.3589649796485901,-0.0010465607047080994,-0.09974319487810135
234,0,0.0,0.0,0.0
234,1,0.1014786884188652,0.010701728984713554,0.0403890423476696
234,2,0.1272071897983551,0.4721439480781555,0.1777765452861786
234,3,0.03562213480472565,0.93789142370224,0.19863788783550262
234,4,-0.11224715411663055,-0.008783161640167236,0.08000501990318298
234,5,-0.08072628080844879,0.4880608916282654,0.15335646271705627
234,6,0.001324716955423355,0.9409890174865723,0.17598065733909607
234,7,0.0575532391667366,-0.30445706844329834,-0.10413095355033875
234,8,0.012958835810422897,-0.617609977722168,-0.13121938705444336
234,9,-0.033342014998197556,-0.7581716775894165,-0.13958927989006042
234,10,-0.049438927322626114,-0.8282850980758667,-0.16072547435760498
234,11,-0.07199742645025253,-0.5817045569419861,-0.1986212134361267
234,12,0.02080543339252472,-0.31184881925582886,-0.37596723437309265
234,13,-0.11842793971300125,-0.05725046992301941,-0.4371599853038788
234,14,0.15663184225559235,-0.5802218914031982,-0.14986521005630493
234,15,0.347809374332428,-0.305083692073822,-0.2605380117893219
234,16,0.3606788218021393,-0.0009046224877238274,-0.12866462767124176
235,0,0.0,0.0,0.0
235,1,0.08806057274341583,0.016538236290216446,0.035450614988803864
235,2,0.1210692748427391,0.4960538148880005,0.16637444496154785
235,3,0.02276827022433281,0.964508056640625,0.19257204234600067
235,4,-0.10010839998722076,-0.00965907983481884,0.08818931132555008
235,5,-0.050500743091106415,0.5150095224380493,0.13625597953796387
235,6,0.001970225479453802,0.9653416872024536,0.17392292618751526
235,7,0.05275814235210419,-0.3076961040496826,-0.10856212675571442
235,8,0.01565657928586006,-0.6177282333374023,-0.13528504967689514
235,9,-0.025269661098718643,-0.7586860060691833,-0.1465643346309662
235,10,-0.03255879878997803,-0.8267018795013428,-0.17269998788833618
235,11,-0.044163256883621216,-0.5949714183807373,-0.1995108723640442
235,12,0.12699243426322937,-0.2930189073085785,-0.3598516881465912
235,13,0.16283102333545685,-0.05114869773387909,-0.4321715533733368
235,14,0.13236510753631592,-0.582082986831665,-0.18015600740909576
235,15,0.32637691497802734,-0.30374470353126526,-0.3117693066596985
235,16,0.3416961133480072,-0.00662998016923666,-0.19141577184200287
236,0,0.0,0.0,0.0
236,1,0.05496007204055786,0.023577485233545303,0.03737860545516014
236,2,0.09630268812179565,0.4963212013244629,0.1475786715745926
236,3,0.005911477841436863,0.9367673993110657,0.18031586706638336
236,4,-0.08324583619832993,-0.002144967205822468,0.08488227427005768
236,5,-0.01598775014281273,0.522823691368103,0.11206058412790298
236,6,0.007789064664393663,0.9381674528121948,0.16823047399520874
236,7,0.047477759420871735,-0.2852228283882141,-0.11162427067756653
236,8,0.015797428786754608,-0.5912055969238281,-0.1437818706035614
236,9,-0.018160272389650345,-0.730921745300293,-0.1652986854314804
236,10,-0.023985380306839943,-0.7909594774246216,-0.19078734517097473
236,11,-0.020240336656570435,-0.576230525970459,-0.20239388942718506
236,12,0.21702879667282104,-0.25621140003204346,-0.3227764368057251
236,13,0.2458142638206482,-0.015614848583936691,-0.383325457572937
236,14,0.11242420971393585,-0.5470486879348755,-0.2041756510734558
236,15,0.27781274914741516,-0.26411545276641846,-0.3344470262527466
236,16,0.28247159719467163,-0.00859885849058628,-0.21151073276996613
237,0,0.0,0.0,0.0
237,1,0.04978400096297264,0.02362835220992565,0.039084892719984055
237,2,0.08576295524835587,0.5142838954925537,0.14831891655921936
237,3,-0.0021999236196279526,0.974272608757019,0.18138591945171356
237,4,-0.08321525901556015,-0.005183077417314053,0.09605791419744492
237,5,0.007917671464383602,0.5463154315948486,0.10369246453046799
237,6,0.0012863739393651485,0.9825005531311035,0.15986019372940063
237,7,0.04220185428857803,-0.2985643744468689,-0.11907587200403214
237,8,0.01805645041167736,-0.6113133430480957,-0.14984634518623352
237,9,-0.01349954679608345,-0.7636315822601318,-0.17855393886566162
237,10,-0.023119037970900536,-0.857274055480957,-0.2146429717540741
237,11,-0.018278134986758232,-0.6046886444091797,-0.20716464519500732
237,12,0.23111727833747864,-0.2755100727081299,-0.34228917956352234
237,13,0.2663751244544983,-0.036641258746385574,-0.4169943928718567
237,14,0.10790514200925827,-0.5674378275871277,-0.21876917779445648
237,15,0.26625263690948486,-0.28277236223220825,-0.36277496814727783
237,16,0.2832140624523163,-0.022830842062830925,-0.19387194514274597
238,0,0.0,0.0,0.0
238,1,0.04727577045559883,0.02235513925552368,0.05350387096405029
238,2,0.0796424075961113,0.5541723966598511,0.1575847864151001
238,3,-0.009785560891032219,1.073675274848938,0.1736019402742386
238,4,-0.07941333204507828,-0.007333787623792887,0.12470869719982147
238,5,0.03052401915192604,0.5906521081924438,0.10496291518211365
238,6,0.0013345382176339626,1.0636824369430542,0.15798905491828918
238,7,0.04067680239677429,-0.3220840096473694,-0.11812211573123932
238,8,0.01880684867501259,-0.6483838558197021,-0.15198907256126404
238,9,-0.010031258687376976,-0.8128993511199951,-0.19240985810756683
238,10,-0.010440750047564507,-0.8812364935874939,-0.2240648865699768
238,11,-0.023445282131433487,-0.641035795211792,-0.20936653017997742
238,12,0.22913998365402222,-0.30316072702407837,-0.3687369227409363
238,13,0.27325549721717834,-0.06554694473743439,-0.47719383239746094
238,14,0.11073844879865646,-0.6018478870391846,-0.22922757267951965
238,15,0.3010200262069702,-0.30724966526031494,-0.39693453907966614
238,16,0.3038123548030853,-0.05100681632757187,-0.3083339035511017
239,0,0.0,0.0,0.0
239,1,0.033269140869379044,0.026914434507489204,0.06117316707968712
239,2,0.06598786264657974,0.5725750923156738,0.15777155756950378
239,3,-0.011359375901520252,1.1328383684158325,0.1656537503004074
239,4,-0.07062920182943344,-0.007649934850633144,0.14297227561473846
239,5,0.045112669467926025,0.620635986328125,0.10389428585767746
239,6,0.005024321377277374,1.1033358573913574,0.14725357294082642
239,7,0.03428450971841812,-0.33023613691329956,-0.11712956428527832
239,8,0.013938900083303452,-0.6709067821502686,-0.1561712622642517
239,9,-0.011235401034355164,-0.8374468684196472,-0.2034907341003418
239,10,-0.00885978527367115,-0.8993788957595825,-0.23245471715927124
239,11,-0.03570380061864853,-0.6638427376747131,-0.21622635424137115
239,12,0.20507794618606567,-0.31735455989837646,-0.38866811990737915
239,13,0.2573716640472412,-0.08026085048913956,-0.5098129510879517
239,14,0.1040300577878952,-0.6216099262237549,-0.23999245464801788
239,15,0.3020264506340027,-0.317294716835022,-0.42002272605895996
239,16,0.30492454767227173,-0.07297199219465256,-0.3602463901042938
