frame,joint,x,y,confidence
0,0,522.7786254882812,783.513671875,0.7512416839599609
0,1,541.8440551757812,793.04638671875,0.7644597887992859
0,2,551.3767700195312,936.037109375,0.7090553045272827
0,3,513.2459106445312,1059.96240234375,0.884393572807312
0,4,503.71319580078125,773.98095703125,0.7380236387252808
0,5,532.3113403320312,916.9716796875,0.7565600275993347
0,6,532.3113403320312,1059.96240234375,0.8819635510444641
0,7,521.1898803710938,688.1865234375,0.7597460150718689
0,8,567.2646484375,583.32666015625,0.7682503461837769
0,9,587.1244506835938,549.962158203125,0.4535350203514099
0,10,558.5263061523438,507.06494140625,0.6149124503135681
0,11,503.71319580078125,592.859375,0.7359184622764587
0,12,417.91876220703125,659.58837890625,0.820178747177124
0,13,446.51690673828125,764.4482421875,0.722881019115448
0,14,599.0403442382812,592.859375,0.8005821704864502
0,15,618.1057739257812,688.1865234375,0.9635474681854248
0,16,618.1057739257812,793.04638671875,0.8576734066009521
1,0,519.5126953125,796.5286254882812,0.7339013814926147
1,1,514.7091064453125,796.5286254882812,0.7385697364807129
1,2,514.7091064453125,940.6373901367188,0.8097089529037476
1,3,505.10186767578125,1065.53173828125,0.8974018096923828
1,4,524.3163452148438,796.5286254882812,0.7292329668998718
1,5,533.9236450195312,921.4229125976562,0.8438311219215393
1,6,533.9236450195312,1084.7462158203125,0.9198473691940308
1,7,553.1383056640625,695.6524658203125,0.6951426267623901
1,8,543.5308837890625,565.9545288085938,0.6563838720321655
1,9,525.5172729492188,537.1328125,0.4655943214893341
1,10,531.5218505859375,527.5255737304688,0.6665783524513245
1,11,543.5308837890625,594.7763061523438,0.6351594924926758
1,12,591.567138671875,690.8488159179688,0.6275632381439209
1,13,620.388916015625,786.9213256835938,0.7275153398513794
1,14,572.3526611328125,594.7763061523438,0.6776083111763
1,15,457.0655822753906,662.0270385742188,0.7434359192848206
1,16,457.0655822753906,758.099609375,0.810099720954895
2,0,520.7662353515625,787.1655883789062,0.7539174556732178
2,1,535.4044189453125,796.9243774414062,0.7492350935935974
2,2,554.9219970703125,943.3063354492188,0.7670806050300598
2,3,515.8868408203125,1070.170654296875,0.8137952089309692
2,4,506.1280212402344,777.4067993164062,0.7585997581481934
2,5,535.4044189453125,923.7887573242188,0.7754606604576111
2,6,535.4044189453125,1070.170654296875,0.8724136352539062
2,7,563.8675537109375,692.0172729492188,0.7350416779518127
2,8,528.8985595703125,565.9661865234375,0.7161659002304077
2,9,496.3692321777344,527.337646484375,0.45742398500442505
2,10,518.3265380859375,504.1604309082031,0.6565867066383362
2,11,506.1280212402344,591.9896240234375,0.6794403791427612
2,12,428.0576477050781,689.57763671875,0.7795909643173218
2,13,428.0576477050781,757.8892211914062,0.7183226943016052
2,14,603.7160034179688,601.7484741210938,0.7528914213180542
2,15,613.4747924804688,699.33642578125,0.8712289333343506
2,16,623.2335815429688,796.9243774414062,0.7103329300880432
3,0,521.486083984375,796.3194580078125,0.7826458215713501
3,1,516.5616455078125,796.3194580078125,0.8006457090377808
3,2,516.5616455078125,944.0532836914062,0.7427170872688293
3,3,516.5616455078125,1072.0892333984375,0.8350107073783875
3,4,526.4105834960938,796.3194580078125,0.7646458745002747
3,5,536.2594604492188,924.35546875,0.7965004444122314
3,6,536.2594604492188,1072.0892333984375,0.8949896693229675
3,7,568.2684326171875,695.3680419921875,0.7123957872390747
3,8,526.4105224609375,566.5113525390625,0.6421456933021545
3,9,489.47711181640625,531.6297607421875,0.5394397377967834
3,10,519.0238647460938,510.7008056640625,0.6648426651954651
3,11,536.2594604492188,589.4921264648438,0.6188524961471558
3,12,585.5040893554688,697.8302612304688,0.6192549467086792
3,13,605.201904296875,796.3194580078125,0.6078231334686279
3,14,575.6551513671875,599.341064453125,0.6654388904571533
3,15,595.35302734375,687.9813842773438,0.7403207421302795
3,16,457.4681091308594,766.772705078125,0.8009642958641052
4,0,536.235107421875,795.9500732421875,0.7662714123725891
4,1,546.1953125,795.9500732421875,0.7751718759536743
4,2,556.1554565429688,945.3528442382812,0.7147000432014465
4,3,516.314697265625,1064.875,0.8516966104507446
4,4,526.27490234375,795.9500732421875,0.7573709487915039
4,5,536.235107421875,925.4324951171875,0.7892292141914368
4,6,536.235107421875,1074.835205078125,0.8863328695297241
4,7,576.90576171875,693.858154296875,0.7138653993606567
4,8,532.9150390625,570.1858520507812,0.6614594459533691
4,9,497.639404296875,535.740234375,0.5008789896965027
4,10,513.82470703125,507.10467529296875,0.6512647271156311
4,11,526.27490234375,586.7861938476562,0.6411240696907043
4,12,446.59344482421875,686.3880615234375,0.5609465837478638
4,13,576.0758056640625,795.9500732421875,0.5592978596687317
4,14,595.9962158203125,596.746337890625,0.6817948818206787
4,15,615.9165649414062,696.3482055664062,0.8386906981468201
4,16,456.5536193847656,766.0695190429688,0.7090535163879395
5,0,522.1713256835938,797.4093627929688,0.831751823425293
5,1,507.06829833984375,797.4093627929688,0.8442537784576416
5,2,517.136962890625,948.439453125,0.7670801877975464
5,3,507.06829833984375,1059.19482421875,0.8574217557907104
5,4,537.2743530273438,797.4093627929688,0.8192498087882996
5,5,547.343017578125,928.3021240234375,0.8473126292228699
5,6,537.2743530273438,1079.3321533203125,0.9713483452796936
5,7,543.147705078125,694.2054443359375,0.7562451362609863
5,8,554.0554809570312,596.035888671875,0.6807384490966797
5,9,549.8601684570312,557.019775390625,0.5495355725288391
5,10,532.239990234375,485.2803955078125,0.6739640831947327
5,11,607.7550659179688,585.9671630859375,0.6988808512687683
5,12,607.7550659179688,686.6539306640625,0.8677892088890076
5,13,627.8923950195312,787.3406372070312,0.8556481003761292
5,14,507.06829833984375,596.035888671875,0.6625961065292358
5,15,456.7249450683594,666.5166015625,0.8293765783309937
5,16,456.7249450683594,767.2033081054688,0.866195559501648
6,0,533.3400268554688,785.0062866210938,0.7905244827270508
6,1,558.6336059570312,795.1237182617188,0.7919076681137085
6,2,558.6336059570312,946.8853149414062,0.701828122138977
6,3,508.0464172363281,1068.2945556640625,0.9097745418548584
6,4,508.0464172363281,774.8888549804688,0.7891412377357483
6,5,538.3987426757812,926.6504516601562,0.840955376625061
6,6,538.3987426757812,1068.2945556640625,0.908667266368866
6,7,558.6336059570312,681.3025512695312,0.7319013476371765
6,8,568.7510986328125,562.4226684570312,0.6732782125473022
6,9,562.4276733398438,535.8643798828125,0.49142706394195557
6,10,553.574951171875,511.83544921875,0.6352391242980957
6,11,538.3987426757812,572.5401000976562,0.6493805646896362
6,12,437.224365234375,653.4796142578125,0.6737547516822815
6,13,437.224365234375,764.7714233398438,0.7838948965072632
6,14,609.2208251953125,582.6575317382812,0.697175920009613
6,15,629.4556884765625,683.8319091796875,0.8343461155891418
6,16,457.459228515625,764.7714233398438,0.7011555433273315
7,0,544.1773071289062,782.6962890625,0.76674485206604
7,1,559.4432983398438,782.6962890625,0.7365164756774902
7,2,508.55670166015625,935.3560180664062,0.7009053230285645
7,3,508.55670166015625,1067.6611328125,0.9843407869338989
7,4,528.9113159179688,782.6962890625,0.7969731688499451
7,5,539.0886840820312,925.1787109375,0.8798526525497437
7,6,539.0886840820312,1077.8385009765625,0.9490589499473572
7,7,584.8865966796875,680.9231567382812,0.6963887214660645
7,8,579.7979125976562,568.97265625,0.6260325908660889
7,9,560.7154541015625,540.985107421875,0.4929923713207245
7,10,551.810302734375,507.9088134765625,0.6266584992408752
7,11,610.329833984375,568.9727172851562,0.6252936720848083
7,12,589.9752197265625,650.3912353515625,0.5805419087409973
7,13,600.1525268554688,782.6962890625,0.5545949935913086
7,14,579.7979125976562,589.3273315429688,0.6267715096473694
7,15,457.6701354980469,670.745849609375,0.8070697784423828
7,16,457.6701354980469,762.3416748046875,0.6823210120201111
8,0,544.9083251953125,779.99169921875,0.7485547065734863
8,1,560.5208129882812,785.1958618164062,0.7265973091125488
8,2,570.9291381835938,930.9125366210938,0.6395474672317505
8,3,508.4791564941406,1087.0374755859375,0.9612216949462891
8,4,529.2958374023438,774.7875366210938,0.7705121636390686
8,5,539.7041625976562,930.9125366210938,0.7916567325592041
8,6,539.7041625976562,1087.0374755859375,0.9456662535667419
8,7,552.7145385742188,681.1124877929688,0.6886780261993408
8,8,529.2958374023438,577.0292358398438,0.6288013458251953
8,9,516.285400390625,547.105224609375,0.622297465801239
8,10,524.0916748046875,504.1707763671875,0.6669374704360962
8,11,570.9291381835938,577.0291748046875,0.63860684633255
8,12,602.1541748046875,649.8875122070312,0.6648843288421631
8,13,622.9708251953125,785.1958618164062,0.7175114750862122
8,14,508.4791564941406,587.4375,0.6189959049224854
8,15,456.4375,670.7041625976562,0.8070947527885437
8,16,456.4375,764.3792114257812,0.6522405743598938
9,0,528.3455810546875,757.9437255859375,0.8155405521392822
9,1,560.44189453125,763.2930908203125,0.7648024559020996
9,2,571.1406860351562,923.7745361328125,0.7614253759384155
9,3,517.6468505859375,1094.954833984375,0.8975059390068054
9,4,496.24932861328125,752.5942993164062,0.8662787079811096
9,5,474.851806640625,923.7745361328125,0.7935832738876343
9,6,528.3456420898438,1094.954833984375,0.8293725252151489
9,7,552.4177856445312,669.6788330078125,0.7325642704963684
9,8,560.44189453125,570.7152709960938,0.6495879888534546
9,9,553.7551879882812,541.293701171875,0.542527437210083
9,10,549.7431640625,506.52264404296875,0.6470485329627991
9,11,517.6468505859375,581.4140625,0.6504908800125122
9,12,442.7554931640625,645.6066284179688,0.6828744411468506
9,13,421.35797119140625,752.5942993164062,0.7758392095565796
9,14,613.9357299804688,581.4140625,0.6486850380897522
9,15,646.0320434570312,667.004150390625,0.9064123034477234
9,16,624.634521484375,773.9918212890625,0.9310876131057739
10,0,526.9852905273438,756.13671875,0.7747399806976318
10,1,560.0135498046875,761.6414184570312,0.7220776677131653
10,2,571.02294921875,926.7826538085938,0.7645313739776611
10,3,526.9852905273438,1102.9332275390625,0.8473486304283142
10,4,493.95703125,750.6320190429688,0.8274022340774536
10,5,493.95703125,937.7920532226562,0.8089417219161987
10,6,526.9852905273438,1102.9332275390625,0.8017796874046326
10,7,575.6102294921875,670.8137817382812,0.6394386291503906
10,8,552.6739501953125,559.8021240234375,0.5041372179985046
10,9,522.8567504882812,544.2055053710938,0.4572562873363495
10,10,543.4993896484375,552.462646484375,0.4645352363586426
10,11,537.9946899414062,585.4908447265625,0.5332707166671753
10,12,615.0606079101562,673.566162109375,0.4965589940547943
10,13,626.0700073242188,783.6602783203125,0.5730432271957397
10,14,615.0606079101562,585.4908447265625,0.475003719329834
10,15,648.0888061523438,662.5567016601562,0.8753021359443665
10,16,626.0700073242188,750.6320190429688,0.9016696810722351
11,0,531.4949951171875,763.9309692382812,0.8145490884780884
11,1,559.1640014648438,763.9309692382812,0.8061492443084717
11,2,570.2315673828125,941.012451171875,0.7464442253112793
11,3,514.8936157226562,1107.0263671875,0.899577796459198
11,4,503.8260192871094,763.9309692382812,0.8229489922523499
11,5,525.961181640625,941.012451171875,0.8537431955337524
11,6,537.02880859375,1107.0263671875,0.8812190294265747
11,7,564.6978149414062,669.8564453125,0.7189684510231018
11,8,548.0963745117188,568.4035034179688,0.6233878135681152
11,9,527.3446655273438,542.5791015625,0.5537880659103394
11,10,548.0963745117188,509.37640380859375,0.5885106325149536
11,11,537.02880859375,575.7819213867188,0.6380051970481873
11,12,448.4880676269531,642.1875,0.6800776720046997
11,13,404.2176818847656,752.8634033203125,0.7624512314796448
11,14,592.3667602539062,575.7819213867188,0.6087703704833984
11,15,647.7047119140625,653.2550659179688,0.8679221272468567
11,16,603.434326171875,752.8634033203125,0.8530517816543579
12,0,529.0850219726562,754.881591796875,0.7392232418060303
12,1,557.069580078125,754.881591796875,0.7031089067459106
12,2,568.263427734375,933.9828491210938,0.7383098602294922
12,3,534.6819458007812,1101.8902587890625,0.7174839973449707
12,4,501.1004638671875,754.881591796875,0.7753375768661499
12,5,523.4880981445312,945.1766357421875,0.8300752639770508
12,6,534.6819458007812,1101.8902587890625,0.7149999737739563
12,7,553.338134765625,668.1294555664062,0.6879571676254272
12,8,538.4132080078125,568.3178100585938,0.6366910934448242
12,9,522.0888671875,543.59814453125,0.6122400760650635
12,10,534.6819458007812,519.8113403320312,0.6548755764961243
12,11,523.4880981445312,575.7803955078125,0.6851974129676819
12,12,445.1313171386719,676.5248413085938,0.6776136159896851
12,13,389.1622009277344,766.075439453125,0.609639048576355
12,14,579.4572143554688,586.9741821289062,0.5881848335266113
12,15,445.1313171386719,676.5248413085938,0.700883150100708
12,16,601.8449096679688,754.881591796875,0.7432392239570618
13,0,538.0823974609375,779.9439086914062,0.7975075244903564
13,1,543.7111206054688,791.2012939453125,0.7855258584022522
13,2,509.93890380859375,960.0624389648438,0.7001067399978638
13,3,509.93890380859375,1117.6661376953125,0.8350206613540649
13,4,532.4537353515625,768.6865234375,0.8094891905784607
13,5,532.4537353515625,960.0624389648438,0.8381461501121521
13,6,543.7111206054688,1106.40869140625,0.8948981165885925
13,7,561.5353393554688,681.4415893554688,0.7444607615470886
13,8,539.9586181640625,573.55810546875,0.6914139986038208
13,9,521.1962890625,544.945556640625,0.6882925033569336
13,10,521.1962890625,509.76617431640625,0.7584799528121948
13,11,532.4537353515625,577.310546875,0.6856116056442261
13,12,442.39447021484375,678.6272583007812,0.5883688926696777
13,13,408.6222229003906,791.2012939453125,0.6130610704421997
13,14,577.4833374023438,588.5679931640625,0.6972163915634155
13,15,442.39447021484375,678.6272583007812,0.7809752225875854
13,16,442.39447021484375,768.6865234375,0.7188639640808105
14,0,553.7418212890625,782.2828979492188,0.7819581627845764
14,1,542.4071044921875,793.6176147460938,0.7603170275688171
14,2,508.4029541015625,974.9732055664062,0.7240291833877563
14,3,508.4029541015625,1122.3245849609375,0.8403754830360413
14,4,565.0765380859375,770.9481811523438,0.8035992980003357
14,5,531.0723876953125,963.638427734375,0.8803109526634216
14,6,531.0723876953125,1110.9898681640625,0.9010469913482666
14,7,568.8548583984375,683.1040649414062,0.7381105422973633
14,8,538.6288452148438,574.4796142578125,0.6942628622055054
14,9,519.7376708984375,545.6705322265625,0.6702017188072205
14,10,519.7376708984375,510.24957275390625,0.7554056644439697
14,11,531.0723876953125,578.2578735351562,0.683032214641571
14,12,655.7543334960938,668.9356689453125,0.6289792060852051
14,13,599.0807495117188,759.6134643554688,0.6770152449607849
14,14,576.4112548828125,589.5925903320312,0.7054935097694397
14,15,440.3946228027344,680.2703857421875,0.8132152557373047
14,16,440.3946228027344,770.9481811523438,0.7834481596946716
15,0,534.598388671875,774.7880859375,0.7213467359542847
15,1,551.8534545898438,774.7880859375,0.6637784838676453
15,2,563.3568725585938,947.3390502929688,0.7875728011131287
15,3,540.3500366210938,1119.889892578125,0.7430732846260071
15,4,517.34326171875,774.7880859375,0.7789150476455688
15,5,517.34326171875,958.8424072265625,0.7936892509460449
15,6,528.8466796875,1119.889892578125,0.812645435333252
15,7,558.5636596679688,679.8851318359375,0.6851218342781067
15,8,536.515625,579.23046875,0.6488969326019287
15,9,517.34326171875,546.158203125,0.6292772889137268
15,10,517.34326171875,498.70660400390625,0.7054337859153748
15,11,528.8466796875,579.2304077148438,0.7341088056564331
15,12,597.8670043945312,671.257568359375,0.4449349343776703
15,13,609.3704223632812,774.7880859375,0.5993630290031433
15,14,574.8602294921875,590.7338256835938,0.5636851191520691
15,15,655.384033203125,682.7609252929688,0.7334625720977783
15,16,597.8670043945312,774.7880859375,0.6795946359634399
16,0,538.98876953125,787.1174926757812,0.6855363845825195
16,1,550.7012329101562,792.9737548828125,0.6219146251678467
16,2,562.4137573242188,945.2362670898438,0.7261160016059875
16,3,538.9887084960938,1109.2113037109375,0.6955899596214294
16,4,527.2762451171875,781.26123046875,0.7491582036018372
16,5,515.563720703125,956.94873046875,0.7647559642791748
16,6,527.2762451171875,1132.63623046875,0.7778592705726624
16,7,526.3001098632812,687.561279296875,0.6949945688247681
16,8,507.7554016113281,586.052978515625,0.7044527530670166
16,9,505.3153076171875,548.475341796875,0.7072376608848572
16,10,515.563720703125,488.44873046875,0.7491850852966309
16,11,527.2762451171875,582.1487426757812,0.7458850741386414
16,12,620.9762573242188,675.8487548828125,0.6941586136817932
16,13,620.9762573242188,781.26123046875,0.7958890795707703
16,14,492.13873291015625,593.8612670898438,0.6630204916000366
16,15,433.57623291015625,675.8487548828125,0.8161497712135315
16,16,433.57623291015625,781.26123046875,0.7802227735519409
17,0,533.2764892578125,779.618896484375,0.6669115424156189
17,1,551.0387573242188,785.5396728515625,0.613206148147583
17,2,574.7218017578125,903.954833984375,0.7826694846153259
17,3,539.197265625,1105.260498046875,0.6684983372688293
17,4,515.5142211914062,773.6981811523438,0.7206169366836548
17,5,515.5142211914062,951.3208618164062,0.7524589896202087
17,6,539.197265625,1105.260498046875,0.679961085319519
17,7,527.3557739257812,681.926513671875,0.6859506368637085
17,8,503.6727294921875,584.2339477539062,0.7049897313117981
17,9,496.27178955078125,548.70947265625,0.6072834134101868
17,10,500.71234130859375,489.501953125,0.6580117344856262
17,11,527.3557739257812,572.3924560546875,0.7490309476852417
17,12,574.7218017578125,655.2830810546875,0.5486065149307251
17,13,622.0878295898438,773.6981811523438,0.5310431122779846
17,14,491.8312072753906,596.0755004882812,0.6609485149383545
17,15,444.4651794433594,667.1245727539062,0.7672294974327087
17,16,432.6236572265625,785.5396728515625,0.6534852385520935
18,0,533.3781127929688,786.5441284179688,0.6682573556900024
18,1,539.40966796875,786.5441284179688,0.6353317499160767
18,2,563.535888671875,955.427734375,0.8030729293823242
18,3,503.2203369140625,1124.3114013671875,0.7391936182975769
18,4,527.3465576171875,786.5441284179688,0.7011829018592834
18,5,527.3465576171875,955.427734375,0.7230134606361389
18,6,539.40966796875,1100.1851806640625,0.8061582446098328
18,7,538.404296875,687.0234375,0.6985951066017151
18,8,519.3045043945312,589.51318359375,0.7289328575134277
18,9,509.25189208984375,555.8369750976562,0.718745768070221
18,10,506.2361145019531,497.029296875,0.7100456953048706
18,11,563.535888671875,581.4710693359375,0.7640241384506226
18,12,623.8515014648438,677.9760131835938,0.7927051186561584
18,13,635.9146118164062,774.48095703125,0.8438012599945068
18,14,491.1571960449219,593.5342407226562,0.6938415765762329
18,15,430.84161376953125,677.9760131835938,0.851349413394928
18,16,430.84161376953125,786.5441284179688,0.8137881755828857
19,0,525.9735717773438,780.7113647460938,0.5816926956176758
19,1,538.2007446289062,786.824951171875,0.5547397136688232
19,2,562.655029296875,958.0051879882812,0.6811301708221436
19,3,538.2007446289062,1116.958251953125,0.4902777373790741
19,4,513.7463989257812,774.5977783203125,0.6086456179618835
19,5,525.9735717773438,958.0051879882812,0.6386293768882751
19,6,538.2007446289062,1104.7310791015625,0.6294857859611511
19,7,538.2007446289062,679.8372802734375,0.6532695293426514
19,8,513.7463989257812,578.9631958007812,0.7248464226722717
19,9,498.46246337890625,551.4520874023438,0.7053375840187073
19,10,498.46246337890625,505.6002197265625,0.6367149353027344
19,11,562.655029296875,566.7360229492188,0.7892930507659912
19,12,623.7908325195312,676.780517578125,0.8414053320884705
19,13,636.0180053710938,786.824951171875,0.8697600364685059
19,14,489.2920837402344,591.1903686523438,0.6603997945785522
19,15,440.3834533691406,652.326171875,0.8423919677734375
19,16,428.1562805175781,799.0521240234375,0.7180779576301575
20,0,531.2548828125,789.3803100585938,0.7555442452430725
20,1,549.8097534179688,789.3803100585938,0.7167913317680359
20,2,574.5496215820312,962.5590209960938,0.8125519752502441
20,3,525.0699462890625,1135.73779296875,0.7474111318588257
20,4,512.7000732421875,789.3803100585938,0.7942971587181091
20,5,487.9602355957031,974.928955078125,0.8266766667366028
20,6,512.7000732421875,1148.107666015625,0.8021398186683655
20,7,525.070068359375,684.236083984375,0.7331624031066895
20,8,500.33013916015625,562.5986328125,0.7107806205749512
20,9,492.59893798828125,523.42724609375,0.6628629565238953
20,10,494.14520263671875,480.1325988769531,0.7062133550643921
20,11,525.0699462890625,566.721923828125,0.755816638469696
20,12,611.6593017578125,665.6812133789062,0.5810227990150452
20,13,624.0292358398438,789.3803100585938,0.6800949573516846
20,14,487.9602355957031,591.4617919921875,0.6657446622848511
20,15,586.9194946289062,665.6812133789062,0.8041819930076599
20,16,586.9194946289062,801.750244140625,0.6731932759284973
21,0,524.1912841796875,785.68115234375,0.5858055353164673
21,1,587.303955078125,823.5487060546875,0.555053174495697
21,2,574.681396484375,949.7740478515625,0.6983004808425903
21,3,524.1912841796875,1126.489501953125,0.4957062900066376
21,4,461.07861328125,747.8135375976562,0.6165579557418823
21,5,498.9461975097656,962.3965454101562,0.6218050122261047
21,6,524.1912841796875,1139.112060546875,0.5542129278182983
21,7,573.6294555664062,681.5452880859375,0.6165227890014648
21,8,541.0213012695312,562.68310546875,0.6472400426864624
21,9,506.83526611328125,534.808349609375,0.4701526165008545
21,10,480.01239013671875,507.98541259765625,0.5355913639068604
21,11,524.1912841796875,596.3431396484375,0.64030522108078
21,12,435.83355712890625,646.833251953125,0.4546034336090088
21,13,625.1715087890625,785.68115234375,0.44191646575927734
21,14,612.5490112304688,558.4755859375,0.6541748642921448
21,15,625.1715087890625,646.833251953125,0.9341967701911926
21,16,637.7940673828125,785.68115234375,0.9476057291030884
22,0,530.1329956054688,798.3125,0.6300235986709595
22,1,587.6114501953125,823.8585205078125,0.6063387989997864
22,2,574.8384399414062,913.2694702148438,0.735471248626709
22,3,536.5194702148438,1130.410400390625,0.7483022212982178
22,4,472.6545104980469,772.7665405273438,0.6537084579467773
22,5,472.6545104980469,951.5884399414062,0.7456827163696289
22,6,510.9734802246094,1143.183349609375,0.63746178150177
22,7,571.645263671875,676.9691162109375,0.6241676807403564
22,8,536.5194702148438,504.5335998535156,0.6183117628097534
22,9,504.58697509765625,498.1471252441406,0.44751808047294617
22,10,514.166748046875,555.6256103515625,0.4878009557723999
22,11,523.7464599609375,555.6256103515625,0.6202319860458374
22,12,434.33551025390625,657.8095703125,0.6672446727752686
22,13,408.7895202636719,798.3125,0.7822436094284058
22,14,600.3844604492188,555.6256103515625,0.6163915395736694
22,15,625.930419921875,657.8095703125,0.9759151339530945
22,16,638.7034301757812,785.5394897460938,0.9553096294403076
23,0,509.9288330078125,783.5217895507812,0.6632604002952576
23,1,548.515869140625,783.5217895507812,0.6659561991691589
23,2,574.2405395507812,912.1452026367188,0.7343456149101257
23,3,535.6535034179688,1143.66748046875,0.7807853817939758
23,4,471.3417663574219,783.5217895507812,0.6605646014213562
23,5,509.9288024902344,950.7322387695312,0.7008023858070374
23,6,522.7911376953125,1143.66748046875,0.6931582093238831
23,7,538.8690795898438,667.7606201171875,0.6553188562393188
23,8,548.515869140625,526.2748413085938,0.6473772525787354
23,9,540.4768676757812,513.4124755859375,0.49871644377708435
23,10,532.4379272460938,526.2747802734375,0.5223913788795471
23,11,522.7911376953125,551.99951171875,0.6894010305404663
23,12,432.7547302246094,654.8983154296875,0.5865004062652588
23,13,419.89239501953125,796.3840942382812,0.7355581521987915
23,14,587.1029052734375,551.99951171875,0.6053534150123596
23,15,599.9652099609375,654.8983154296875,0.904535174369812
23,16,599.9652099609375,796.3840942382812,0.731838047504425
24,0,509.73321533203125,776.03564453125,0.761642336845398
24,1,548.6239624023438,782.5174560546875,0.7378049492835999
24,2,574.5511474609375,899.189697265625,0.8394815325737
24,3,535.660400390625,1145.4976806640625,0.8565459847450256
24,4,470.8424987792969,769.5538940429688,0.7854797840118408
24,5,457.87890625,951.0440063476562,0.8091274499893188
24,6,522.6968383789062,1158.4613037109375,0.7376402020454407
24,7,550.7845458984375,662.6043701171875,0.7142513990402222
24,8,527.0180053710938,505.9610900878906,0.6668604612350464
24,9,500.0105285644531,490.8369140625,0.46610283851623535
24,10,512.97412109375,523.245849609375,0.4925616979598999
24,11,509.7332458496094,549.1730346679688,0.7174249887466431
24,12,431.9517517089844,652.8816528320312,0.700112521648407
24,13,418.9881591796875,795.4810791015625,0.8010831475257874
24,14,587.5147094726562,549.1730346679688,0.6162959337234497
24,15,613.44189453125,652.8816528320312,0.9387444257736206
24,16,600.478271484375,782.5174560546875,0.7595015168190002
25,0,509.16680908203125,784.9830932617188,0.7186119556427002
25,1,548.1256103515625,784.9830932617188,0.703075110912323
25,2,574.09814453125,914.845703125,0.8013104796409607
25,3,535.1393432617188,1148.5985107421875,0.860558032989502
25,4,470.2080383300781,784.9830932617188,0.7341488003730774
25,5,444.2355041503906,966.790771484375,0.7881670594215393
25,6,509.1668395996094,1161.584716796875,0.8074004054069519
25,7,544.879150390625,671.353271484375,0.6939859390258789
25,8,522.153076171875,520.9290161132812,0.6693599224090576
25,9,497.8038635253906,494.4153747558594,0.5043961405754089
25,10,512.4133911132812,499.2851867675781,0.5352216958999634
25,11,470.2080383300781,551.2302856445312,0.7243619561195374
25,12,431.2492370605469,655.1204223632812,0.7123994827270508
25,13,418.2629699707031,771.996826171875,0.7636955976486206
25,14,613.0569458007812,564.216552734375,0.6143579483032227
25,15,626.043212890625,655.1204223632812,0.9532833099365234
25,16,639.0294799804688,784.9830932617188,0.9262258410453796
26,0,522.43896484375,785.5973510742188,0.7410688400268555
26,1,535.556884765625,785.5973510742188,0.7284132838249207
26,2,561.7926635742188,916.7763671875,0.778812050819397
26,3,535.556884765625,1152.8985595703125,0.9071862101554871
26,4,509.321044921875,785.5973510742188,0.7537243366241455
26,5,443.7315368652344,969.2479858398438,0.7825945019721985
26,6,509.321044921875,1166.0164794921875,0.8573926687240601
26,7,523.5320434570312,664.2567749023438,0.6961922645568848
26,8,531.1842651367188,527.6119384765625,0.6513157486915588
26,9,533.9171142578125,498.64324951171875,0.5681853294372559
26,10,528.9979248046875,470.7677001953125,0.6450769901275635
26,11,522.43896484375,536.3572387695312,0.679653525352478
26,12,614.2642822265625,654.4183349609375,0.5817912817001343
26,13,627.3821411132812,785.5973510742188,0.6010521054267883
26,14,535.556884765625,549.4751586914062,0.6229779720306396
26,15,601.1463623046875,654.4183349609375,0.8724589943885803
26,16,601.1463623046875,785.5973510742188,0.7110058069229126
27,0,509.02020263671875,788.5062866210938,0.7252895832061768
27,1,548.7091064453125,788.5062866210938,0.6880020499229431
27,2,548.7091064453125,973.7211303710938,0.7956880927085876
27,3,535.4794311523438,1172.16552734375,0.9048422574996948
27,4,469.331298828125,788.5062866210938,0.7625771760940552
27,5,456.1016845703125,986.9507446289062,0.7572615146636963
27,6,509.02020263671875,1172.16552734375,0.8475185632705688
27,7,529.967041015625,676.054443359375,0.6880616545677185
27,8,517.8399658203125,537.143310546875,0.6508337259292603
27,9,504.05908203125,504.06927490234375,0.5850768089294434
27,10,525.5572509765625,484.2248229980469,0.6660627126693726
27,11,469.331298828125,563.6026000976562,0.6659646034240723
27,12,416.41278076171875,656.2100219726562,0.6400402784347534
27,13,403.18316650390625,762.0470581054688,0.7394440174102783
27,14,588.39794921875,563.6026000976562,0.6357027888298035
27,15,641.3164672851562,656.2100219726562,0.910875141620636
27,16,641.3164672851562,788.5062866210938,0.808550238609314
28,0,504.37982177734375,808.2169799804688,0.747700572013855
28,1,537.8678588867188,808.2169799804688,0.7211018800735474
28,2,551.2630615234375,982.3547973632812,0.8054361343383789
28,3,537.8678588867188,1183.282958984375,0.9441390633583069
28,4,470.89178466796875,808.2169799804688,0.7742992639541626
28,5,511.0774230957031,1009.1452026367188,0.7583277821540833
28,6,524.47265625,1183.282958984375,0.8156566023826599
28,7,523.3565063476562,691.0088500976562,0.7015359997749329
28,8,515.54248046875,562.6380004882812,0.6553714275360107
28,9,504.37982177734375,518.54541015625,0.654785692691803
28,10,497.68218994140625,459.94140625,0.7130126953125
28,11,511.0774230957031,567.1030883789062,0.6672796607017517
28,12,591.44873046875,660.86962890625,0.5715551972389221
28,13,591.44873046875,794.82177734375,0.4983915686607361
28,14,537.8678588867188,580.498291015625,0.6434632539749146
28,15,604.8439331054688,687.6600341796875,0.854793131351471
28,16,645.029541015625,794.82177734375,0.8175703287124634
29,0,511.23980712890625,799.6988525390625,0.7785496115684509
29,1,552.07080078125,799.6988525390625,0.7508678436279297
29,2,552.07080078125,1003.8539428710938,0.8787896633148193
29,3,538.4605102539062,1194.398681640625,0.9269848465919495
29,4,470.4087829589844,799.6988525390625,0.8062313795089722
29,5,497.6294860839844,1017.4642333984375,0.7680999040603638
29,6,524.8501586914062,1194.398681640625,0.798374354839325
29,7,513.5082397460938,680.6083984375,0.7399852275848389
29,8,529.386962890625,541.1024169921875,0.7014209032058716
29,9,535.0579223632812,505.375244140625,0.606898307800293
29,10,518.0449829101562,473.0506896972656,0.722122073173523
29,11,470.4087829589844,554.7127075195312,0.6618565917015076
29,12,402.35711669921875,704.4264526367188,0.6769311428070068
29,13,415.9674377441406,772.4781494140625,0.6776683330535889
29,14,579.29150390625,568.3230590820312,0.7409852147102356
29,15,633.7328491210938,663.595458984375,0.8942086696624756
29,16,647.3432006835938,799.6988525390625,0.8637113571166992
30,0,512.7899780273438,820.684814453125,0.7707962989807129
30,1,554.2802734375,827.599853515625,0.760969877243042
30,2,554.2802734375,1007.3910522460938,0.8207387924194336
30,3,526.6200561523438,1201.0123291015625,0.8785294890403748
30,4,471.2996826171875,813.7697143554688,0.7806227803230286
30,5,512.7899780273438,1035.05126953125,0.7875350713729858
30,6,526.6200561523438,1201.0123291015625,0.8124256134033203
30,7,510.48492431640625,696.2139282226562,0.7694761157035828
30,8,535.8401489257812,555.6080322265625,0.7681559324264526
30,9,547.365234375,514.6939697265625,0.653613269329071
30,10,533.53515625,468.01739501953125,0.7835193872451782
30,11,471.2996826171875,564.8280639648438,0.7491388320922852
30,12,402.14923095703125,661.6387329101562,0.7289774417877197
30,13,415.97930908203125,772.2794799804688,0.7481706738471985
30,14,581.9404296875,578.6581420898438,0.7871730327606201
30,15,637.2608032226562,675.4688110351562,0.914778470993042
30,16,637.2608032226562,799.9396362304688,0.837291955947876
31,0,506.8945007324219,806.9881591796875,0.8078380823135376
31,1,542.07080078125,806.9881591796875,0.7732192873954773
31,2,556.141357421875,1018.0460205078125,0.7993016839027405
31,3,528.0003051757812,1215.0333251953125,0.7787373065948486
31,4,471.71820068359375,806.9881591796875,0.8424569368362427
31,5,513.9297485351562,1032.1165771484375,0.8126765489578247
31,6,528.0003051757812,1200.962890625,0.8087268471717834
31,7,506.89447021484375,690.9063110351562,0.778608500957489
31,8,528.0003051757812,558.4088745117188,0.7493789196014404
31,9,536.7943725585938,516.7835693359375,0.6190299987792969
31,10,531.5179443359375,469.2955627441406,0.7403106093406677
31,11,471.71820068359375,567.7892456054688,0.7163544297218323
31,12,415.43609619140625,708.4945068359375,0.6886525750160217
31,13,415.43609619140625,778.8471069335938,0.6239827275276184
31,14,570.2118530273438,581.8597412109375,0.7824034690856934
31,15,640.5645141601562,708.4945068359375,0.8601315021514893
31,16,640.5645141601562,806.9881591796875,0.8177563548088074
32,0,507.2464599609375,834.5546875,0.8156375885009766
32,1,542.8552856445312,848.7982177734375,0.787308394908905
32,2,557.0988159179688,1005.4769287109375,0.7324483394622803
32,3,528.6117553710938,1219.1297607421875,0.7924703359603882
32,4,471.6376647949219,820.3111572265625,0.8439667820930481
32,5,528.6117553710938,1033.9639892578125,0.8064448833465576
32,6,542.8552856445312,1233.3731689453125,0.7667822241783142
32,7,489.442138671875,706.363037109375,0.7858824133872986
32,8,514.3682250976562,554.4321899414062,0.7561272382736206
32,9,532.172607421875,514.0755615234375,0.557771623134613
32,10,532.1726684570312,478.46673583984375,0.6844079494476318
32,11,471.6376647949219,578.17138671875,0.7188555598258972
32,12,414.6636047363281,663.6325073242188,0.7174893617630005
32,13,414.6636047363281,791.8241577148438,0.6921920776367188
32,14,528.6117553710938,578.17138671875,0.7933989763259888
32,15,642.5598754882812,706.363037109375,0.8405185341835022
32,16,642.5598754882812,806.0676879882812,0.7865957617759705
33,0,514.3460083007812,835.1891479492188,0.8020287752151489
33,1,557.4797973632812,856.7560424804688,0.7656943202018738
33,2,557.4797973632812,986.1574096679688,0.7759155035018921
33,3,528.7239379882812,1244.960205078125,0.77888023853302
33,4,471.21221923828125,813.6222534179688,0.8383632898330688
33,5,499.96807861328125,1029.291259765625,0.6890219449996948
33,6,514.3460083007812,1173.070556640625,0.6690996289253235
33,7,504.76068115234375,709.3822631835938,0.7763528227806091
33,8,523.9312744140625,559.6121215820312,0.7506768703460693
33,9,535.9129028320312,518.8746337890625,0.5354532599449158
33,10,543.1018676757812,482.9298400878906,0.7004381418228149
33,11,471.21221923828125,583.5753173828125,0.7439001798629761
33,12,413.70050048828125,669.8429565429688,0.7352025508880615
33,13,413.70050048828125,784.8663940429688,0.6878835558891296
33,14,557.4797973632812,583.5753173828125,0.7574536204338074
33,15,643.7473754882812,712.9767456054688,0.9224523305892944
33,16,643.7473754882812,813.6222534179688,0.8592799305915833
34,0,513.1536254882812,795.512939453125,0.6347330808639526
34,1,532.940673828125,808.7042846679688,0.665998637676239
34,2,546.1320190429688,927.426513671875,0.5643450617790222
34,3,532.940673828125,993.38330078125,0.32490476965904236
34,4,493.3665771484375,782.3215942382812,0.6034675240516663
34,5,546.1320190429688,914.2351684570312,0.4320716857910156
34,6,532.940673828125,1059.340087890625,0.6281178593635559
34,7,570.316162109375,699.8756103515625,0.4387887716293335
34,8,515.3521728515625,663.5994262695312,0.24284443259239197
34,9,468.63275146484375,718.0137329101562,0.2652013599872589
34,10,499.9622497558594,729.5562133789062,0.2340513914823532
34,11,532.940673828125,571.2598876953125,0.25645655393600464
34,12,440.60113525390625,663.599365234375,0.43155133724212646
34,13,585.7060546875,769.1302490234375,0.4382389187812805
34,14,572.5147094726562,637.2166748046875,0.2292322963476181
34,15,585.7060546875,676.7907104492188,0.5437650680541992
34,16,572.5147094726562,808.7042846679688,0.5394597053527832
35,0,529.2000122070312,791.6720581054688,0.7078490257263184
35,1,547.5838012695312,791.6720581054688,0.723118782043457
35,2,559.8396606445312,938.742431640625,0.6345610022544861
35,3,535.3279418945312,1061.301025390625,0.4319577217102051
35,4,510.81622314453125,791.6720581054688,0.6925792694091797
35,5,523.0720825195312,950.998291015625,0.6422328948974609
35,6,535.3279418945312,1061.301025390625,0.7707160711288452
35,7,536.3493041992188,684.4332885742188,0.618605375289917
35,8,568.01025390625,571.0665283203125,0.5293616652488708
35,9,578.2234497070312,545.0227661132812,0.3786355257034302
35,10,538.3919067382812,509.78717041015625,0.4614907205104828
35,11,535.3279418945312,571.0664672851562,0.5350739359855652
35,12,437.2810363769531,669.1134033203125,0.6720536947250366
35,13,461.7927551269531,767.1603393554688,0.7139998078346252
35,14,584.3513793945312,583.3223876953125,0.5236493945121765
35,15,633.3748779296875,656.8575439453125,0.6651524901390076
35,16,535.3279418945312,791.6720581054688,0.5838708281517029
36,0,536.8032836914062,798.1682739257812,0.7410720586776733
36,1,548.3798217773438,798.1682739257812,0.7829926609992981
36,2,571.5328979492188,937.0867919921875,0.7101117968559265
36,3,536.8032836914062,1052.852294921875,0.6598016023635864
36,4,525.2267456054688,798.1682739257812,0.6991513967514038
36,5,536.8032836914062,948.663330078125,0.732689619064331
36,6,536.8032836914062,1064.4288330078125,0.7740375995635986
36,7,562.8505859375,688.1911010742188,0.676319420337677
36,8,536.8032836914062,558.9197387695312,0.6115667819976807
36,9,515.0972900390625,543.4843139648438,0.3535449504852295
36,10,531.0150146484375,543.4843139648438,0.47846466302871704
36,11,525.2267456054688,578.2139282226562,0.5653394460678101
36,12,444.1909484863281,670.8262939453125,0.7649183869361877
36,13,467.3440246582031,763.4386596679688,0.7963603734970093
36,14,583.1094360351562,578.2139282226562,0.657794177532196
36,15,629.4156494140625,670.8262939453125,0.8052254915237427
36,16,629.4156494140625,798.1682739257812,0.7220811247825623
37,0,526.334228515625,789.655029296875,0.7636635303497314
37,1,559.6689453125,795.2108154296875,0.7566179037094116
37,2,570.780517578125,928.5497436523438,0.7482814788818359
37,3,526.334228515625,1084.11181640625,0.7933670282363892
37,4,492.99951171875,784.0992431640625,0.7707091569900513
37,5,492.99951171875,939.6613159179688,0.7404078841209412
37,6,537.44580078125,1084.11181640625,0.7608683109283447
37,7,570.780517578125,686.8729248046875,0.7442096471786499
37,8,548.557373046875,558.1638793945312,0.7247557640075684
37,9,520.7784423828125,542.4224853515625,0.38896453380584717
37,10,529.1121215820312,550.7561645507812,0.5188114643096924
37,11,526.334228515625,584.0908813476562,0.6376469731330872
37,12,426.3300476074219,672.9835205078125,0.8221406936645508
37,13,448.5531921386719,761.8760986328125,0.8531419634819031
37,14,615.226806640625,584.0908813476562,0.8118646144866943
37,15,626.33837890625,684.0950927734375,0.9766883850097656
37,16,626.33837890625,795.2108154296875,0.881633996963501
38,0,526.8972778320312,766.9188232421875,0.7183011770248413
38,1,559.1639404296875,783.0521850585938,0.6827306747436523
38,2,559.1639404296875,922.8744506835938,0.7588914632797241
38,3,526.897216796875,1084.207763671875,0.8243970274925232
38,4,494.6305847167969,750.7855224609375,0.7538716197013855
38,5,526.897216796875,922.8744506835938,0.715997040271759
38,6,537.65283203125,1084.207763671875,0.703594982624054
38,7,565.43798828125,675.4966430664062,0.7220038175582886
38,8,544.8231811523438,578.6966552734375,0.7257065176963806
38,9,520.175048828125,547.7744140625,0.46466952562332153
38,10,521.5194702148438,503.4078369140625,0.5811707973480225
38,11,526.897216796875,589.4522094726562,0.6628355979919434
38,12,430.09722900390625,675.4966430664062,0.7672734260559082
38,13,430.09722900390625,761.5410766601562,0.8341413736343384
38,14,602.1861572265625,578.6966552734375,0.7885774374008179
38,15,623.697265625,675.4966430664062,0.9758661389350891
38,16,623.697265625,793.8078002929688,0.8876949548721313
39,0,538.6224365234375,790.9099731445312,0.7332302331924438
39,1,549.0872192382812,796.1423950195312,0.7333905696868896
39,2,559.5520629882812,921.7201538085938,0.6824890375137329
39,3,517.6928100585938,1068.2275390625,0.8208372592926025
39,4,528.1575927734375,785.6775512695312,0.7330698370933533
39,5,538.6224365234375,932.1849975585938,0.7785296440124512
39,6,538.6224365234375,1078.6923828125,0.8709827661514282
39,7,566.5285034179688,691.4942016601562,0.6985502243041992
39,8,542.1106567382812,586.8460693359375,0.6638702154159546
39,9,520.3089599609375,556.759765625,0.48965930938720703
39,10,522.9251708984375,513.5924072265625,0.570637047290802
39,11,528.1575927734375,597.3109130859375,0.5859940648078918
39,12,465.36871337890625,649.6349487304688,0.616479218006134
39,13,433.9742736816406,764.7479248046875,0.6946565508842468
39,14,590.9464721679688,586.8460693359375,0.7417463660240173
39,15,632.8057861328125,681.0294189453125,0.936488687992096
39,16,622.3409423828125,785.6775512695312,0.7974486351013184
40,0,533.5549926757812,790.3099975585938,0.7270174026489258
40,1,549.0322875976562,795.4691162109375,0.738010823726654
40,2,559.3505249023438,929.6058349609375,0.6851140260696411
40,3,518.0776977539062,1074.060791015625,0.823387622833252
40,4,518.0776977539062,785.15087890625,0.7160239815711975
40,5,538.714111328125,929.6058349609375,0.7520585060119629
40,6,538.714111328125,1074.060791015625,0.7997246980667114
40,7,577.4072875976562,684.54833984375,0.6804345846176147
40,8,559.3505249023438,578.7867431640625,0.6338517665863037
40,9,533.5549926757812,555.5707397460938,0.40185508131980896
40,10,549.0322875976562,516.8773803710938,0.4847410023212433
40,11,538.714111328125,568.468505859375,0.5776677131652832
40,12,466.48663330078125,651.01416015625,0.6827966570854187
40,13,425.21380615234375,764.5144653320312,0.7765605449676514
40,14,621.259765625,589.1049194335938,0.690035879611969
40,15,621.259765625,681.9688110351562,0.9403893947601318
40,16,631.5780029296875,785.15087890625,0.8555824756622314
41,0,529.176025390625,773.498046875,0.7633570432662964
41,1,560.0399169921875,783.7860107421875,0.7545189261436462
41,2,560.0399169921875,927.8175048828125,0.7529773712158203
41,3,518.8880615234375,1082.136962890625,0.8524758815765381
41,4,498.3121337890625,763.2100830078125,0.7721952199935913
41,5,477.7362060546875,896.95361328125,0.7462543249130249
41,6,498.3121337890625,1071.8489990234375,0.7934366464614868
41,7,553.1812744140625,678.3343505859375,0.7165378928184509
41,8,536.03466796875,578.0267333984375,0.6697187423706055
41,9,518.8880615234375,556.164794921875,0.3919215202331543
41,10,549.751953125,526.5869140625,0.49854564666748047
41,11,477.7362060546875,588.314697265625,0.6489421725273132
41,12,426.29638671875,650.04248046875,0.8352469205856323
41,13,426.29638671875,752.922119140625,0.8624067306518555
41,14,621.7677001953125,578.0267333984375,0.6904952526092529
41,15,632.0556640625,680.9063720703125,0.9334805607795715
41,16,632.0556640625,783.7860107421875,0.879761815071106
42,0,524.4803466796875,763.031005859375,0.7551498413085938
42,1,550.4043579101562,763.031005859375,0.7219823002815247
42,2,560.7739868164062,928.944580078125,0.706372857093811
42,3,508.92596435546875,1084.4886474609375,0.8718037605285645
42,4,498.5563659667969,763.031005859375,0.7883173823356628
42,5,477.8171691894531,897.8358154296875,0.7386482954025269
42,6,540.0347900390625,1084.4886474609375,0.7864658832550049
42,7,559.909912109375,664.519775390625,0.6675663590431213
42,8,543.4913330078125,566.0086059570312,0.5799828767776489
42,9,521.887939453125,542.677001953125,0.5349251627922058
42,10,524.4803466796875,503.79107666015625,0.5992957949638367
42,11,540.0347900390625,566.0086059570312,0.5860626697540283
42,12,602.2523803710938,648.9654541015625,0.5518761277198792
42,13,622.9915771484375,783.7702026367188,0.5690151453018188
42,14,581.51318359375,566.0086059570312,0.5739030241966248
42,15,633.3611450195312,669.7046508789062,0.8210002183914185
42,16,622.9915771484375,773.400634765625,0.7983766794204712
43,0,523.9411010742188,773.666748046875,0.8220343589782715
43,1,550.1382446289062,784.1455688476562,0.7861942052841187
43,2,571.0960083007812,920.3707275390625,0.71844881772995
43,3,518.7017211914062,1098.5113525390625,0.8939065337181091
43,4,497.7439880371094,763.1878662109375,0.8578745722770691
43,5,529.1805419921875,930.849609375,0.7493375539779663
43,6,529.1805419921875,1098.5113525390625,0.8872718214988708
43,7,582.4481201171875,679.3569946289062,0.728287935256958
43,8,567.60302734375,585.0473022460938,0.6345415115356445
43,9,537.0397338867188,553.6107177734375,0.5228529572486877
43,10,542.2791137695312,501.2164306640625,0.6000320911407471
43,11,571.0960083007812,585.0473022460938,0.6304522156715393
43,12,466.3074035644531,647.92041015625,0.6216763257980347
43,13,424.3919677734375,752.708984375,0.6336410641670227
43,14,613.0114135742188,585.0473022460938,0.6386308670043945
43,15,644.447998046875,658.3992919921875,0.9565384984016418
43,16,623.4902954101562,763.1878662109375,0.9441450834274292
44,0,528.5355834960938,773.6817626953125,0.8487059473991394
44,1,560.6920776367188,784.4005737304688,0.8165405988693237
44,2,560.6920776367188,945.1830444335938,0.8076325058937073
44,3,528.5355834960938,1105.9654541015625,0.901786744594574
44,4,496.3791198730469,762.9629516601562,0.8808712959289551
44,5,485.6602783203125,934.4641723632812,0.8833091259002686
44,6,496.3791198730469,1105.9654541015625,0.7972438335418701
44,7,558.90576171875,677.2123413085938,0.7616729736328125
44,8,546.4003295898438,577.169921875,0.6746399998664856
44,9,528.53564453125,548.5863647460938,0.5342608094215393
44,10,552.6529541015625,505.7110595703125,0.6105145215988159
44,11,507.09796142578125,580.7428588867188,0.7186462879180908
44,12,432.066162109375,645.0558471679688,0.784043550491333
44,13,421.3473205566406,752.244140625,0.8317994475364685
44,14,614.2862548828125,580.7428588867188,0.6306337118148804
44,15,646.4426879882812,677.2123413085938,0.9280732870101929
44,16,625.0050659179688,773.6817626953125,0.9126134514808655
45,0,521.8075561523438,763.4113159179688,0.801754891872406
45,1,548.876220703125,763.4113159179688,0.7643354535102844
45,2,559.7036743164062,936.6508178710938,0.7271308302879333
45,3,516.393798828125,1099.0628662109375,0.8618996143341064
45,4,494.7388610839844,763.4113159179688,0.8391743302345276
45,5,527.2212524414062,936.6508178710938,0.8186842203140259
45,6,538.0487670898438,1109.8902587890625,0.8589922189712524
45,7,559.7037353515625,668.6709594726562,0.7230440378189087
45,8,548.876220703125,572.1260375976562,0.6443331241607666
45,9,528.57470703125,545.508544921875,0.6045941114425659
45,10,546.1693115234375,503.55206298828125,0.6751800775527954
45,11,538.0487670898438,568.516845703125,0.643415093421936
45,12,451.4289855957031,644.3091430664062,0.6476802825927734
45,13,418.94659423828125,752.5838623046875,0.6085469126701355
45,14,592.1860961914062,579.3443603515625,0.6452510952949524
45,15,657.15087890625,655.1365966796875,0.908325731754303
45,16,603.0135498046875,763.4113159179688,0.8565073013305664
46,0,525.5244140625,764.9769897460938,0.7882089614868164
46,1,558.197998046875,764.9769897460938,0.7625749707221985
46,2,569.0891723632812,939.2362670898438,0.7893751859664917
46,3,536.4155883789062,1102.6043701171875,0.8770788311958313
46,4,492.85076904296875,764.9769897460938,0.8138428926467896
46,5,492.85076904296875,950.1275024414062,0.8396329879760742
46,6,525.5243530273438,1102.6043701171875,0.7898812294006348
46,7,556.3828125,669.678955078125,0.7378955483436584
46,8,543.6763916015625,561.6744995117188,0.6875821352005005
46,9,525.5244140625,537.6231079101562,0.5747218728065491
46,10,536.4155883789062,514.4793701171875,0.6494505405426025
46,11,525.5243530273438,568.935302734375,0.6986081600189209
46,12,449.28594970703125,645.1737670898438,0.6927300095558167
46,13,405.72113037109375,764.9769897460938,0.7364986538887024
46,14,590.87158203125,579.8265380859375,0.6765561699867249
46,15,656.2188110351562,666.9561767578125,0.8686699271202087
46,16,601.7628173828125,754.0858154296875,0.8471121788024902
47,0,520.624755859375,777.474365234375,0.7981964349746704
47,1,553.5960693359375,788.4647827148438,0.7833045125007629
47,2,564.5864868164062,942.3308715820312,0.7678397297859192
47,3,531.615234375,1107.1873779296875,0.8310451507568359
47,4,487.6534729003906,766.4839477539062,0.8130883574485779
47,5,509.63433837890625,953.3212890625,0.8373804688453674
47,6,531.615234375,1107.1873779296875,0.8220484256744385
47,7,538.0262451171875,678.5604858398438,0.7795360088348389
47,8,527.9517211914062,561.3292236328125,0.7608755826950073
47,9,516.5033569335938,538.4324951171875,0.5136476159095764
47,10,526.1199951171875,524.6944580078125,0.6621360778808594
47,11,487.6534729003906,579.6466064453125,0.7666395306587219
47,12,432.7013244628906,678.5604858398438,0.7722198367118835
47,13,399.73004150390625,788.4647827148438,0.8176551461219788
47,14,586.5673828125,579.6466064453125,0.755111575126648
47,15,652.5099487304688,667.570068359375,0.9828987717628479
47,16,630.5291137695312,755.4935302734375,0.8676605820655823
48,0,524.4600219726562,790.7769775390625,0.808591365814209
48,1,552.0750122070312,801.822998046875,0.8020243048667908
48,2,563.1209716796875,945.4208374023438,0.7880998849868774
48,3,541.0289916992188,1111.110595703125,0.876431941986084
48,4,496.8450622558594,779.7310180664062,0.815158486366272
48,5,496.8450622558594,967.5128173828125,0.835673451423645
48,6,529.9830322265625,1111.110595703125,0.8107773661613464
48,7,534.5855712890625,685.8401489257812,0.7919776439666748
48,8,522.6190185546875,558.811279296875,0.7753638625144958
48,9,513.4140625,531.1962890625,0.5257518291473389
48,10,516.175537109375,514.6273193359375,0.6719589233398438
48,11,485.799072265625,580.9032592773438,0.759830892086029
48,12,430.5691223144531,680.317138671875,0.7944098711013794
48,13,397.43115234375,790.7769775390625,0.8203441500663757
48,14,574.1669921875,580.9032592773438,0.7908968329429626
48,15,651.4888916015625,669.2711181640625,0.9332475662231445
48,16,629.3969116210938,757.6390380859375,0.8656441569328308
49,0,539.6724243164062,776.7034912109375,0.7719558477401733
49,1,584.425537109375,782.297607421875,0.7442294359207153
49,2,573.2372436523438,938.9334106445312,0.8101137280464172
49,3,539.6724243164062,1106.7574462890625,0.8878445029258728
49,4,494.9193420410156,771.1093139648438,0.7996822595596313
49,5,483.7310791015625,950.1217041015625,0.8427228331565857
49,6,528.484130859375,1117.94580078125,0.8238334655761719
49,7,535.0106201171875,678.8060913085938,0.7572952508926392
49,8,535.9429931640625,565.9910278320312,0.7426345944404602
49,9,538.27392578125,538.9526977539062,0.5115792155265808
49,10,525.6871337890625,513.7791137695312,0.6670317649841309
49,11,483.7310791015625,580.9087524414062,0.7415798306465149
49,12,427.7897033691406,681.6031494140625,0.6406989097595215
49,13,405.4131774902344,793.4859008789062,0.783104658126831
49,14,584.425537109375,580.9087524414062,0.7436893582344055
49,15,651.5551147460938,670.4149169921875,0.94557785987854
49,16,617.9902954101562,759.9210815429688,0.742845356464386
50,0,538.3638305664062,787.4735717773438,0.7311285734176636
50,1,549.6964111328125,787.4735717773438,0.6955373287200928
50,2,561.0289306640625,946.1294555664062,0.7522373199462891
50,3,538.3638305664062,1127.450439453125,0.7915542125701904
50,4,527.03125,787.4735717773438,0.7667198777198792
50,5,527.03125,957.4620361328125,0.7961376309394836
50,6,527.03125,1127.450439453125,0.8182604908943176
50,7,528.919921875,688.3136596679688,0.7208216190338135
50,8,530.8087768554688,594.8200073242188,0.7105147242546082
50,9,535.5307006835938,550.9063720703125,0.6418163776397705
50,10,524.1981201171875,470.161865234375,0.7055670619010925
50,11,561.0289306640625,583.4874877929688,0.6968950629234314
50,12,651.689453125,685.4805297851562,0.8214163184165955
50,13,629.0243530273438,776.1410522460938,0.836794376373291
50,14,493.0335998535156,594.8200073242188,0.7241343855857849
50,15,436.37078857421875,674.14794921875,0.9026592373847961
50,16,436.37078857421875,776.1410522460938,0.810502290725708
51,0,543.823974609375,794.9224853515625,0.6974935531616211
51,1,549.5625,794.9224853515625,0.6533596515655518
51,2,572.5165405273438,944.12353515625,0.7404590845108032
51,3,538.0855102539062,1104.8016357421875,0.763340950012207
51,4,538.0855102539062,794.9224853515625,0.7416273951530457
51,5,526.6085205078125,944.12353515625,0.7391117811203003
51,6,526.6085205078125,1139.232666015625,0.8029816746711731
51,7,535.2162475585938,688.7601928710938,0.7064253091812134
51,8,526.6085205078125,576.859375,0.7153570652008057
51,9,526.6085205078125,543.8629760742188,0.6587941646575928
51,10,520.8699951171875,496.52032470703125,0.7172061204910278
51,11,561.0394897460938,565.3823852539062,0.6988353133201599
51,12,652.8555908203125,680.1524047851562,0.7905635237693787
51,13,629.9015502929688,783.4454956054688,0.8482515811920166
51,14,492.177490234375,599.8133544921875,0.7318787574768066
51,15,434.7924499511719,691.62939453125,0.8643446564674377
51,16,434.7924499511719,783.4454956054688,0.8311938047409058
52,0,536.6801147460938,797.68310546875,0.7488428354263306
52,1,536.6801147460938,797.68310546875,0.7018560171127319
52,2,571.4703979492188,948.4409790039062,0.751408040523529
52,3,501.88983154296875,1133.9891357421875,0.8573423624038696
52,4,536.6801147460938,797.68310546875,0.7958295941352844
52,5,525.0833740234375,960.0377197265625,0.8085125088691711
52,6,525.0833740234375,1133.9891357421875,0.9117215871810913
52,7,538.6130981445312,693.312255859375,0.7656684517860413
52,8,517.3521728515625,581.210205078125,0.782494068145752
52,9,507.688232421875,545.45361328125,0.7686929106712341
52,10,504.78900146484375,496.1673583984375,0.7608976364135742
52,11,571.4703979492188,577.3446655273438,0.7435855269432068
52,12,641.0509643554688,681.7155151367188,0.9508916735649109
52,13,629.4541625976562,786.0863037109375,0.9402800798416138
52,14,478.6963195800781,600.5382080078125,0.8214025497436523
52,15,432.30926513671875,693.312255859375,0.9385905265808105
52,16,420.7125244140625,786.0863037109375,0.8471167683601379
53,0,517.8900146484375,799.6879272460938,0.7237082719802856
53,1,500.2337646484375,799.6879272460938,0.6833436489105225
53,2,559.0879516601562,952.708740234375,0.776375949382782
53,3,500.2337646484375,1129.271240234375,0.8499009609222412
53,4,535.5462646484375,799.6879272460938,0.7640728950500488
53,5,523.7754516601562,964.4795532226562,0.7882962226867676
53,6,523.7754516601562,1129.271240234375,0.9036654233932495
53,7,528.6800537109375,693.7504272460938,0.7479510307312012
53,8,515.92822265625,591.7364501953125,0.7721938490867615
53,9,506.11920166015625,552.5003662109375,0.65257728099823
53,10,503.1764831542969,481.8753662109375,0.6910549402236938
53,11,570.8587646484375,576.0420532226562,0.7509669661521912
53,12,629.7129516601562,681.9795532226562,0.9262070059776306
53,13,629.7129516601562,787.9170532226562,0.9423218369483948
53,14,476.6921081542969,599.583740234375,0.7934207320213318
53,15,441.37957763671875,670.208740234375,0.8905783891677856
53,16,417.8379211425781,787.9170532226562,0.8377827405929565
54,0,529.525390625,795.3289794921875,0.7013369202613831
54,1,583.0093994140625,801.2716064453125,0.6703546047210693
54,2,571.1240234375,896.3543701171875,0.8156530857086182
54,3,547.3533935546875,1098.4051513671875,0.8439841866493225
54,4,476.04132080078125,789.3862915039062,0.7323192358016968
54,5,476.04132080078125,955.7810668945312,0.8158984780311584
54,6,511.6973571777344,1145.946533203125,0.8458681702613831
54,7,568.15283203125,688.36083984375,0.6766447424888611
54,8,535.468017578125,555.6412353515625,0.6519525647163391
54,9,505.7546691894531,523.4518432617188,0.6598902940750122
54,10,499.81201171875,504.1381530761719,0.6722182631492615
54,11,523.5827026367188,575.4501953125,0.6900146007537842
54,12,428.4999694824219,706.1889038085938,0.503818929195404
54,13,416.6146240234375,801.2716064453125,0.6295140981674194
54,14,594.8947143554688,587.3355102539062,0.613890528678894
54,15,642.4360961914062,682.418212890625,0.7945579290390015
54,16,642.4360961914062,789.3862915039062,0.7605596780776978
55,0,516.4199829101562,806.0833129882812,0.6689794063568115
55,1,534.5449829101562,824.2083129882812,0.6944525241851807
55,2,570.7949829101562,957.125,0.7511630654335022
55,3,522.461669921875,1126.2916259765625,0.8309512734413147
55,4,498.29498291015625,787.9583129882812,0.6435062289237976
55,5,510.3783264160156,969.2083129882812,0.7561743855476379
55,6,522.461669921875,1150.4583740234375,0.8442854881286621
55,7,551.6629028320312,691.2916259765625,0.6590127348899841
55,8,526.4893798828125,586.5693969726562,0.6490460634231567
55,9,501.3157958984375,544.78125,0.48190927505493164
55,10,504.336669921875,461.7083740234375,0.5821037888526917
55,11,522.461669921875,570.4583129882812,0.6766191720962524
55,12,437.8783264160156,667.125,0.5638592839241028
55,13,643.2949829101562,787.9583129882812,0.589885413646698
55,14,570.7949829101562,582.5416870117188,0.621472954750061
55,15,594.961669921875,667.125,0.7490249872207642
55,16,425.79498291015625,787.9583129882812,0.6714740991592407
56,0,528.9937133789062,793.4337158203125,0.6340274214744568
56,1,547.2918701171875,799.5331420898438,0.6613250970840454
56,2,571.689453125,909.322021484375,0.8004621863365173
56,3,535.0931396484375,1128.8997802734375,0.8426979780197144
56,4,510.6955871582031,787.3343505859375,0.6067297458648682
56,5,510.6955871582031,958.1170654296875,0.7322760820388794
56,6,522.8943481445312,1141.0985107421875,0.7582104802131653
56,7,582.8716430664062,689.7442626953125,0.5941030979156494
56,8,575.7556762695312,575.8890991210938,0.5541788339614868
56,9,550.3416137695312,544.8839111328125,0.4509551227092743
56,10,532.04345703125,506.7628173828125,0.44634711742401123
56,11,620.4844970703125,579.9553833007812,0.6381324529647827
56,12,620.4844970703125,665.3466796875,0.7461243271827698
56,13,632.6832275390625,775.1356201171875,0.7390463352203369
56,14,571.689453125,592.1541137695312,0.4702252447605133
56,15,437.5030212402344,665.3466796875,0.7484861016273499
56,16,425.30426025390625,799.5331420898438,0.7372833490371704
57,0,523.5615234375,783.7197265625,0.6825781464576721
57,1,535.9144287109375,783.7197265625,0.6947860717773438
57,2,572.9732055664062,956.6608276367188,0.788368284702301
57,3,535.9144287109375,1129.601806640625,0.8274984359741211
57,4,511.20855712890625,783.7197265625,0.6703702211380005
57,5,511.20855712890625,956.6608276367188,0.6902147531509399
57,6,523.5614624023438,1141.9547119140625,0.7097568511962891
57,7,552.385009765625,675.631591796875,0.6397762298583984
57,8,531.7967529296875,536.6611328125,0.59697425365448
57,9,511.20855712890625,507.3229064941406,0.5250640511512756
57,10,526.649658203125,499.602294921875,0.5509473085403442
57,11,523.5614624023438,561.3670043945312,0.6720088124275208
57,12,572.9732055664062,647.8375244140625,0.5423235297203064
57,13,622.3849487304688,783.7197265625,0.5663974285125732
57,14,572.9732055664062,573.7199096679688,0.521939754486084
57,15,597.6790771484375,660.1904296875,0.8296552896499634
57,16,647.0908203125,783.7197265625,0.7251511216163635
58,0,529.9366455078125,796.3533935546875,0.6056514382362366
58,1,586.03662109375,821.2866821289062,0.6025359630584717
58,2,573.5699462890625,908.5533447265625,0.6994341611862183
58,3,536.1699829101562,1132.953369140625,0.7226447463035583
58,4,473.8366394042969,771.4200439453125,0.6087669134140015
58,5,523.7033081054688,908.5533447265625,0.6579267978668213
58,6,523.7033081054688,1145.4200439453125,0.6845903396606445
58,7,575.6477661132812,677.9200439453125,0.5928959250450134
58,8,540.3255615234375,534.5533447265625,0.5801404118537903
58,9,506.5616455078125,503.38671875,0.491696298122406
58,10,498.76995849609375,484.68670654296875,0.4730055630207062
58,11,523.7033081054688,559.4866943359375,0.6643836498260498
58,12,423.969970703125,659.2200317382812,0.5801523923873901
58,13,423.969970703125,758.953369140625,0.6384650468826294
58,14,610.969970703125,559.4866943359375,0.49589717388153076
58,15,635.9033203125,659.2200317382812,0.8673103451728821
58,16,648.3699951171875,783.8866577148438,0.8311242461204529
59,0,510.8999938964844,802.9647827148438,0.7316615581512451
59,1,548.790283203125,809.2798461914062,0.739696741104126
59,2,574.0504150390625,960.8409423828125,0.7594397068023682
59,3,536.16015625,1137.6622314453125,0.8386968374252319
59,4,473.00970458984375,796.6497192382812,0.723626434803009
59,5,460.3796081542969,973.4710693359375,0.7864566445350647
59,6,510.8999938964844,1162.9224853515625,0.853553831577301
59,7,550.8953247070312,682.9788818359375,0.6852115392684937
59,8,527.7401123046875,531.4177856445312,0.6387615203857422
59,9,501.42742919921875,501.42132568359375,0.5183096528053284
59,10,514.0574951171875,493.5274963378906,0.5591115951538086
59,11,510.8999938964844,556.677978515625,0.6885781288146973
59,12,409.8592224121094,657.71875,0.6974347829818726
59,13,409.8592224121094,771.3895874023438,0.7352456450462341
59,14,586.6805419921875,569.3080444335938,0.5889448523521423
59,15,637.200927734375,657.71875,0.8816190361976624
59,16,637.200927734375,771.3895874023438,0.8153201937675476
60,0,528.723876953125,811.6166381835938,0.719690203666687
60,1,547.9223022460938,811.6166381835938,0.7459782958030701
60,2,560.72119140625,965.2036743164062,0.7559177875518799
60,3,522.324462890625,1169.986328125,0.9087924361228943
60,4,509.5255126953125,811.6166381835938,0.693402111530304
60,5,458.329833984375,978.0025634765625,0.7525508403778076
60,6,522.324462890625,1182.7852783203125,0.8460304141044617
60,7,505.25933837890625,686.8272094726562,0.683440625667572
60,8,513.7918090820312,555.6383056640625,0.647191047668457
60,9,527.1240234375,518.8413696289062,0.605350911617279
60,10,528.723876953125,466.0457763671875,0.6755033135414124
60,11,522.324462890625,542.8392944335938,0.6586702466011047
60,12,624.7158203125,658.0296020507812,0.7323868274688721
60,13,624.7158203125,798.8176879882812,0.7302607297897339
60,14,483.92767333984375,581.236083984375,0.6357117891311646
60,15,419.93310546875,658.0296020507812,0.7721623778343201
60,16,419.93310546875,773.2198486328125,0.802277684211731
61,0,536.0968627929688,829.06103515625,0.7277884483337402
61,1,549.11474609375,829.06103515625,0.7076879143714905
61,2,549.11474609375,972.2579956054688,0.7889274954795837
61,3,536.0968627929688,1180.54443359375,0.9492325782775879
61,4,523.0789794921875,829.06103515625,0.74788898229599
61,5,510.0610656738281,985.27587890625,0.728640615940094
61,6,510.0610656738281,1167.5264892578125,0.8245809674263
61,7,508.97607421875,702.1365356445312,0.7020626664161682
61,8,514.400390625,560.0244750976562,0.6763368844985962
61,9,527.960693359375,521.51318359375,0.6535585522651672
61,10,529.587890625,477.5777587890625,0.7081783413887024
61,11,523.0789794921875,568.7030639648438,0.6901328563690186
61,12,627.22216796875,698.8820190429688,0.8376367688179016
61,13,627.22216796875,790.00732421875,0.8262055516242981
61,14,484.0252685546875,581.720947265625,0.6625409126281738
61,15,418.9357604980469,685.8641357421875,0.8065356612205505
61,16,418.9357604980469,737.9357299804688,0.796310305595398
62,0,523.84814453125,809.32421875,0.7779945135116577
62,1,537.1044921875,809.32421875,0.772441029548645
62,2,550.3607788085938,994.9127807617188,0.8192040920257568
62,3,537.1044921875,1180.5013427734375,0.9591003656387329
62,4,510.591796875,809.32421875,0.7835479378700256
62,5,510.591796875,1008.1691284179688,0.7588140964508057
62,6,523.84814453125,1180.5013427734375,0.8098404407501221
62,7,516.115234375,690.0172729492188,0.7188525199890137
62,8,501.7542419433594,548.616455078125,0.6597105264663696
62,9,498.9925231933594,511.0568542480469,0.661277174949646
62,10,513.9058837890625,477.916015625,0.7488560676574707
62,11,510.591796875,557.4539794921875,0.6357204914093018
62,12,616.6424560546875,703.2735595703125,0.5874159932136536
62,13,629.8987426757812,796.06787109375,0.5809049010276794
62,14,497.3354797363281,583.9666748046875,0.6837005019187927
62,15,590.1297607421875,676.7609252929688,0.7831860184669495
62,16,417.7975158691406,743.0426025390625,0.7820406556129456
63,0,511.7834167480469,798.9588623046875,0.791936993598938
63,1,552.0829467773438,798.9588623046875,0.7687574028968811
63,2,552.0829467773438,1000.45654296875,0.8339959383010864
63,3,538.6497802734375,1188.52099609375,0.9240980744361877
63,4,471.48388671875,798.9588623046875,0.8151166439056396
63,5,511.7834167480469,1013.8897094726562,0.7416548728942871
63,6,525.2166137695312,1188.52099609375,0.816733717918396
63,7,514.0223388671875,681.4185180664062,0.747417151927948
63,8,529.6942749023438,557.1615600585938,0.702897310256958
63,9,535.29150390625,518.5411987304688,0.5794013142585754
63,10,518.5,463.12939453125,0.7420130372047424
63,11,471.48388671875,557.16162109375,0.6907181143760681
63,12,404.3179626464844,664.6270751953125,0.6877018809318542
63,13,417.75115966796875,772.0924682617188,0.7614670991897583
63,14,578.9492797851562,570.5947875976562,0.7150764465332031
63,15,605.815673828125,678.0602416992188,0.8818891644477844
63,16,646.1151733398438,798.9588623046875,0.8462685942649841
64,0,512.62158203125,799.7159423828125,0.7705073356628418
64,1,553.5322265625,799.7159423828125,0.728904664516449
64,2,553.5322265625,990.6322631835938,0.8577358722686768
64,3,539.8953247070312,1208.8223876953125,0.9239422082901001
64,4,471.7109069824219,799.7159423828125,0.8121099472045898
64,5,471.7109069824219,1004.2691650390625,0.6818109750747681
64,6,512.62158203125,1195.185546875,0.7745388746261597
64,7,514.8943481445312,683.8024291992188,0.7505499720573425
64,8,530.8040771484375,554.2520141601562,0.7305926084518433
64,9,536.486083984375,516.7506103515625,0.6542870402336121
64,10,516.03076171875,472.4307556152344,0.7075381875038147
64,11,471.7109069824219,567.888916015625,0.7042587399482727
64,12,417.16339111328125,663.3471069335938,0.7361761927604675
64,13,417.16339111328125,758.8052368164062,0.7184271812438965
64,14,580.8059692382812,567.888916015625,0.7569264769554138
64,15,635.353515625,663.3471069335938,0.8701479434967041
64,16,635.353515625,799.7159423828125,0.8279440402984619
65,0,512.7689208984375,822.7257080078125,0.7863946557044983
65,1,554.1753540039062,843.428955078125,0.7640061378479004
65,2,554.1753540039062,1009.0548706054688,0.8163434267044067
65,3,526.571044921875,1216.0872802734375,0.8640366792678833
65,4,471.3624267578125,802.0224609375,0.8087831735610962
65,5,498.96673583984375,1036.6591796875,0.8022686243057251
65,6,540.3732299804688,1216.0872802734375,0.7957543730735779
65,7,504.71759033203125,698.5062255859375,0.7926425933837891
65,8,531.1717529296875,544.3821411132812,0.7988905310630798
65,9,545.5490112304688,507.00128173828125,0.5894851684570312
65,10,533.4721069335938,484.57275390625,0.7503688335418701
65,11,457.5602722167969,567.3857421875,0.7870047688484192
65,12,429.9559326171875,705.4073486328125,0.7696382403373718
65,13,416.1537780761719,774.4181518554688,0.690196692943573
65,14,581.7797241210938,581.1878662109375,0.8107762932777405
65,15,636.9883422851562,705.4073486328125,0.9396460056304932
65,16,636.9883422851562,815.8246459960938,0.7896814942359924
66,0,534.756591796875,824.2567749023438,0.7702308893203735
66,1,555.7890014648438,817.2459716796875,0.7457860708236694
66,2,499.70257568359375,999.52685546875,0.7726083397865295
66,3,499.70257568359375,1209.8509521484375,0.8100128769874573
66,4,513.7241821289062,831.267578125,0.7946756482124329
66,5,527.7457885742188,1027.570068359375,0.8775074481964111
66,6,541.7673950195312,1223.87255859375,0.8771777153015137
66,7,510.21881103515625,698.0623168945312,0.7424734830856323
66,8,527.7457885742188,564.8570556640625,0.7147160768508911
66,9,545.2728271484375,524.5449829101562,0.6619049906730652
66,10,538.2620239257812,466.7058410644531,0.7465981841087341
66,11,499.70257568359375,564.8570556640625,0.689263105392456
66,12,597.8538208007812,705.0731201171875,0.7438990473747253
66,13,597.8538208007812,817.2459716796875,0.6765148639678955
66,14,527.7457885742188,578.878662109375,0.7401689887046814
66,15,653.9402465820312,705.0731201171875,0.9019895792007446
66,16,625.8970336914062,803.224365234375,0.6931045055389404
67,0,521.0549926757812,854.1695556640625,0.8014429807662964
67,1,528.1554565429688,854.1695556640625,0.7613173723220825
67,2,542.3563842773438,1024.5806884765625,0.7231690287590027
67,3,499.75360107421875,1223.3936767578125,0.7607091665267944
67,4,513.9545288085938,854.1695556640625,0.8415685892105103
67,5,528.1554565429688,1024.5806884765625,0.7722846269607544
67,6,542.3563842773438,1237.5946044921875,0.7361426949501038
67,7,531.7056884765625,719.2607421875,0.7482792735099792
67,8,542.3563842773438,574.8847045898438,0.6951155662536621
67,9,542.3563842773438,531.0985107421875,0.6581189036369324
67,10,538.80615234375,470.7445068359375,0.7527352571487427
67,11,513.9545288085938,584.3519897460938,0.6706300377845764
67,12,584.9591674804688,712.1602783203125,0.6405473947525024
67,13,599.1600952148438,825.7677001953125,0.5929338335990906
67,14,570.7582397460938,584.3519897460938,0.7196010947227478
67,15,655.9638061523438,712.1602783203125,0.8990438580513
67,16,613.3610229492188,811.5667724609375,0.6751272678375244
68,0,526.1599731445312,769.500732421875,0.765511691570282
68,1,558.7344360351562,769.500732421875,0.759738028049469
68,2,545.7046508789062,925.858154296875,0.8244809508323669
68,3,532.6748657226562,1004.036865234375,0.5394532680511475
68,4,493.58551025390625,769.500732421875,0.771285355091095
68,5,545.7046508789062,938.887939453125,0.7435827255249023
68,6,532.6748657226562,1056.156005859375,0.8536101579666138
68,7,542.4472045898438,675.0347900390625,0.6689256429672241
68,8,558.7344360351562,561.024169921875,0.572339653968811
68,9,558.7344360351562,536.5933227539062,0.3136805593967438
68,10,532.6748657226562,521.934814453125,0.41533106565475464
68,11,532.6748657226562,574.053955078125,0.6316287517547607
68,12,454.49615478515625,678.292236328125,0.5454245805740356
68,13,454.49615478515625,730.411376953125,0.587066113948822
68,14,584.7940063476562,587.083740234375,0.5130505561828613
68,15,597.8237915039062,678.292236328125,0.7154175043106079
68,16,623.8833618164062,717.381591796875,0.6641031503677368
69,0,528.9099731445312,792.6647338867188,0.7851265668869019
69,1,559.2113037109375,792.6647338867188,0.776559054851532
69,2,559.2113037109375,938.1110229492188,0.8178417086601257
69,3,534.97021484375,1059.3162841796875,0.7252374291419983
69,4,498.6086730957031,792.6647338867188,0.793694019317627
69,5,522.8497314453125,950.2315673828125,0.759768009185791
69,6,534.97021484375,1071.436767578125,0.8601550459861755
69,7,564.2615966796875,686.6101684570312,0.7136781215667725
69,8,539.0104370117188,570.455078125,0.6422296762466431
69,9,513.7593383789062,548.7391357421875,0.45824766159057617
69,10,525.8798828125,526.01318359375,0.5812267661094666
69,11,522.8497314453125,574.4952392578125,0.6655166745185852
69,12,450.1265563964844,659.3389282226562,0.6927802562713623
69,13,474.36761474609375,768.4236450195312,0.7532609105110168
69,14,595.5728759765625,586.6157836914062,0.6189426183700562
69,15,631.9344482421875,659.3389282226562,0.9442412853240967
69,16,534.97021484375,768.4236450195312,0.7760629057884216
70,0,519.1177978515625,794.4000244140625,0.7835289239883423
70,1,547.79833984375,800.1361083984375,0.7994052767753601
70,2,547.79833984375,937.8027954101562,0.7078314423561096
70,3,536.3261108398438,1041.0528564453125,0.7060046792030334
70,4,490.437255859375,788.6639404296875,0.7676525115966797
70,5,536.3261108398438,949.2750244140625,0.7921379804611206
70,6,536.3261108398438,1086.941650390625,0.8066554665565491
70,7,547.79833984375,685.4139404296875,0.7788545489311218
70,8,559.2705688476562,559.2195434570312,0.7741801738739014
70,9,552.1004638671875,546.313232421875,0.44928860664367676
70,10,527.7219848632812,547.7471923828125,0.6149369478225708
70,11,524.8539428710938,582.1639404296875,0.7039211392402649
70,12,421.6039123535156,673.9417114257812,0.7931108474731445
70,13,456.02056884765625,765.719482421875,0.8202252984046936
70,14,605.1594848632812,570.6917114257812,0.8444391489028931
70,15,628.1039428710938,673.9417114257812,0.97053462266922
70,16,628.1039428710938,788.6639404296875,0.7842409014701843
71,0,531.75,797.6261596679688,0.7288630604743958
71,1,548.2384033203125,797.6261596679688,0.7008388042449951
71,2,548.2384033203125,929.5335693359375,0.7005077004432678
71,3,515.2615966796875,1072.4332275390625,0.8038685917854309
71,4,515.2615966796875,797.6261596679688,0.7568873167037964
71,5,537.2461547851562,940.5258178710938,0.7574988603591919
71,6,537.2461547851562,1072.4332275390625,0.8288891315460205
71,7,572.9710083007812,693.199462890625,0.7202805280685425
71,8,548.2384643554688,566.7881469726562,0.7116979360580444
71,9,520.7576904296875,547.5516967773438,0.4883003830909729
71,10,520.7576904296875,544.8036499023438,0.5615031719207764
71,11,537.2461547851562,588.7727661132812,0.6961416602134705
71,12,460.3001708984375,676.7110595703125,0.6507973074913025
71,13,427.32330322265625,764.6492919921875,0.7023023962974548
71,14,603.1998291015625,588.7727661132812,0.7272542715072632
71,15,625.1843872070312,676.7110595703125,0.9644535183906555
71,16,625.1843872070312,797.6261596679688,0.8468424677848816
72,0,521.0355224609375,774.3983764648438,0.7432900667190552
72,1,547.74658203125,795.7672119140625,0.7129155397415161
72,2,558.4310302734375,934.66455078125,0.8124435544013977
72,3,537.0621948242188,1084.246337890625,0.8387383222579956
72,4,494.32452392578125,753.029541015625,0.773664653301239
72,5,505.0089416503906,934.66455078125,0.7241495847702026
72,6,526.3777465820312,1020.139892578125,0.7095860838890076
72,7,570.8961181640625,683.5808715820312,0.7320973873138428
72,8,551.30810546875,582.0789184570312,0.7209046483039856
72,9,522.37109375,552.69677734375,0.4924364387989044
72,10,521.0355834960938,517.9724731445312,0.6025067567825317
72,11,537.0621948242188,592.7633666992188,0.6590472459793091
72,12,419.53363037109375,646.1854248046875,0.7287210822105408
72,13,430.2180480957031,763.7139282226562,0.8573377132415771
72,14,611.8530883789062,592.7633666992188,0.7827620506286621
72,15,622.5374755859375,688.9230346679688,0.9587145447731018
72,16,622.5374755859375,795.7672119140625,0.8828025460243225
73,0,522.926513671875,784.3331909179688,0.7457060813903809
73,1,548.9353637695312,794.7367553710938,0.7416572570800781
73,2,548.9353637695312,940.386474609375,0.6673452854156494
73,3,507.3211364746094,1075.632568359375,0.8365302085876465
73,4,496.9176025390625,773.9296264648438,0.7497549653053284
73,5,538.5317993164062,929.98291015625,0.738601803779602
73,6,538.5317993164062,1075.632568359375,0.8450815081596375
73,7,558.471923828125,685.49951171875,0.7129549384117126
73,8,541.9996337890625,576.2622680664062,0.6802037954330444
73,9,520.3255615234375,547.6524658203125,0.4596744477748871
73,10,520.3255615234375,513.8408813476562,0.5743129253387451
73,11,528.1282348632812,586.665771484375,0.6090879440307617
73,12,465.7069396972656,680.2976684570312,0.5883496403694153
73,13,434.49627685546875,763.526123046875,0.6868919730186462
73,14,590.549560546875,586.665771484375,0.7513197064399719
73,15,632.1637573242188,680.2976684570312,0.9402201771736145
73,16,632.1637573242188,794.7367553710938,0.7336169481277466
74,0,539.3299560546875,789.14501953125,0.7474797368049622
74,1,549.599853515625,794.2799682617188,0.7585259675979614
74,2,559.8697509765625,927.7887573242188,0.682709276676178
74,3,508.5202331542969,1061.297607421875,0.8608828186988831
74,4,529.06005859375,784.0100708007812,0.7364335060119629
74,5,539.3299560546875,927.7887573242188,0.8071919083595276
74,6,539.3299560546875,1071.5675048828125,0.8592591285705566
74,7,570.1395263671875,683.8784790039062,0.6478437185287476
74,8,570.1397094726562,575.1886596679688,0.5482076406478882
74,9,557.3023071289062,555.504638671875,0.4983679950237274
74,10,552.1673583984375,527.2623901367188,0.5228643417358398
74,11,570.1397094726562,568.3419799804688,0.5533753037452698
74,12,467.44061279296875,650.5012817382812,0.6220332384109497
74,13,436.6308898925781,763.4702758789062,0.6313280463218689
74,14,590.6795043945312,588.8818359375,0.5430399179458618
74,15,600.9494018554688,681.3109741210938,0.8647701740264893
74,16,457.17071533203125,763.4702758789062,0.730652391910553
75,0,529.4671020507812,777.499267578125,0.7779570817947388
75,1,560.2342529296875,782.6271362304688,0.7891933917999268
75,2,560.2342529296875,936.4628295898438,0.7453756332397461
75,3,519.21142578125,1080.042724609375,0.9605291485786438
75,4,498.6999816894531,772.3714599609375,0.7667207717895508
75,5,478.1885681152344,905.6956787109375,0.7174251675605774
75,6,539.7228393554688,1080.042724609375,0.872312605381012
75,7,567.0712890625,680.070068359375,0.7247860431671143
75,8,553.3971557617188,587.7686157226562,0.6716150045394897
75,9,532.0310668945312,555.7195434570312,0.45624104142189026
75,10,552.5424194335938,495.46734619140625,0.5660151243209839
75,11,519.21142578125,577.512939453125,0.6502284407615662
75,12,426.9100036621094,649.3029174804688,0.7835136651992798
75,13,426.9100036621094,762.11572265625,0.836294949054718
75,14,621.7684936523438,587.7686767578125,0.6930015683174133
75,15,632.0242309570312,680.070068359375,0.8986238241195679
75,16,601.257080078125,772.3714599609375,0.7633361220359802
76,0,529.5291748046875,772.7576293945312,0.7867624759674072
76,1,560.4639282226562,783.0692138671875,0.7727948427200317
76,2,560.4639282226562,937.7427978515625,0.7035179138183594
76,3,519.2176513671875,1082.1048583984375,0.9428199529647827
76,4,498.594482421875,762.446044921875,0.8007300496101379
76,5,539.8407592773438,927.4312133789062,0.8117483258247375
76,6,539.8407592773438,1082.1048583984375,0.8718361258506775
76,7,557.0267333984375,672.2197265625,0.7140829563140869
76,8,563.901123046875,559.6517333984375,0.6414034366607666
76,9,555.30810546875,536.88037109375,0.5025255680084229
76,10,552.730224609375,514.9682006835938,0.6299155354499817
76,11,529.5292358398438,566.526123046875,0.6544984579086304
76,12,447.03662109375,649.0187377929688,0.6583433747291565
76,13,426.4134826660156,752.1344604492188,0.6950506567955017
76,14,612.0217895507812,576.8377075195312,0.6283083558082581
76,15,632.6449584960938,669.6419067382812,0.849561333656311
76,16,632.6449584960938,783.0692138671875,0.7483627796173096
77,0,528.5157470703125,777.8115234375,0.8226631879806519
77,1,559.8611450195312,783.0357666015625,0.787965714931488
77,2,570.3095703125,929.3141479492188,0.7516389489173889
77,3,518.0673217773438,1096.489501953125,0.8922440409660339
77,4,497.1703796386719,772.5873413085938,0.8573606014251709
77,5,518.0673217773438,950.2110595703125,0.7991278171539307
77,6,528.5157470703125,1106.93798828125,0.8528808355331421
77,7,579.0166625976562,681.163330078125,0.7605078816413879
77,8,556.3782958984375,581.0322265625,0.698352575302124
77,9,525.9036254882812,553.169677734375,0.5371049642562866
77,10,531.1278686523438,511.37591552734375,0.6367095708847046
77,11,538.9642333984375,584.5150756835938,0.6682838797569275
77,12,455.3765563964844,647.2058715820312,0.6931731104850769
77,13,424.03118896484375,751.6904296875,0.7686028480529785
77,14,622.5518798828125,584.5150756835938,0.7284212708473206
77,15,643.4487915039062,668.102783203125,0.975716769695282
77,16,633.0003051757812,772.5873413085938,0.9418517351150513
78,0,527.3963623046875,774.5342407226562,0.8315630555152893
78,1,559.4579467773438,785.221435546875,0.7868112325668335
78,2,559.4579467773438,945.529296875,0.8190382719039917
78,3,538.0835571289062,1105.837158203125,0.8934270143508911
78,4,495.3348083496094,763.8470458984375,0.8763148784637451
78,5,484.64764404296875,945.529296875,0.8252307772636414
78,6,495.3348083496094,1105.837158203125,0.7927194237709045
78,7,570.1451416015625,678.3494873046875,0.7694270610809326
78,8,548.770751953125,578.6024169921875,0.7072910070419312
78,9,522.0527954101562,550.1032104492188,0.4682246148586273
78,10,551.4425659179688,507.3544921875,0.5628800988197327
78,11,516.709228515625,582.164794921875,0.7038130164146423
78,12,431.211669921875,646.2879028320312,0.7364535927772522
78,13,420.52447509765625,753.1598510742188,0.8583418130874634
78,14,623.5811157226562,582.164794921875,0.71076899766922
78,15,644.9555053710938,656.97509765625,0.9711371064186096
78,16,634.268310546875,763.8470458984375,0.9259126782417297
79,0,526.0760498046875,775.89306640625,0.7957164645195007
79,1,547.5319213867188,786.6210327148438,0.7672820687294006
79,2,515.3480834960938,947.5399780273438,0.7438505291938782
79,3,515.3480834960938,1097.7310791015625,0.8985825181007385
79,4,504.62017822265625,765.1651611328125,0.8241508603096008
79,5,536.803955078125,947.5399780273438,0.8656514286994934
79,6,536.803955078125,1108.458984375,0.921276330947876
79,7,560.9418334960938,682.023681640625,0.7229225635528564
79,8,547.5318603515625,582.7903442382812,0.6501286625862122
79,9,527.4169921875,551.947509765625,0.5823822617530823
79,10,528.7579956054688,507.69476318359375,0.6485785245895386
79,11,536.803955078125,582.790283203125,0.6647032499313354
79,12,450.9804992675781,647.1578979492188,0.6815531849861145
79,13,418.7967224121094,754.4371948242188,0.5966614484786987
79,14,590.443603515625,593.5182495117188,0.6355540752410889
79,15,654.8112182617188,668.61376953125,0.9075548648834229
79,16,622.62744140625,754.4371948242188,0.8470909595489502
80,0,535.5736694335938,766.7916259765625,0.8242877125740051
80,1,578.7230224609375,777.5789794921875,0.7625664472579956
80,2,567.9357299804688,928.601806640625,0.7612834572792053
80,3,546.3610229492188,1101.1993408203125,0.8822281956672668
80,4,492.4242858886719,756.0042724609375,0.8860089778900146
80,5,481.6369323730469,960.9638671875,0.8783446550369263
80,6,524.7863159179688,1111.9866943359375,0.788870096206665
80,7,568.834716796875,675.0992431640625,0.7554489374160767
80,8,542.7651977539062,569.0236206054688,0.6866101622581482
80,9,518.0442504882812,542.9542236328125,0.5682104229927063
80,10,522.0894775390625,518.6826782226562,0.6245325207710266
80,11,524.7863159179688,583.4067993164062,0.7239171266555786
80,12,449.27490234375,648.130859375,0.7640714645385742
80,13,395.3381652832031,766.7916259765625,0.7881539463996887
80,14,600.2977294921875,583.4067993164062,0.6493031978607178
80,15,654.2344360351562,669.70556640625,0.96931391954422
80,16,621.8724365234375,756.0042724609375,0.9363222718238831
81,0,532.1983642578125,774.4713134765625,0.810259222984314
81,1,564.6488647460938,779.8797607421875,0.7840090990066528
81,2,564.6488647460938,942.132080078125,0.7792451977729797
81,3,543.0151977539062,1104.3843994140625,0.8870446681976318
81,4,499.7479248046875,769.0629272460938,0.8365093469619751
81,5,488.93109130859375,963.7656860351562,0.8691086173057556
81,6,532.1983642578125,1115.201171875,0.8338545560836792
81,7,552.9306030273438,677.1199951171875,0.7693600654602051
81,8,535.803955078125,567.1489868164062,0.7284609079360962
81,9,520.0294799804688,535.149169921875,0.6157851219177246
81,10,521.381591796875,498.64239501953125,0.7281643152236938
81,11,488.93109130859375,574.3601684570312,0.7151437997817993
81,12,424.0301818847656,682.5283813476562,0.8035609722137451
81,13,391.5797119140625,769.0629272460938,0.8539453148841858
81,14,607.9161376953125,585.177001953125,0.7417780756950378
81,15,651.1834106445312,671.7115478515625,0.9448562860488892
81,16,629.5498046875,758.24609375,0.8510645627975464
82,0,540.9757080078125,787.8312377929688,0.7671762704849243
82,1,551.8594970703125,804.1569213867188,0.7532681822776794
82,2,562.7432861328125,945.6463012695312,0.7162883877754211
82,3,540.9757080078125,1108.9031982421875,0.8265969753265381
82,4,530.0919189453125,771.5055541992188,0.7810842990875244
82,5,519.2081298828125,945.6463012695312,0.8549297451972961
82,6,530.0919189453125,1108.9031982421875,0.8356289863586426
82,7,560.9293212890625,687.1561279296875,0.7252212762832642
82,8,537.3477783203125,568.3413696289062,0.683266282081604
82,9,519.2081298828125,537.50390625,0.6018859148025513
82,10,519.2081298828125,510.29443359375,0.7082227468490601
82,11,530.0919189453125,575.5972290039062,0.6964914202690125
82,12,443.02154541015625,684.4351806640625,0.560756266117096
82,13,617.1622924804688,771.5055541992188,0.557378888130188
82,14,573.6271362304688,597.3648071289062,0.6700412034988403
82,15,443.02154541015625,684.4351806640625,0.7248278856277466
82,16,443.02154541015625,771.5055541992188,0.6055155992507935
83,0,533.478759765625,781.36865234375,0.7656642198562622
83,1,549.991943359375,786.873046875,0.7064058780670166
83,2,572.0095825195312,940.9961547851562,0.7665895223617554
83,3,549.991943359375,1106.128173828125,0.887228786945343
83,4,516.965576171875,775.8642578125,0.8249226212501526
83,5,483.9391784667969,952.0050048828125,0.848730742931366
83,6,516.965576171875,1128.145751953125,0.8613095879554749
83,7,549.991943359375,676.7850341796875,0.711836040019989
83,8,549.991943359375,559.35791015625,0.6580078601837158
83,9,543.1114501953125,535.0468139648438,0.615290641784668
83,10,527.974365234375,511.65313720703125,0.7023753523826599
83,11,527.974365234375,566.6970825195312,0.7248395681381226
83,12,439.90399169921875,665.7762451171875,0.4475763142108917
83,13,594.0271606445312,775.8642578125,0.49814191460609436
83,14,583.0183715820312,577.7058715820312,0.5911762118339539
83,15,649.0711059570312,676.7850341796875,0.7441303133964539
83,16,594.0271606445312,764.8554077148438,0.6194484829902649
84,0,544.0400390625,794.6199951171875,0.7702904939651489
84,1,560.8400268554688,794.6199951171875,0.7292119860649109
84,2,560.8400268554688,951.4199829101562,0.7414578199386597
84,3,538.4400024414062,1119.4200439453125,0.812035858631134
84,4,527.239990234375,794.6199951171875,0.8113689422607422
84,5,516.0400390625,962.6199951171875,0.8270683884620667
84,6,527.239990234375,1130.6199951171875,0.8437229990959167
84,7,533.7734375,691.02001953125,0.7254111766815186
84,8,512.3067016601562,574.3533325195312,0.6805318593978882
84,9,507.6400146484375,541.219970703125,0.6543750166893005
84,10,518.8400268554688,503.41998291015625,0.727878212928772
84,11,538.4400024414062,570.6199951171875,0.6901950836181641
84,12,650.4400024414062,671.4199829101562,0.6441998481750488
84,13,616.8400268554688,772.219970703125,0.7756714820861816
84,14,493.6400146484375,604.219970703125,0.6708686947822571
84,15,437.6400146484375,682.6199951171875,0.8138132095336914
84,16,437.6400146484375,783.4199829101562,0.7168214321136475
85,0,548.8218994140625,797.4880981445312,0.7563920021057129
85,1,571.5194702148438,797.4880981445312,0.7297171950340271
85,2,571.5194702148438,956.3707885742188,0.7435619235038757
85,3,537.47314453125,1115.2535400390625,0.8680261373519897
85,4,526.1243896484375,797.4880981445312,0.7830668687820435
85,5,514.775634765625,967.7195434570312,0.8102291822433472
85,6,526.1243896484375,1137.9510498046875,0.8522064089775085
85,7,545.0390625,698.1864013671875,0.7141634225845337
85,8,518.5585327148438,589.4273681640625,0.6719348430633545
85,9,509.10125732421875,552.071044921875,0.7222635746002197
85,10,520.4500122070312,502.42022705078125,0.7478675842285156
85,11,560.1707153320312,593.2103271484375,0.6928192377090454
85,12,650.9608154296875,684.0004272460938,0.7667695879936218
85,13,628.2633056640625,774.79052734375,0.8627338409423828
85,14,492.0780944824219,604.55908203125,0.6510503888130188
85,15,435.33428955078125,684.0004272460938,0.8244417309761047
85,16,435.33428955078125,786.1392822265625,0.8066220879554749
86,0,520.3350219726562,797.84228515625,0.6635538339614868
86,1,503.0834045410156,797.84228515625,0.6215405464172363
86,2,503.0834045410156,947.3563232421875,0.7215393781661987
86,3,503.0834045410156,1108.3714599609375,0.7118847966194153
86,4,537.586669921875,797.84228515625,0.7055671811103821
86,5,526.0855712890625,947.3563232421875,0.7316769361495972
86,6,537.586669921875,1119.87255859375,0.7696400880813599
86,7,535.6697998046875,694.33251953125,0.7052740454673767
86,8,522.2518920898438,590.8228149414062,0.7469942569732666
86,9,510.2715759277344,556.319580078125,0.8001940846443176
86,10,505.9586486816406,498.8140869140625,0.7738312482833862
86,11,572.0899047851562,579.3217163085938,0.7576102018356323
86,12,641.0963745117188,682.8314819335938,0.9690367579460144
86,13,629.5952758789062,786.3411865234375,0.9786673784255981
86,14,491.5823059082031,602.3239135742188,0.7363783121109009
86,15,434.076904296875,671.3303833007812,0.8763275742530823
86,16,434.076904296875,786.3411865234375,0.8281022310256958
87,0,530.9674682617188,793.6826171875,0.6630921363830566
87,1,536.793701171875,799.5088500976562,0.6091804504394531
87,2,560.0986328125,904.3810424804688,0.7388256788253784
87,3,536.793701171875,1114.12548828125,0.7548101544380188
87,4,525.1412353515625,787.8563842773438,0.7170038819313049
87,5,490.183837890625,962.6433715820312,0.7953209280967712
87,6,513.48876953125,1137.430419921875,0.7914331555366516
87,7,544.5620727539062,688.8103637695312,0.696020245552063
87,8,517.3729248046875,578.1119384765625,0.7289482951164246
87,9,500.3797607421875,544.611083984375,0.702324628829956
87,10,496.01007080078125,496.544677734375,0.6940710544586182
87,11,571.7510986328125,566.45947265625,0.7927676439285278
87,12,630.013427734375,682.984130859375,0.8385179042816162
87,13,641.6658935546875,787.8563842773438,0.8747807741165161
87,14,490.183837890625,601.4168701171875,0.6651289463043213
87,15,443.5739440917969,682.984130859375,0.762212336063385
87,16,431.9214782714844,787.8563842773438,0.7535095810890198
88,0,535.6251220703125,801.3881225585938,0.6332626342773438
88,1,547.3718872070312,801.3881225585938,0.6023421883583069
88,2,570.8654174804688,954.095947265625,0.6754659414291382
88,3,535.6251220703125,1106.8038330078125,0.6120664477348328
88,4,523.8783569335938,801.3881225585938,0.6641830205917358
88,5,512.1316528320312,954.095947265625,0.6330372095108032
88,6,523.8783569335938,1130.29736328125,0.6926295161247253
88,7,546.3928833007812,692.7305908203125,0.6802510619163513
88,8,516.0472412109375,558.6217651367188,0.7272394895553589
88,9,498.91650390625,526.8076171875,0.6934487819671631
88,10,494.511474609375,507.7191162109375,0.7149465680122375
88,11,570.8654174804688,566.4529418945312,0.7764379978179932
88,12,617.8524780273438,695.6672973632812,0.8027056455612183
88,13,641.345947265625,777.8945922851562,0.8576546907424927
88,14,488.6380920410156,601.6931762695312,0.6780410408973694
88,15,441.65106201171875,683.9205322265625,0.8182773590087891
88,16,429.904296875,789.641357421875,0.7337874174118042
89,0,528.0633544921875,787.4107055664062,0.5928008556365967
89,1,546.0908813476562,787.4107055664062,0.5876775979995728
89,2,570.1276245117188,895.5759887695312,0.7637327313423157
89,3,534.072509765625,1123.9249267578125,0.7338665723800659
89,4,510.0357971191406,787.4107055664062,0.5979240536689758
89,5,498.0174255371094,955.6677856445312,0.7164658308029175
89,6,510.0357971191406,1135.9432373046875,0.7009260654449463
89,7,562.1154174804688,676.2407836914062,0.5907647609710693
89,8,530.06640625,531.0189208984375,0.5887287259101868
89,9,502.52435302734375,515.4952392578125,0.4049502909183502
89,10,501.02203369140625,535.025146484375,0.49046793580055237
89,11,522.0541381835938,559.061767578125,0.6302868723869324
89,12,437.9256286621094,667.22705078125,0.4636339843273163
89,13,425.9072570800781,787.4107055664062,0.5462068319320679
89,14,582.14599609375,571.0801391601562,0.5471705794334412
89,15,594.1643676757812,655.2086791992188,0.838454008102417
89,16,642.23779296875,775.392333984375,0.8067914843559265
90,0,522.9378662109375,786.1396484375,0.6097981333732605
90,1,535.1236572265625,786.1396484375,0.6225576400756836
90,2,571.6810913085938,907.9976806640625,0.761352002620697
90,3,535.1236572265625,1127.3421630859375,0.7820944786071777
90,4,510.7520751953125,786.1396484375,0.5970386266708374
90,5,510.7520751953125,956.7409057617188,0.7021309733390808
90,6,510.7520751953125,1139.5279541015625,0.6968050003051758
90,7,555.433349609375,679.513916015625,0.6045403480529785
90,8,526.999755859375,530.2378540039062,0.5992826223373413
90,9,501.6127014160156,513.4823608398438,0.5044588446617126
90,10,501.61273193359375,542.4237060546875,0.5295655131340027
90,11,522.9378662109375,566.7952270507812,0.6704270839691162
90,12,608.2384643554688,664.2816772460938,0.6808420419692993
90,13,644.7958984375,773.953857421875,0.7124830484390259
90,14,571.6810913085938,578.9810791015625,0.5281382203102112
90,15,583.8668823242188,664.2816772460938,0.8196011185646057
90,16,437.63726806640625,798.3255004882812,0.6997336745262146
91,0,529.5664672851562,777.4791259765625,0.6472546458244324
91,1,584.9005126953125,783.6273803710938,0.6367462277412415
91,2,572.6040649414062,906.5919189453125,0.7354557514190674
91,3,535.7147216796875,1127.927978515625,0.8246277570724487
91,4,474.2324523925781,771.3309326171875,0.6577630639076233
91,5,474.2324523925781,955.7777099609375,0.7754571437835693
91,6,511.1217956542969,1152.5208740234375,0.7040220499038696
91,7,564.4063720703125,669.88525390625,0.6319955587387085
91,8,531.6159057617188,517.204345703125,0.6167365312576294
91,9,503.4365234375,506.957275390625,0.488254576921463
91,10,504.97357177734375,549.994873046875,0.4598214328289032
91,11,523.4182739257812,549.994873046875,0.703037440776825
91,12,437.34307861328125,660.6629028320312,0.6507322788238525
91,13,425.046630859375,795.923828125,0.7896551489830017
91,14,584.9005126953125,574.5877685546875,0.5304356813430786
91,15,621.7898559570312,660.6629028320312,0.9161988496780396
91,16,646.3827514648438,783.6273803710938,0.9167028069496155
92,0,521.9151611328125,779.6533203125,0.6384067535400391
92,1,546.5759887695312,785.8185424804688,0.6487184762954712
92,2,571.23681640625,946.11376953125,0.7012783885002136
92,3,534.24560546875,1131.06982421875,0.7166290879249573
92,4,497.25439453125,773.4881591796875,0.6280949711799622
92,5,460.26318359375,958.4442138671875,0.7782302498817444
92,6,509.5848083496094,1155.7305908203125,0.7579847574234009
92,7,554.7962646484375,674.844970703125,0.6175148487091064
92,8,526.025390625,539.2105712890625,0.5966229438781738
92,9,500.3370361328125,509.92584228515625,0.5415077209472656
92,10,528.0804443359375,502.2193298339844,0.5736483931541443
92,11,521.9152221679688,563.871337890625,0.6898180842399597
92,12,571.23681640625,650.1841430664062,0.5220533609390259
92,13,423.2720031738281,798.1489868164062,0.6106828451156616
92,14,571.23681640625,576.2017822265625,0.5034278035163879
92,15,583.5671997070312,662.5145874023438,0.777332603931427
92,16,645.21923828125,785.8185424804688,0.6346220374107361
93,0,529.7518310546875,785.51611328125,0.6777760982513428
93,1,548.5270385742188,785.51611328125,0.6654720306396484
93,2,561.0438842773438,960.7516479492188,0.7955647706985474
93,3,536.0101928710938,1148.50390625,0.8290641903877258
93,4,510.9765625,785.51611328125,0.6900801062583923
93,5,460.9093017578125,973.2684326171875,0.7667604684829712
93,6,523.493408203125,1173.53759765625,0.8059476613998413
93,7,560.000732421875,672.86474609375,0.6744788289070129
93,8,527.6656494140625,535.1797485351562,0.6711815595626831
93,9,501.5889587402344,503.8876953125,0.6787800788879395
93,10,498.45977783203125,485.1124572753906,0.6599267721176147
93,11,523.493408203125,547.696533203125,0.7127605676651001
93,12,435.8756408691406,597.7638549804688,0.5580270886421204
93,13,423.35882568359375,772.9993286132812,0.46714189648628235
93,14,573.5606689453125,572.730224609375,0.6296025514602661
93,15,598.5942993164062,660.3479614257812,0.8133612871170044
93,16,636.144775390625,785.51611328125,0.7348774671554565
94,0,522.8953857421875,805.7786254882812,0.686670184135437
94,1,535.5660400390625,812.1139526367188,0.6829900741577148
94,2,548.2366943359375,964.162109375,0.7589621543884277
94,3,535.5660400390625,1166.8929443359375,0.8776472806930542
94,4,510.22467041015625,799.4432983398438,0.6903502941131592
94,5,472.2126159667969,976.8328247070312,0.7390008568763733
94,6,522.8953247070312,1179.563720703125,0.8437626957893372
94,7,551.4041748046875,685.4072265625,0.6689085364341736
94,8,522.8953247070312,541.80615234375,0.6511468887329102
94,9,499.1378173828125,512.7692260742188,0.6734906435012817
94,10,510.22467041015625,495.3470153808594,0.7017560601234436
94,11,522.8953247070312,546.0297241210938,0.6689190864562988
94,12,586.2487182617188,660.0658569335938,0.6476758718490601
94,13,624.2607421875,799.4432983398438,0.6509072184562683
94,14,560.9073486328125,584.041748046875,0.6333746314048767
94,15,586.2487182617188,672.7365112304688,0.774758517742157
94,16,636.9314575195312,786.7726440429688,0.7253624200820923
95,0,536.6131591796875,815.4518432617188,0.7227282524108887
95,1,549.4452514648438,815.4518432617188,0.7058522701263428
95,2,549.4452514648438,982.2691650390625,0.791694164276123
95,3,498.1168518066406,1187.582763671875,0.9061323404312134
95,4,523.7810668945312,815.4518432617188,0.7396042346954346
95,5,510.9489440917969,995.1012573242188,0.7805871963500977
95,6,523.7810668945312,1187.582763671875,0.8718430995941162
95,7,560.1387329101562,690.3389282226562,0.6948541402816772
95,8,532.3358154296875,545.977783203125,0.666979968547821
95,9,510.9489440917969,512.2935791015625,0.6218650341033936
95,10,523.7810668945312,481.81732177734375,0.6870266795158386
95,11,523.7810668945312,558.8098754882812,0.657256543636322
95,12,600.7736206054688,674.2987670898438,0.6777432560920715
95,13,639.2698974609375,789.7876586914062,0.6576037406921387
95,14,575.1094360351562,571.6420288085938,0.6767033934593201
95,15,587.9415283203125,687.130859375,0.8095912337303162
95,16,421.124267578125,738.4592895507812,0.7001161575317383
96,0,531.7625122070312,832.9512329101562,0.7393625974655151
96,1,538.311279296875,832.9512329101562,0.7267177104949951
96,2,551.4088134765625,990.1216430664062,0.8137997984886169
96,3,538.311279296875,1186.5845947265625,0.9312909841537476
96,4,525.2137451171875,832.9512329101562,0.7520074844360352
96,5,512.1162109375,1003.2191162109375,0.764866054058075
96,6,525.2137451171875,1186.5845947265625,0.8654522895812988
96,7,553.591796875,695.4271240234375,0.707215428352356
96,8,529.57958984375,540.439697265625,0.675068199634552
96,9,510.47900390625,508.7873229980469,0.5767453908920288
96,10,518.6649780273438,479.31787109375,0.6529474258422852
96,11,512.1162109375,544.8055419921875,0.683834969997406
96,12,420.4335021972656,662.683349609375,0.5943738222122192
96,13,407.3359680175781,767.4635620117188,0.6361863017082214
96,14,577.6038818359375,571.0006103515625,0.666301429271698
96,15,603.7989501953125,688.8783569335938,0.8195086717605591
96,16,643.091552734375,793.6586303710938,0.730782151222229
97,0,506.39813232421875,809.0028686523438,0.7555137872695923
97,1,499.7347106933594,809.0028686523438,0.735899806022644
97,2,499.7347106933594,995.5787963867188,0.8009285926818848
97,3,499.7347106933594,1195.4815673828125,0.877646267414093
97,4,513.0615234375,809.0028686523438,0.7751277089118958
97,5,526.388427734375,1008.9056396484375,0.8866533637046814
97,6,526.388427734375,1195.4815673828125,0.9439282417297363
97,7,514.172119140625,682.3978271484375,0.7257280349731445
97,8,508.6192626953125,538.0236206054688,0.6959423422813416
97,9,503.06640625,505.8170166015625,0.6180795431137085
97,10,523.0567016601562,475.83154296875,0.7391533255577087
97,11,539.7152709960938,529.1389770507812,0.6775570511817932
97,12,619.6763916015625,689.0612182617188,0.7414498925209045
97,13,633.0032348632812,795.676025390625,0.7850897312164307
97,14,486.4078369140625,582.4464111328125,0.7143276333808899
97,15,593.0226440429688,662.4075317382812,0.7997339963912964
97,16,606.3494873046875,795.676025390625,0.6802858710289001
98,0,514.4373168945312,797.80126953125,0.7691243290901184
98,1,555.0433349609375,797.80126953125,0.7538208365440369
98,2,555.0433349609375,1000.8314208984375,0.8304310441017151
98,3,527.97265625,1190.326171875,0.8227220177650452
98,4,473.8313293457031,797.80126953125,0.7844278216362
98,5,527.97265625,1027.902099609375,0.843826174736023
98,6,527.97265625,1190.326171875,0.8184691667556763
98,7,499.7740173339844,686.134765625,0.7297828197479248
98,8,518.9491577148438,563.1887817382812,0.6904413104057312
98,9,533.0484619140625,518.6349487304688,0.6216070055961609
98,10,511.05352783203125,459.4178161621094,0.7079765200614929
98,11,514.4373779296875,567.7005615234375,0.6564135551452637
98,12,582.114013671875,662.4478759765625,0.6205021739006042
98,13,595.6494140625,797.80126953125,0.514991819858551
98,14,500.9020080566406,581.23583984375,0.7244690656661987
98,15,595.6494140625,689.5185546875,0.8242014050483704
98,16,609.1846923828125,797.80126953125,0.6977841258049011
99,0,507.8414306640625,807.8192749023438,0.7474192380905151
99,1,542.0003662109375,800.9874877929688,0.7402845621109009
99,2,555.6639404296875,1005.941162109375,0.795601487159729
99,3,501.0096435546875,1197.2313232421875,0.8107566833496094
99,4,473.6824645996094,814.6510620117188,0.7545539736747742
99,5,528.3367919921875,1019.604736328125,0.8695725798606873
99,6,528.3367919921875,1197.2313232421875,0.8466984629631042
99,7,502.148193359375,691.6788330078125,0.7096415162086487
99,8,523.7822875976562,564.152099609375,0.6718637943267822
99,9,535.1685791015625,529.4237670898438,0.6854583621025085
99,10,531.752685546875,486.72509765625,0.7069265842437744
99,11,501.0096435546875,568.7066040039062,0.649845540523529
99,12,596.6547241210938,705.3424072265625,0.5826965570449829
99,13,596.6547241210938,800.9874877929688,0.4956475496292114
99,14,528.3367919921875,582.3701782226562,0.6938821077346802
99,15,610.3182983398438,705.3424072265625,0.8556647896766663
99,16,610.3182983398438,814.6510620117188,0.702059805393219
100,0,507.2189025878906,828.3428955078125,0.7751712203025818
100,1,500.26837158203125,821.392333984375,0.772993803024292
100,2,500.26837158203125,1002.1063842773438,0.7221401333808899
100,3,500.26837158203125,1210.62255859375,0.7841233015060425
100,4,514.16943359375,835.2933959960938,0.7773486375808716
100,5,528.070556640625,1029.9085693359375,0.8077596426010132
100,6,528.070556640625,1196.721435546875,0.8292481899261475
100,7,495.63470458984375,703.233154296875,0.749191403388977
100,8,518.8031616210938,566.5391845703125,0.7232115268707275
100,9,533.283447265625,531.207275390625,0.7464151978492737
100,10,538.496337890625,487.76641845703125,0.7448297142982483
100,11,541.9716186523438,571.1729125976562,0.6855244040489197
100,12,597.575927734375,710.1836547851562,0.7665866017341614
100,13,639.2791748046875,807.4912109375,0.6724582314491272
100,14,472.4662170410156,585.073974609375,0.7608986496925354
100,15,416.8619079589844,682.3815307617188,0.8323243260383606
100,16,416.8619079589844,751.8869018554688,0.724115788936615
101,0,514.6088256835938,835.0352783203125,0.8039386868476868
101,1,557.0958862304688,856.27880859375,0.7800763845443726
101,2,557.0958862304688,1012.0645751953125,0.7661599516868591
101,3,542.9335327148438,1238.662109375,0.8008766174316406
101,4,472.1217956542969,813.7918090820312,0.827800989151001
101,5,514.6088256835938,1040.3892822265625,0.6779085397720337
101,6,514.6088256835938,1167.850341796875,0.6588744521141052
101,7,516.9691772460938,707.57421875,0.7659280300140381
101,8,533.491943359375,563.5903930664062,0.7279173135757446
101,9,539.3929443359375,521.6934204101562,0.5241928100585938
101,10,528.7711181640625,473.8955078125,0.6766161918640137
101,11,472.1217956542969,573.0319213867188,0.6984453797340393
101,12,415.472412109375,714.6553955078125,0.6606612801551819
101,13,585.4205322265625,827.9541015625,0.4579865634441376
101,14,585.4205322265625,587.1942749023438,0.75738924741745
101,15,642.0699462890625,714.6553955078125,0.9498301148414612
101,16,642.0699462890625,813.7918090820312,0.8577978014945984
102,0,526.5349731445312,822.151123046875,0.7574083805084229
102,1,546.0833740234375,822.151123046875,0.7982686758041382
102,2,546.0833740234375,926.4091796875,0.8263877034187317
102,3,533.0510864257812,1004.6026611328125,0.5987295508384705
102,4,506.9866027832031,822.151123046875,0.7165481448173523
102,5,546.0833740234375,939.44140625,0.6963121294975281
102,6,533.0510864257812,1056.731689453125,0.8591065406799316
102,7,549.3414306640625,711.376953125,0.6423982977867126
102,8,493.954345703125,713.549072265625,0.5273882150650024
102,9,461.37371826171875,717.8931274414062,0.3949113190174103
102,10,503.728515625,574.538330078125,0.39931589365005493
102,11,533.0510864257812,574.538330078125,0.5895001292228699
102,12,598.2123413085938,678.7963256835938,0.6032350659370422
102,13,493.954345703125,743.9576416015625,0.4696561098098755
102,14,506.9866027832031,626.6673583984375,0.4652763307094574
102,15,585.1801147460938,678.7963256835938,0.6238889694213867
102,16,572.1478881835938,809.118896484375,0.6114706993103027
103,0,517.6160278320312,804.2469482421875,0.8315688371658325
103,1,547.950927734375,804.2469482421875,0.8605886101722717
103,2,560.0848999023438,949.8543701171875,0.776000440120697
103,3,535.8169555664062,1059.0599365234375,0.6339710354804993
103,4,487.2811584472656,804.2469482421875,0.8025491237640381
103,5,523.6830444335938,961.9883422851562,0.7576508522033691
103,6,535.8169555664062,1071.19384765625,0.7946794033050537
103,7,543.90625,692.0079345703125,0.6818637251853943
103,8,527.7276611328125,545.389404296875,0.532158613204956
103,9,510.0323486328125,538.8167724609375,0.3981921672821045
103,10,526.716552734375,573.7018432617188,0.4874243140220642
103,11,499.4151306152344,573.701904296875,0.5888881087303162
103,12,450.87933349609375,670.7734985351562,0.6000258326530457
103,13,463.0132751464844,767.8450927734375,0.715552806854248
103,14,584.352783203125,585.8358764648438,0.47542914748191833
103,15,620.754638671875,658.6395263671875,0.8113946914672852
103,16,535.8169555664062,792.113037109375,0.720317542552948
104,0,519.4830322265625,798.3009643554688,0.7924502491950989
104,1,548.3129272460938,798.3009643554688,0.8034101724624634
104,2,571.3768310546875,936.6842651367188,0.7394318580627441
104,3,548.3129272460938,1040.4718017578125,0.6971036791801453
104,4,490.6531982421875,798.3009643554688,0.7814903259277344
104,5,525.2490234375,948.2161865234375,0.7476391792297363
104,6,536.781005859375,1086.5994873046875,0.758841872215271
104,7,558.8839111328125,691.6304931640625,0.7259118556976318
104,8,540.6249389648438,563.8180541992188,0.65937340259552
104,9,516.60009765625,546.0396728515625,0.34556183218955994
104,10,531.0150146484375,544.5982055664062,0.4663136899471283
104,11,525.2490234375,579.1940307617188,0.6406059861183167
104,12,456.057373046875,671.4495849609375,0.673099935054779
104,13,467.5893249511719,763.7051391601562,0.8439938426017761
104,14,594.440673828125,590.7259521484375,0.6781407594680786
104,15,629.0365600585938,671.4495849609375,0.9298060536384583
104,16,629.0365600585938,798.3009643554688,0.7942257523536682
105,0,526.2453002929688,794.1096801757812,0.7684274911880493
105,1,548.4440307617188,794.1096801757812,0.7694664001464844
105,2,548.4440307617188,960.6004028320312,0.7070904970169067
105,3,526.2453002929688,1082.693603515625,0.7374205589294434
105,4,504.0465393066406,794.1096801757812,0.7673885226249695
105,5,526.2453002929688,938.4016723632812,0.7327374219894409
105,6,537.3446655273438,1082.693603515625,0.8367612361907959
105,7,570.6426391601562,688.66552734375,0.7497773170471191
105,8,548.444091796875,557.3228759765625,0.7311272025108337
105,9,520.6956176757812,541.5987548828125,0.39745771884918213
105,10,526.2452392578125,549.92333984375,0.5893258452415466
105,11,537.3446655273438,583.221435546875,0.6673285961151123
105,12,459.64898681640625,672.0164794921875,0.7061853408813477
105,13,426.3508605957031,760.8115234375,0.7459375262260437
105,14,603.9409790039062,583.221435546875,0.7949258089065552
105,15,626.1397094726562,683.1158447265625,0.9802205562591553
105,16,626.1397094726562,794.1096801757812,0.9088215827941895
106,0,526.29248046875,787.9400024414062,0.7247556447982788
106,1,547.8424682617188,793.3275146484375,0.7163405418395996
106,2,547.8424682617188,922.6275024414062,0.6443238854408264
106,3,515.5175170898438,1062.7025146484375,0.6909928321838379
106,4,504.74249267578125,782.552490234375,0.7331706881523132
106,5,526.29248046875,922.6275024414062,0.6928133368492126
106,6,537.0675048828125,1084.25244140625,0.7572588324546814
106,7,582.8613891601562,688.271240234375,0.689294159412384
106,8,558.6174926757812,581.4191284179688,0.6538326740264893
106,9,524.9456176757812,548.1962280273438,0.4292353391647339
106,10,523.5987548828125,502.40252685546875,0.5041639804840088
106,11,569.3925170898438,588.6024780273438,0.63521808385849
106,12,461.6424865722656,674.802490234375,0.5717885494232178
106,13,429.3175048828125,761.0025024414062,0.7016682624816895
106,14,601.7174682617188,588.6024780273438,0.6724472045898438
106,15,623.2675170898438,685.5775146484375,0.9164171814918518
106,16,623.2675170898438,793.3275146484375,0.8302386403083801
107,0,522.2645874023438,785.6197509765625,0.7417595386505127
107,1,548.6156616210938,796.1602172851562,0.7191559076309204
107,2,569.696533203125,922.6454467773438,0.6840608716011047
107,3,516.9943237304688,1059.6710205078125,0.834019124507904
107,4,495.9134826660156,775.079345703125,0.7643632292747498
107,5,538.0751953125,933.1858520507812,0.7452970147132874
107,6,538.0751953125,1080.751953125,0.8233879804611206
107,7,567.9395751953125,688.1207885742188,0.7167879939079285
107,8,555.642578125,585.3516235351562,0.6918164491653442
107,9,531.4874267578125,555.0478515625,0.47198840975761414
107,10,553.8858642578125,511.56854248046875,0.5586073994636536
107,11,538.0751953125,595.8920288085938,0.6495718955993652
107,12,464.29217529296875,680.2154541015625,0.652747392654419
107,13,432.6708984375,764.5389404296875,0.8333131074905396
107,14,611.8582153320312,585.3515625,0.734061062335968
107,15,622.398681640625,680.2154541015625,0.9828567504882812
107,16,622.398681640625,785.6198120117188,0.8552121520042419
108,0,522.919921875,774.787353515625,0.7290984392166138
108,1,548.9326782226562,785.1924438476562,0.7199015021324158
108,2,569.7428588867188,920.4586791992188,0.6533337235450745
108,3,507.3122863769531,1055.724853515625,0.8043315410614014
108,4,496.9071960449219,764.3822631835938,0.7382954359054565
108,5,538.527587890625,920.4586791992188,0.7850324511528015
108,6,538.527587890625,1076.5350341796875,0.823197603225708
108,7,559.3377685546875,683.7427978515625,0.6642052531242371
108,8,548.9326171875,587.4957275390625,0.5993120670318604
108,9,529.423095703125,557.5810546875,0.4679643213748932
108,10,554.13525390625,514.6600341796875,0.5094042420387268
108,11,538.527587890625,597.9008178710938,0.5824102163314819
108,12,465.69189453125,649.92626953125,0.5923892259597778
108,13,434.47662353515625,764.3822631835938,0.6684474349021912
108,14,590.5530395507812,587.4957275390625,0.6162139773368835
108,15,600.9581298828125,681.1415405273438,0.8593509793281555
108,16,600.9581298828125,764.3822631835938,0.726829469203949
109,0,528.7171630859375,767.6685791015625,0.7477368116378784
109,1,559.7542114257812,783.1871337890625,0.7304584980010986
109,2,570.0999145507812,917.6809692382812,0.7104261517524719
109,3,518.3715209960938,1093.5574951171875,0.7812870740890503
109,4,497.6801452636719,752.1500854492188,0.765015184879303
109,5,476.98876953125,896.9896240234375,0.6579045653343201
109,6,528.7171630859375,1072.8660888671875,0.6747303009033203
109,7,578.7212524414062,666.7982177734375,0.6373327374458313
109,8,556.3056640625,565.9278564453125,0.5269286632537842
109,9,526.1307373046875,550.4093627929688,0.4514094591140747
109,10,536.4764404296875,524.5452270507812,0.47654154896736145
109,11,539.0628662109375,565.9279174804688,0.5069361329078674
109,12,466.6430969238281,648.6932983398438,0.5234789848327637
109,13,425.2603759765625,741.804443359375,0.6362577676773071
109,14,621.8283081054688,565.9279174804688,0.5469212532043457
109,15,632.1739501953125,679.7303466796875,0.8885783553123474
109,16,632.1739501953125,783.1871337890625,0.886993408203125
110,0,524.114013671875,762.142578125,0.7663707137107849
110,1,560.3773803710938,772.5035400390625,0.7168627381324768
110,2,560.3773803710938,927.9179077148438,0.7383341789245605
110,3,518.9335327148438,1093.6932373046875,0.797766923904419
110,4,487.8506774902344,751.7816162109375,0.815878689289093
110,5,477.4897155761719,896.8350219726562,0.7202757596969604
110,6,529.2944946289062,1083.332275390625,0.7058085799217224
110,7,572.4651489257812,663.7135009765625,0.6615694761276245
110,8,553.4700927734375,565.284423828125,0.5567681789398193
110,9,525.4091186523438,549.7429809570312,0.4202691614627838
110,10,534.4749755859375,523.840576171875,0.4800066351890564
110,11,529.2944946289062,565.284423828125,0.5425446629524231
110,12,467.1287536621094,648.1720581054688,0.5334863066673279
110,13,425.6849365234375,741.420654296875,0.6010487079620361
110,14,622.5430908203125,565.284423828125,0.5709917545318604
110,15,632.904052734375,668.8939819335938,0.9034708738327026
110,16,632.904052734375,772.5035400390625,0.9224998950958252
111,0,523.433349609375,774.0849609375,0.7512325048446655
111,1,549.7250366210938,784.6016235351562,0.7102473378181458
111,2,570.7583618164062,921.3182983398438,0.7106669545173645
111,3,518.1749877929688,1089.5849609375,0.8458343148231506
111,4,497.1416931152344,763.5682983398438,0.7922176122665405
111,5,518.1749877929688,921.3182983398438,0.7409438490867615
111,6,528.691650390625,1100.1016845703125,0.8253655433654785
111,7,576.8931274414062,679.4349365234375,0.6528147459030151
111,8,556.7361450195312,581.2794189453125,0.5543969869613647
111,9,526.0625,553.2349853515625,0.5044718384742737
111,10,526.0625,511.16827392578125,0.548861563205719
111,11,581.2750244140625,574.268310546875,0.5904406309127808
111,12,633.8583374023438,647.885009765625,0.662450909614563
111,13,623.3416748046875,784.6016235351562,0.6915603876113892
111,14,581.2750244140625,595.3016357421875,0.5183533430099487
111,15,602.308349609375,668.9183349609375,0.7431738972663879
111,16,623.3416748046875,763.5682983398438,0.823621928691864
112,0,522.5313720703125,773.4795532226562,0.8243649005889893
112,1,549.365478515625,784.2131958007812,0.7927313446998596
112,2,570.832763671875,923.7505493164062,0.7502341270446777
112,3,527.898193359375,1095.48876953125,0.8538320660591125
112,4,495.697265625,762.7459106445312,0.8559983968734741
112,5,495.697265625,934.4841918945312,0.8322983384132385
112,6,527.898193359375,1095.48876953125,0.7860792875289917
112,7,559.2046508789062,671.5099487304688,0.7110645174980164
112,8,542.209716796875,569.5403442382812,0.5977641344070435
112,9,519.8479614257812,545.3896484375,0.5104341506958008
112,10,533.2650146484375,505.13848876953125,0.5409020185470581
112,11,527.898193359375,558.8067016601562,0.608452320098877
112,12,463.496337890625,633.9421997070312,0.6338107585906982
112,13,420.561767578125,741.2786254882812,0.6347334980964661
112,14,592.300048828125,580.2739868164062,0.58707594871521
112,15,645.96826171875,676.8767700195312,0.9070358872413635
112,16,624.5009765625,762.7459106445312,0.9187461137771606
113,0,526.1478271484375,774.553466796875,0.8006393909454346
113,1,547.7765502929688,785.3678588867188,0.7704563736915588
113,2,569.4052124023438,936.768798828125,0.7024271488189697
113,3,526.1478271484375,1109.7984619140625,0.8673462867736816
113,4,504.51910400390625,763.7391357421875,0.8308223485946655
113,5,526.1478271484375,936.768798828125,0.8465091586112976
113,6,526.1478271484375,1109.7984619140625,0.8419604301452637
113,7,560.393310546875,674.520751953125,0.7216482758522034
113,8,540.5669555664062,572.685546875,0.6426571607589722
113,9,518.0370483398438,546.100341796875,0.6113206744194031
113,10,523.4442138671875,504.19476318359375,0.6471790075302124
113,11,526.1478271484375,569.080810546875,0.6592026352882385
113,12,450.4473571777344,644.78125,0.6878945231437683
113,13,418.0043029785156,752.9248046875,0.5887591242790222
113,14,591.033935546875,579.8951416015625,0.626111626625061
113,15,655.9200439453125,666.4099731445312,0.8803923726081848
113,16,601.8482666015625,763.7391357421875,0.8819472789764404
114,0,523.5739135742188,770.8857421875,0.8129879832267761
114,1,556.1304321289062,787.1639404296875,0.7622410655021667
114,2,566.9825439453125,939.0941772460938,0.76372230052948
114,3,523.5739135742188,1101.8765869140625,0.8556281924247742
114,4,491.0174255371094,754.6074829101562,0.8637349009513855
114,5,491.0174255371094,960.7985229492188,0.8630103468894958
114,6,534.4260864257812,1101.8765869140625,0.7944062352180481
114,7,545.2782592773438,673.21630859375,0.7575098276138306
114,8,534.4260864257812,562.8859252929688,0.7020316123962402
114,9,520.86083984375,538.9207763671875,0.5874763131141663
114,10,531.7130126953125,515.8599243164062,0.6628410816192627
114,11,501.8695983886719,570.1207275390625,0.7300496101379395
114,12,436.7566223144531,646.0858764648438,0.7761542201042175
114,13,393.3479919433594,754.6074829101562,0.8221249580383301
114,14,588.6868896484375,580.972900390625,0.674013614654541
114,15,653.7998657226562,667.7901611328125,0.9480132460594177
114,16,621.2433471679688,754.6074829101562,0.898952305316925
115,0,537.4610595703125,788.1294555664062,0.7668874859809875
115,1,542.9315795898438,799.0704956054688,0.7561758160591125
115,2,499.1673889160156,963.1862182617188,0.8701158165931702
115,3,510.10845947265625,1105.419921875,0.8902697563171387
115,4,531.9905395507812,777.1884155273438,0.7775991559028625
115,5,531.9905395507812,963.1862182617188,0.8950345516204834
115,6,531.9905395507812,1105.419921875,0.9440157413482666
115,7,560.2550048828125,686.9247436523438,0.7338255643844604
115,8,539.2846069335938,569.3084716796875,0.7007637023925781
115,9,521.0494995117188,540.5881958007812,0.6534684300422668
115,10,518.3142700195312,514.6032104492188,0.7470735311508179
115,11,531.9905395507812,580.24951171875,0.6923294067382812
115,12,652.3421020507812,667.7778930664062,0.5398834347724915
115,13,619.5189208984375,788.1294555664062,0.6553975939750671
115,14,575.7547607421875,591.1905517578125,0.7091979384422302
115,15,444.462158203125,678.7189331054688,0.8333665728569031
115,16,433.5210876464844,766.2473754882812,0.6929292678833008
116,0,530.713623046875,785.8526611328125,0.7750115394592285
116,1,552.8482055664062,802.45361328125,0.7854171395301819
116,2,563.9154663085938,946.3283081054688,0.7517715692520142
116,3,530.713623046875,1112.3375244140625,0.8283430337905884
116,4,508.5790710449219,769.2517700195312,0.7646059393882751
116,5,519.6463623046875,957.3955688476562,0.8303088545799255
116,6,530.713623046875,1112.3375244140625,0.8214482665061951
116,7,556.5374145507812,683.4802856445312,0.7543303370475769
116,8,538.091796875,577.4188232421875,0.7336491346359253
116,9,519.6463623046875,547.9060668945312,0.6087251901626587
116,10,519.6463623046875,503.63702392578125,0.7059891223907471
116,11,519.6463623046875,570.0406494140625,0.7176341414451599
116,12,431.10809326171875,680.7135009765625,0.6497498154640198
116,13,397.9062194824219,780.3190307617188,0.6542705297470093
116,14,586.050048828125,592.1752319335938,0.7496640682220459
116,15,652.4537353515625,680.7135009765625,0.7597382664680481
116,16,597.1173095703125,769.2517700195312,0.6705135107040405
117,0,527.495849609375,781.7675170898438,0.7419834136962891
117,1,549.9591064453125,792.9991455078125,0.7354949116706848
117,2,561.1907348632812,939.0104370117188,0.7699267864227295
117,3,538.7274780273438,1118.7166748046875,0.840745210647583
117,4,505.0325622558594,770.535888671875,0.7484719157218933
117,5,527.495849609375,950.2420654296875,0.874274730682373
117,6,538.7274780273438,1107.4849853515625,0.8871991038322449
117,7,553.7029418945312,683.49072265625,0.7411748766899109
117,8,534.9835815429688,579.5980834960938,0.7403663396835327
117,9,516.2642211914062,547.30712890625,0.5946415066719055
117,10,524.6879272460938,500.97662353515625,0.7123461961746216
117,11,516.26416015625,579.5980834960938,0.7349354028701782
117,12,651.0438232421875,680.6828002929688,0.5559248328208923
117,13,617.3489379882812,792.9991455078125,0.6642406582832336
117,14,583.6539916992188,590.8297119140625,0.745797336101532
117,15,651.0438232421875,669.451171875,0.7746984362602234
117,16,594.8856201171875,770.535888671875,0.6584258079528809
118,0,537.9259643554688,787.1333618164062,0.72850501537323
118,1,537.9259643554688,787.1333618164062,0.703190267086029
118,2,492.4833984375,957.5430908203125,0.8108183145523071
118,3,503.8440246582031,1127.9527587890625,0.8912686109542847
118,4,537.9259643554688,787.1333618164062,0.7538197636604309
118,5,526.5653076171875,957.5430908203125,0.7850983738899231
118,6,537.9259643554688,1116.5921630859375,0.9107990264892578
118,7,533.1923828125,687.7276611328125,0.7343734502792358
118,8,534.1390991210938,586.4285888671875,0.7402418851852417
118,9,536.505859375,549.9798583984375,0.6941739916801453
118,10,526.5653076171875,491.7564697265625,0.7386204600334167
118,11,572.0079345703125,582.6416625976562,0.706317126750946
118,12,651.532470703125,684.8875122070312,0.9395411610603333
118,13,628.8111572265625,775.772705078125,0.9387197494506836
118,14,492.4833984375,594.0023193359375,0.7741665840148926
118,15,435.6801452636719,673.52685546875,0.9301944375038147
118,16,424.3194885253906,775.772705078125,0.8212814331054688
119,0,520.1300048828125,793.996337890625,0.7545812129974365
119,1,502.9228210449219,793.996337890625,0.7106877565383911
119,2,491.4513854980469,966.068115234375,0.8019670844078064
119,3,502.9228210449219,1138.139892578125,0.8131095767021179
119,4,537.337158203125,793.996337890625,0.7984747290611267
119,5,525.86572265625,954.5966796875,0.711105227470398
119,6,537.337158203125,1115.197021484375,0.8794869780540466
119,7,519.1740112304688,693.6211547851562,0.7717196345329285
119,8,529.6895141601562,595.1578979492188,0.7888580560684204
119,9,534.4692993164062,554.5298461914062,0.7033084630966187
119,10,514.394287109375,484.26727294921875,0.7530660629272461
119,11,571.7515258789062,587.51025390625,0.7466156482696533
119,12,652.0516967773438,679.2818603515625,0.9701442718505859
119,13,629.1087646484375,782.52490234375,0.979877233505249
119,14,479.97991943359375,598.981689453125,0.8311004638671875
119,15,434.0941162109375,679.2818603515625,0.9451078176498413
119,16,422.6226806640625,782.52490234375,0.8790415525436401
120,0,536.5343017578125,791.0814208984375,0.7110819816589355
120,1,548.123779296875,796.876220703125,0.6398807764053345
120,2,571.3027954101562,901.1817626953125,0.789573073387146
120,3,536.5343017578125,1109.7928466796875,0.7634565234184265
120,4,524.9447631835938,785.2866821289062,0.7822831273078918
120,5,513.3552856445312,959.1292724609375,0.7765385508537292
120,6,524.9447631835938,1144.5614013671875,0.8028131723403931
120,7,527.842041015625,689.6732788085938,0.7108492851257324
120,8,501.7657775878906,595.991455078125,0.7106165885925293
120,9,494.5223388671875,553.49658203125,0.7186044454574585
120,10,501.7657775878906,472.37005615234375,0.7356099486351013
120,11,524.9447631835938,576.6755981445312,0.7126848697662354
120,12,617.6608276367188,704.16015625,0.7259528040885925
120,13,617.6608276367188,785.2866821289062,0.7955216765403748
120,14,490.17626953125,599.8546142578125,0.7085483074188232
120,15,443.8182373046875,704.16015625,0.8254571557044983
120,16,432.2287292480469,796.876220703125,0.7512981295585632
121,0,529.7919921875,798.7675170898438,0.6684681177139282
121,1,535.655517578125,810.4945068359375,0.6117662191390991
121,2,570.8365478515625,951.2185668945312,0.7944662570953369
121,3,535.655517578125,1115.3966064453125,0.8272258639335632
121,4,523.9285278320312,787.04052734375,0.7251700162887573
121,5,512.2014770507812,962.9456176757812,0.764644205570221
121,6,512.2014770507812,1150.57763671875,0.8295890688896179
121,7,534.67822265625,693.2244873046875,0.6997784972190857
121,8,516.1104736328125,591.5903930664062,0.7310888767242432
121,9,506.3379821777344,552.5003662109375,0.6719503402709961
121,10,506.3379821777344,482.13836669921875,0.6929726600646973
121,11,559.1094970703125,575.9544067382812,0.7649697661399841
121,12,617.7445678710938,693.2244262695312,0.8609486818313599
121,13,629.4715576171875,787.04052734375,0.8861740231513977
121,14,488.74749755859375,599.4083862304688,0.697208046913147
121,15,441.8394775390625,693.2244262695312,0.8432618975639343
121,16,430.1124572753906,787.04052734375,0.8033331632614136
122,0,536.1500244140625,795.1300048828125,0.673220157623291
122,1,547.9666748046875,801.038330078125,0.6543319821357727
122,2,559.7833251953125,954.655029296875,0.7724851369857788
122,3,536.1499633789062,1108.2716064453125,0.820726215839386
122,4,524.3333129882812,789.2216796875,0.6921082735061646
122,5,512.5166625976562,954.655029296875,0.7701640129089355
122,6,524.3333129882812,1155.538330078125,0.8431561589241028
122,7,542.058349609375,691.7341918945312,0.6936700344085693
122,8,512.5166625976562,560.7661743164062,0.7141199111938477
122,9,497.7458190917969,526.3009033203125,0.6672743558883667
122,10,503.6541442871094,505.6217041015625,0.692634105682373
122,11,559.7833251953125,576.521728515625,0.7455757856369019
122,12,618.8666381835938,682.8717041015625,0.8521080017089844
122,13,630.6832885742188,777.405029296875,0.891700029373169
122,14,488.8833312988281,600.155029296875,0.6826640963554382
122,15,429.79998779296875,682.8717041015625,0.8595836758613586
122,16,417.98333740234375,789.2216796875,0.7803677320480347
123,0,522.148193359375,806.4674072265625,0.6199413537979126
123,1,534.1444702148438,824.4618530273438,0.6491647958755493
123,2,570.1333618164062,956.421142578125,0.7172220349311829
123,3,522.148193359375,1124.3692626953125,0.7337597012519836
123,4,510.1518859863281,788.4729614257812,0.5907178521156311
123,5,510.1518859863281,956.421142578125,0.6962406039237976
123,6,534.1444702148438,1136.3656005859375,0.7876091003417969
123,7,542.1419067382812,692.5026245117188,0.6218960881233215
123,8,538.1432495117188,568.5408325195312,0.6238508224487305
123,9,528.1463623046875,547.0474853515625,0.5014980435371399
123,10,510.15191650390625,524.5545043945312,0.5939932465553284
123,11,522.148193359375,572.5396118164062,0.6364470720291138
123,12,618.1185302734375,668.510009765625,0.6090875267982483
123,13,642.1111450195312,776.4766845703125,0.7111296653747559
123,14,570.1333618164062,584.5359497070312,0.6112546324729919
123,15,594.1259765625,668.510009765625,0.8049137592315674
123,16,642.1111450195312,776.4766845703125,0.6520083546638489
124,0,541.0988159179688,788.2883911132812,0.6713026762008667
124,1,583.6654052734375,788.2883911132812,0.6639080047607422
124,2,571.5034790039062,909.9072265625,0.8217189311981201
124,3,535.017822265625,1116.6591796875,0.8703755736351013
124,4,498.5321960449219,788.2883911132812,0.6786973476409912
124,5,474.20843505859375,958.5547485351562,0.782429575920105
124,6,510.694091796875,1140.9830322265625,0.8188141584396362
124,7,569.4765014648438,681.8718872070312,0.6296151876449585
124,8,530.9638671875,528.8348999023438,0.5879276394844055
124,9,503.0929260253906,516.166259765625,0.48695695400238037
124,10,519.8154907226562,557.2125244140625,0.4610663652420044
124,11,522.85595703125,569.37451171875,0.6757930517196655
124,12,437.7227783203125,666.6695556640625,0.5760243535041809
124,13,413.3990173339844,800.4502563476562,0.7486981153488159
124,14,583.6654052734375,581.536376953125,0.5000622272491455
124,15,620.1510009765625,654.5076904296875,0.8600381016731262
124,16,644.4747924804688,776.1265258789062,0.8193231225013733
125,0,528.7652587890625,785.181396484375,0.7354837656021118
125,1,583.7791748046875,785.181396484375,0.7312484383583069
125,2,571.5538940429688,907.4344482421875,0.7574825882911682
125,3,547.103271484375,1127.489990234375,0.8943125009536743
125,4,473.75140380859375,785.181396484375,0.7397191524505615
125,5,461.5260925292969,956.335693359375,0.8068216443061829
125,6,510.4273376464844,1139.71533203125,0.800902783870697
125,7,552.197021484375,672.0972900390625,0.6934679746627808
125,8,551.1783447265625,540.6752319335938,0.6514521837234497
125,9,540.9906005859375,517.7527465820312,0.4267854392528534
125,10,534.8779296875,503.9992980957031,0.45120811462402344
125,11,522.6526489257812,552.9005126953125,0.7265085577964783
125,12,437.0754699707031,662.9282836914062,0.7255368232727051
125,13,412.6248474121094,797.4066772460938,0.8829307556152344
125,14,596.0044555664062,565.1258544921875,0.5763958096504211
125,15,620.455078125,650.7030029296875,0.9601552486419678
125,16,644.9057006835938,785.181396484375,0.9384636878967285
126,0,528.4530639648438,785.9166870117188,0.6946127414703369
126,1,583.7044677734375,785.9166870117188,0.6931595206260681
126,2,571.4263916015625,945.5318603515625,0.7303518652915955
126,3,534.5921020507812,1129.703125,0.835573673248291
126,4,473.2016906738281,785.9166870117188,0.6960659623146057
126,5,448.6455078125,945.5318603515625,0.8242314457893372
126,6,510.03594970703125,1154.25927734375,0.7976164817810059
126,7,559.1484375,672.3444213867188,0.6613520383834839
126,8,534.5921630859375,528.0768432617188,0.6280913949012756
126,9,511.57073974609375,508.125,0.5268856883049011
126,10,528.4530639648438,515.798828125,0.5451146364212036
126,11,522.3140258789062,552.633056640625,0.6923647522926331
126,12,424.08935546875,663.1358642578125,0.6856594085693359
126,13,424.08935546875,798.19482421875,0.8473182320594788
126,14,583.7044677734375,564.9111328125,0.5638180375099182
126,15,632.8168334960938,663.1358642578125,0.879568874835968
126,16,645.0949096679688,773.6386108398438,0.8874428868293762
127,0,497.02008056640625,779.091796875,0.7110021114349365
127,1,546.7132568359375,785.3034057617188,0.7026600241661072
127,2,571.5598754882812,946.8063354492188,0.7909395694732666
127,3,534.2899780273438,1133.1558837890625,0.8365209102630615
127,4,447.3268737792969,772.880126953125,0.7193441390991211
127,5,447.3268737792969,959.2296142578125,0.8301016092300415
127,6,509.4433898925781,1170.42578125,0.8006577491760254
127,7,532.2194213867188,664.1762084960938,0.6939924955368042
127,8,517.7255859375,524.4140625,0.6769828200340271
127,9,497.02008056640625,502.67327880859375,0.5760778188705444
127,10,515.655029296875,499.5675048828125,0.5686972141265869
127,11,472.1734619140625,549.2606811523438,0.7048652172088623
127,12,397.6336669921875,648.6470947265625,0.8050225377082825
127,13,410.0569763183594,760.456787109375,0.8458567261695862
127,14,596.406494140625,549.2606811523438,0.6491004228591919
127,15,633.6763916015625,661.0703735351562,0.9281469583511353
127,16,646.0996704101562,785.3034057617188,0.9551114439964294
128,0,526.8930053710938,789.161865234375,0.7114086151123047
128,1,545.8050537109375,789.161865234375,0.6940385103225708
128,2,558.4130859375,915.2421264648438,0.7710925340652466
128,3,533.197021484375,1167.402587890625,0.9132316708564758
128,4,507.98095703125,789.161865234375,0.7287786602973938
128,5,444.9408264160156,965.6742553710938,0.8468248844146729
128,6,520.5889892578125,1180.0106201171875,0.8884864449501038
128,7,540.5516357421875,669.3856201171875,0.6886629462242126
128,8,541.6023559570312,537.0014038085938,0.6659172773361206
128,9,536.3489990234375,511.7853698730469,0.6828736066818237
128,10,530.0450439453125,486.5693054199219,0.7096245288848877
128,11,520.5889892578125,537.0014038085938,0.7033591866493225
128,12,407.11676025390625,650.4736328125,0.6811080574989319
128,13,407.11676025390625,763.9458618164062,0.765660285949707
128,14,571.0210571289062,562.2174682617188,0.6284753680229187
128,15,583.6290893554688,663.0816650390625,0.778990626335144
128,16,419.72479248046875,763.9458618164062,0.7791398763656616
129,0,528.4072265625,833.1013793945312,0.7422844171524048
129,1,534.850830078125,833.1013793945312,0.6965330243110657
129,2,496.1892395019531,974.8604736328125,0.7185690999031067
129,3,496.1892395019531,1181.0555419921875,0.874716579914093
129,4,521.963623046875,833.1013793945312,0.7880358695983887
129,5,521.963623046875,1000.6348876953125,0.7910733222961426
129,6,521.963623046875,1168.1683349609375,0.9322077631950378
129,7,523.0374755859375,694.5640258789062,0.6991596221923828
129,8,504.78070068359375,540.9916381835938,0.6560348272323608
129,9,499.4110412597656,512.532470703125,0.7071539163589478
129,10,518.7418212890625,485.1472473144531,0.7539165616035461
129,11,534.850830078125,536.6959838867188,0.695164680480957
129,12,625.0611572265625,704.2294921875,0.7753491401672363
129,13,625.0611572265625,794.4398193359375,0.7443265914916992
129,14,483.3020324707031,575.3575439453125,0.6169050335884094
129,15,418.8660888671875,652.6807250976562,0.7814139723777771
129,16,418.8660888671875,742.8910522460938,0.856501042842865
130,0,535.0624389648438,831.8817138671875,0.7466708421707153
130,1,548.250732421875,825.28759765625,0.7296364307403564
130,2,548.250732421875,983.546875,0.7756812572479248
130,3,535.0624389648438,1181.3709716796875,0.9427551031112671
130,4,521.8741455078125,838.4758911132812,0.7637052536010742
130,5,469.1210632324219,996.7351684570312,0.7455707788467407
130,6,521.8741455078125,1181.3709716796875,0.8097965121269226
130,7,553.7457275390625,703.2960815429688,0.7014698386192322
130,8,526.270263671875,552.72998046875,0.656268835067749
130,9,507.037353515625,515.3632202148438,0.6108233332633972
130,10,515.280029296875,482.3924865722656,0.7609851956367493
130,11,508.6858825683594,574.71044921875,0.6499972939491272
130,12,416.36798095703125,667.0283203125,0.5831337571144104
130,13,416.36798095703125,772.5344848632812,0.5812038779258728
130,14,574.6272583007812,574.71044921875,0.6625403165817261
130,15,601.0037841796875,680.2166137695312,0.855610191822052
130,16,416.36798095703125,746.157958984375,0.7784147262573242
131,0,510.6492919921875,828.577880859375,0.7763829827308655
131,1,551.0335693359375,842.039306640625,0.764314591884613
131,2,551.0335693359375,1003.5763549804688,0.830824613571167
131,3,537.5721435546875,1192.0362548828125,0.9603742957115173
131,4,470.2650451660156,815.116455078125,0.7884513735771179
131,5,483.7264404296875,1017.0377807617188,0.810987114906311
131,6,510.6492919921875,1192.0362548828125,0.8065017461776733
131,7,512.8929443359375,697.3290405273438,0.7624974846839905
131,8,528.5978393554688,545.8880615234375,0.7486119866371155
131,9,534.206787109375,510.55181884765625,0.5264313220977783
131,10,517.3800048828125,478.5809326171875,0.7013774514198303
131,11,456.8036193847656,559.3494873046875,0.7494605183601379
131,12,376.03509521484375,707.4251098632812,0.8357068300247192
131,13,402.9579162597656,774.732177734375,0.8681416511535645
131,14,591.4178466796875,572.8109130859375,0.747763454914093
131,15,631.8020629882812,667.0408325195312,0.9299650192260742
131,16,645.2634887695312,801.655029296875,0.9869145750999451
132,0,532.6578369140625,800.5526733398438,0.7413159608840942
132,1,553.2645263671875,800.5526733398438,0.6988590359687805
132,2,553.2645263671875,992.8820190429688,0.7919431328773499
132,3,539.5266723632812,1198.9490966796875,0.9236200451850891
132,4,512.0510864257812,800.5526733398438,0.7837728261947632
132,5,512.0510864257812,1020.3576049804688,0.7635550498962402
132,6,525.7888793945312,1157.7357177734375,0.7693668603897095
132,7,524.6441650390625,683.7813110351562,0.7125983238220215
132,8,530.3681640625,553.2720947265625,0.6838806867599487
132,9,536.0922241210938,515.4931640625,0.6721099019050598
132,10,532.6577758789062,470.8453063964844,0.7534353137016296
132,11,484.5754699707031,567.0099487304688,0.6961511969566345
132,12,415.88641357421875,663.1746215820312,0.6260476112365723
132,13,415.88641357421875,759.3392333984375,0.5495830774307251
132,14,567.0023193359375,567.0099487304688,0.6716101765632629
132,15,608.2157592773438,690.6502075195312,0.8198221325874329
132,16,415.88641357421875,745.6014404296875,0.7648952007293701
133,0,512.60693359375,825.0375366210938,0.7582811117172241
133,1,554.3856201171875,832.0006713867188,0.7415639758110046
133,2,554.3856201171875,999.115478515625,0.8186037540435791
133,3,540.4593505859375,1208.009033203125,0.887336015701294
133,4,470.82818603515625,818.0744018554688,0.7749982476234436
133,5,512.6068725585938,1026.9678955078125,0.7234488725662231
133,6,512.6068725585938,1166.2303466796875,0.7684527039527893
133,7,504.4832763671875,699.7014770507812,0.7736127972602844
133,8,531.1752319335938,558.1181030273438,0.7889444828033447
133,9,545.6817016601562,516.9196166992188,0.6656465530395508
133,10,533.4962158203125,469.9185485839844,0.79664546251297
133,11,456.9019470214844,567.4022216796875,0.7763428092002869
133,12,415.1232604980469,664.8858642578125,0.8121463656425476
133,13,415.1232604980469,776.2957153320312,0.7858848571777344
133,14,582.238037109375,581.3284301757812,0.8015462160110474
133,15,637.9429931640625,706.66455078125,0.9300200939178467
133,16,637.9429931640625,804.148193359375,0.8881018161773682
134,0,534.0050659179688,841.7049560546875,0.7168358564376831
134,1,555.22265625,848.7774658203125,0.69888836145401
134,2,555.22265625,976.0830078125,0.7803196907043457
134,3,541.0775756835938,1216.549072265625,0.8315507173538208
134,4,512.7874755859375,834.6323852539062,0.7347833514213562
134,5,512.7874755859375,1018.5181884765625,0.7323542237281799
134,6,541.0775756835938,1216.549072265625,0.7536649703979492
134,7,525.753662109375,707.3267822265625,0.7454056143760681
134,8,531.6475219726562,556.4461669921875,0.7739753723144531
134,9,537.5413208007812,514.600341796875,0.6185144782066345
134,10,534.0050048828125,466.8607482910156,0.7555453181266785
134,11,470.3522644042969,565.876220703125,0.7664910554885864
134,12,427.9170837402344,664.8916625976562,0.7098605632781982
134,13,399.626953125,763.9070434570312,0.6834954619407654
134,14,583.5127563476562,580.021240234375,0.781459629535675
134,15,640.093017578125,707.3268432617188,0.9383062124252319
134,16,640.093017578125,806.34228515625,0.9013460278511047
135,0,514.2495727539062,841.2486572265625,0.795073390007019
135,1,557.15234375,855.549560546875,0.773407518863678
135,2,557.15234375,998.558837890625,0.7460013628005981
135,3,542.8514404296875,1241.674560546875,0.8046830296516418
135,4,471.3467712402344,826.9476928710938,0.8167392611503601
135,5,499.9486389160156,1027.16064453125,0.6655511260032654
135,6,471.3467712402344,1155.8690185546875,0.6630833148956299
135,7,516.633056640625,708.9650268554688,0.770706057548523
135,8,533.3174438476562,559.9970092773438,0.7463387250900269
135,9,539.2761840820312,517.6901245117188,0.5650750994682312
135,10,524.9752197265625,469.424560546875,0.7150149941444397
135,11,471.3467712402344,569.531005859375,0.6960878968238831
135,12,414.14306640625,669.6375122070312,0.6939074993133545
135,13,414.14306640625,798.3458251953125,0.6961665153503418
135,14,585.7542114257812,583.8319091796875,0.7965896129608154
135,15,642.9578857421875,698.2393798828125,0.8980953097343445
135,16,642.9578857421875,812.6467895507812,0.8079181909561157
136,0,526.1950073242188,816.39501953125,0.7398718595504761
136,1,545.8202514648438,822.936767578125,0.8002986907958984
136,2,545.8202514648438,927.6046752929688,0.7343170046806335
136,3,545.8202514648438,1006.1055908203125,0.5066521167755127
136,4,506.56976318359375,809.853271484375,0.6794450879096985
136,5,545.8202514648438,940.6881713867188,0.6626023650169373
136,6,532.7367553710938,1058.4395751953125,0.8089239001274109
136,7,576.3484497070312,708.4562377929688,0.6231480240821838
136,8,515.2920532226562,709.5465087890625,0.5064241886138916
136,9,468.9547424316406,728.0814819335938,0.36097708344459534
136,10,503.29888916015625,613.6010131835938,0.35841017961502075
136,11,532.7367553710938,574.3505249023438,0.5433487892150879
136,12,441.15234375,665.9349365234375,0.5758390426635742
136,13,454.23583984375,744.4358520507812,0.595586359500885
136,14,571.9871826171875,626.6844482421875,0.46949952840805054
136,15,585.0706787109375,679.0184326171875,0.6177655458450317
136,16,571.9871826171875,809.853271484375,0.6566464900970459
137,0,529.094970703125,798.5850219726562,0.7710317969322205
137,1,547.30908203125,804.6563720703125,0.7977984547615051
137,2,547.30908203125,938.2266235351562,0.8073143362998962
137,3,523.0236206054688,1059.654052734375,0.6707602143287659
137,4,510.880859375,792.513671875,0.7442651391029358
137,5,535.1663208007812,950.369384765625,0.7875394225120544
137,6,535.1663208007812,1071.796875,0.8518062233924866
137,7,560.4636840820312,689.30029296875,0.6558946371078491
137,8,543.261474609375,582.0393676757812,0.5407574772834778
137,9,523.0235595703125,566.35498046875,0.37516409158706665
137,10,523.0235595703125,537.5159301757812,0.47353050112724304
137,11,535.1663208007812,573.9442138671875,0.5725724101066589
137,12,450.1671142578125,671.086181640625,0.6507872939109802
137,13,462.30987548828125,768.2281494140625,0.6700080037117004
137,14,583.7373046875,586.0869750976562,0.5089425444602966
137,15,620.1655883789062,671.086181640625,0.7549209594726562
137,16,535.1663208007812,768.2281494140625,0.7451463341712952
138,0,525.1021728515625,793.0599975585938,0.7898762226104736
138,1,559.439208984375,798.7828369140625,0.8005695343017578
138,2,570.8848876953125,936.1309814453125,0.8330442309379578
138,3,513.656494140625,1073.4791259765625,0.7444716095924377
138,4,490.76513671875,787.337158203125,0.7791828513145447
138,5,513.656494140625,947.57666015625,0.7578216195106506
138,6,536.5478515625,1073.4791259765625,0.7880639433860779
138,7,547.03955078125,687.1875,0.7684201002120972
138,8,563.2544555664062,566.0540161132812,0.7469639778137207
138,9,560.8699340820312,546.9779052734375,0.4139929711818695
138,10,527.963623046875,535.5322265625,0.5674062967300415
138,11,525.1021728515625,581.31494140625,0.676862359046936
138,12,422.091064453125,672.88037109375,0.7319158911705017
138,13,467.873779296875,764.44580078125,0.8451351523399353
138,14,605.221923828125,581.31494140625,0.8170656561851501
138,15,628.11328125,672.88037109375,0.9972423315048218
138,16,628.11328125,798.7828369140625,0.8765852451324463
139,0,526.4718017578125,794.9782104492188,0.7838010787963867
139,1,537.42822265625,794.9782104492188,0.7789940237998962
139,2,515.5153198242188,948.3689575195312,0.7500501275062561
139,3,515.5153198242188,1090.80322265625,0.7650676965713501
139,4,515.5153198242188,794.9782104492188,0.7886080741882324
139,5,537.42822265625,937.4124755859375,0.8542843461036682
139,6,537.42822265625,1079.8468017578125,0.8833810091018677
139,7,561.167236328125,690.8916625976562,0.7217601537704468
139,8,541.0803833007812,561.239990234375,0.6597192883491516
139,9,518.25439453125,545.7183227539062,0.4535060226917267
139,10,515.5152587890625,553.9356689453125,0.529822826385498
139,11,537.42822265625,586.8051147460938,0.6134238839149475
139,12,460.7328796386719,674.4569702148438,0.6276232600212097
139,13,427.8634338378906,762.1088256835938,0.6108083724975586
139,14,581.254150390625,586.8051147460938,0.7060146927833557
139,15,592.2106323242188,674.4569702148438,0.7897957563400269
139,16,625.080078125,794.9782104492188,0.7066587805747986
140,0,525.9619750976562,788.7999877929688,0.7439181804656982
140,1,547.0940551757812,794.0830078125,0.7212029099464417
140,2,557.6600952148438,931.441650390625,0.767586350440979
140,3,536.5280151367188,1079.3663330078125,0.8099656105041504
140,4,504.8298645019531,783.5169677734375,0.7666335105895996
140,5,515.3959350585938,931.441650390625,0.7145886421203613
140,6,525.9619750976562,1058.2342529296875,0.6695541739463806
140,7,568.2260131835938,688.4224853515625,0.723114550113678
140,8,547.0941162109375,589.8060302734375,0.7023109197616577
140,9,520.678955078125,552.3846435546875,0.5016165971755981
140,10,518.0374755859375,487.6676025390625,0.5995644330978394
140,11,536.5280151367188,593.3280639648438,0.6522595882415771
140,12,430.8675231933594,677.8564453125,0.7355170249938965
140,13,430.8675231933594,762.3848876953125,0.8302189707756042
140,14,599.92431640625,582.7620239257812,0.7523623108863831
140,15,621.056396484375,688.4225463867188,0.9494568109512329
140,16,621.056396484375,794.0830078125,0.7940564155578613
141,0,522.0819091796875,794.9715576171875,0.7073253393173218
141,1,516.88037109375,794.9715576171875,0.6844709515571594
141,2,537.6865234375,951.0178833007812,0.5663003921508789
141,3,516.88037109375,1055.0487060546875,0.7411807775497437
141,4,527.283447265625,794.9715576171875,0.7301797866821289
141,5,548.089599609375,930.211669921875,0.7821314334869385
141,6,537.6865234375,1075.8548583984375,0.7914794087409973
141,7,592.3028564453125,690.940673828125,0.6704592704772949
141,8,568.895751953125,586.9098510742188,0.6335932612419128
141,9,529.8842163085938,555.7005615234375,0.48486998677253723
141,10,524.6826782226562,503.6851806640625,0.5023664236068726
141,11,610.5081176757812,586.9098510742188,0.6394850015640259
141,12,600.1050415039062,680.53759765625,0.5203227400779724
141,13,620.9111938476562,784.5684814453125,0.532089114189148
141,14,589.7019653320312,586.9098510742188,0.6277015209197998
141,15,600.1050415039062,680.53759765625,0.8340584635734558
141,16,454.46185302734375,763.7623291015625,0.7148204445838928
142,0,528.5457763671875,784.4207763671875,0.7468869686126709
142,1,549.1026000976562,794.69921875,0.7733261585235596
142,2,559.3809814453125,938.5967407226562,0.6754184365272522
142,3,518.2673950195312,1061.9375,0.8276560306549072
142,4,507.989013671875,774.1423950195312,0.7204477190971375
142,5,528.5457763671875,918.0399169921875,0.7410554885864258
142,6,538.82421875,1072.2158203125,0.8100627064704895
142,7,569.6593627929688,689.3456420898438,0.6367323398590088
142,8,549.1026000976562,589.1312866210938,0.5265777111053467
142,9,523.4066162109375,559.5809326171875,0.42797550559043884
142,10,541.393798828125,517.1824951171875,0.44163164496421814
142,11,528.5457763671875,599.40966796875,0.5253002643585205
142,12,466.87542724609375,681.6368408203125,0.6921615600585938
142,13,436.0402526855469,763.864013671875,0.7565486431121826
142,14,610.77294921875,589.1312866210938,0.5278552174568176
142,15,610.77294921875,691.9152221679688,0.876779317855835
142,16,621.0513305664062,784.4207763671875,0.7715350389480591
143,0,529.347412109375,781.0274658203125,0.7797421216964722
143,1,560.0826416015625,791.2725830078125,0.7693888545036316
143,2,560.0826416015625,944.948486328125,0.7273491024971008
143,3,508.8573303222656,1078.13427734375,0.9505288600921631
143,4,498.61224365234375,770.7824096679688,0.790095329284668
143,5,539.592529296875,924.4583740234375,0.7928785085678101
143,6,539.592529296875,1078.13427734375,0.8922144770622253
143,7,571.181396484375,678.576904296875,0.7222455143928528
143,8,556.6676025390625,569.2962036132812,0.6647489070892334
143,9,533.1893310546875,545.3910522460938,0.5030041933059692
143,10,542.1537475585938,514.6558837890625,0.5835334658622742
143,11,539.592529296875,565.8812255859375,0.6304594278335571
143,12,447.386962890625,647.8416748046875,0.7116321921348572
143,13,426.8968200683594,760.537353515625,0.8262593746185303
143,14,611.3079223632812,586.371337890625,0.6990383863449097
143,15,631.7980346679688,678.576904296875,0.9302566051483154
143,16,621.552978515625,781.0274658203125,0.8382248282432556
144,0,529.7456665039062,776.286376953125,0.7713285088539124
144,1,560.4915161132812,781.41064453125,0.7478838562965393
144,2,560.4915161132812,945.388427734375,0.6942371129989624
144,3,509.24847412109375,1088.8690185546875,0.9664207696914673
144,4,498.9998474121094,771.1620483398438,0.7947731614112854
144,5,539.9943237304688,924.8912353515625,0.8236510157585144
144,6,539.9943237304688,1109.3662109375,0.8752723336219788
144,7,561.3455810546875,673.8002319335938,0.71666419506073
144,8,567.3239135742188,555.941162109375,0.6619998216629028
144,9,556.6483154296875,529.03857421875,0.5192339420318604
144,10,542.556396484375,504.6981201171875,0.6082003712654114
144,11,529.7456665039062,566.1898193359375,0.6568505167961121
144,12,427.25958251953125,648.1787109375,0.7598575949668884
144,13,427.25958251953125,750.6648559570312,0.8199515342712402
144,14,621.9832153320312,576.4384155273438,0.6671491265296936
144,15,632.2318115234375,668.6759643554688,0.900391697883606
144,16,632.2318115234375,781.41064453125,0.8649508953094482
145,0,523.446533203125,767.6780395507812,0.7794930934906006
145,1,549.3427124023438,783.2157592773438,0.7035178542137146
145,2,559.7012329101562,928.234619140625,0.7475280165672302
145,3,528.625732421875,1104.328857421875,0.872072160243988
145,4,497.55029296875,752.1403198242188,0.8554683923721313
145,5,487.1918029785156,917.8760986328125,0.7468900680541992
145,6,528.625732421875,1114.6873779296875,0.8089842796325684
145,7,558.8380126953125,677.0413208007812,0.7199442982673645
145,8,542.43701171875,586.404541015625,0.6603955030441284
145,9,520.8568725585938,555.3291015625,0.5527957081794739
145,10,523.446533203125,503.5364990234375,0.5956020951271057
145,11,497.55029296875,596.7630004882812,0.6814907193183899
145,12,466.4748229980469,648.555419921875,0.5637760162353516
145,13,425.0408630371094,752.1403198242188,0.5793607831001282
145,14,621.8521118164062,576.0460205078125,0.6393002867698669
145,15,632.2106323242188,669.2723999023438,0.9206746816635132
145,16,621.8521118164062,762.498779296875,0.913751482963562
146,0,528.0181884765625,767.0078125,0.8475968837738037
146,1,559.5890502929688,782.793212890625,0.8041898012161255
146,2,559.5890502929688,940.6473388671875,0.8350239396095276
146,3,538.5418090820312,1098.50146484375,0.916699230670929
146,4,496.4473876953125,751.2223510742188,0.8910039067268372
146,5,475.4001770019531,951.1709594726562,0.8562790751457214
146,6,528.0182495117188,1119.5487060546875,0.8084725141525269
146,7,574.4974975585938,674.9261474609375,0.7681831121444702
146,8,552.5733642578125,572.3209228515625,0.6887693405151367
146,9,524.0718994140625,543.3809814453125,0.5756412744522095
146,10,525.3873291015625,509.17926025390625,0.6089642643928528
146,11,528.0182495117188,582.8445434570312,0.7086122035980225
146,12,464.8765563964844,635.462646484375,0.6238979697227478
146,13,422.7821044921875,751.2223510742188,0.7638417482376099
146,14,622.730712890625,582.8445434570312,0.668926477432251
146,15,654.3015747070312,667.033447265625,0.9504216313362122
146,16,622.730712890625,761.7459716796875,0.9438665509223938
147,0,526.3043212890625,780.5035400390625,0.8080136179924011
147,1,558.1084594726562,775.202880859375,0.7838009595870972
147,2,558.1084594726562,955.426513671875,0.7483760714530945
147,3,515.702880859375,1103.845947265625,0.8812259435653687
147,4,494.5001220703125,785.8042602539062,0.8322262763977051
147,5,483.89874267578125,955.426513671875,0.8843169212341309
147,6,526.3042602539062,1114.4473876953125,0.8186376690864563
147,7,573.1270141601562,674.4896850585938,0.7422332167625427
147,8,551.0408325195312,563.1751098632812,0.6764528155326843
147,9,522.3287353515625,540.647216796875,0.6215992569923401
147,10,523.6539306640625,510.168212890625,0.6822746992111206
147,11,526.3042602539062,573.7764892578125,0.6962089538574219
147,12,430.89178466796875,637.3848266601562,0.7033475637435913
147,13,409.6889953613281,754.0001220703125,0.839148223400116
147,14,621.716796875,563.1751098632812,0.6566966772079468
147,15,653.5209350585938,658.587646484375,0.9523836374282837
147,16,632.3181762695312,754.0001220703125,0.8961836099624634
148,0,540.265380859375,772.394287109375,0.7832849025726318
148,1,545.6455078125,777.7744750976562,0.7359946966171265
148,2,513.364501953125,960.7002563476562,0.8267495036125183
148,3,502.6041564941406,1100.5845947265625,0.9108707904815674
148,4,534.8851928710938,767.0140991210938,0.830575168132782
148,5,534.8851928710938,960.7002563476562,0.9225025773048401
148,6,534.8851928710938,1111.344970703125,0.949672520160675
148,7,562.6826782226562,675.5512084960938,0.7239508032798767
148,8,542.0587768554688,569.7412109375,0.6646167039871216
148,9,524.1248779296875,542.39208984375,0.7246387004852295
148,10,526.81494140625,508.76605224609375,0.7670060992240906
148,11,534.8851928710938,573.3280029296875,0.699242115020752
148,12,448.8024597167969,680.931396484375,0.5430337190628052
148,13,620.9678955078125,788.5347900390625,0.5875841975212097
148,14,577.926513671875,584.08837890625,0.629991352558136
148,15,448.8024597167969,670.1710815429688,0.8160378336906433
148,16,448.8024597167969,756.2537841796875,0.6277868747711182
149,0,532.173583984375,785.167724609375,0.7708884477615356
149,1,543.0308837890625,790.5963745117188,0.7429468035697937
149,2,510.4591064453125,964.3124389648438,0.7219303250312805
149,3,510.4591064453125,1105.456787109375,0.8574174642562866
149,4,521.3163452148438,779.7391357421875,0.7988301515579224
149,5,521.3163452148438,964.3124389648438,0.8694027662277222
149,6,532.1736450195312,1116.31396484375,0.9282615184783936
149,7,562.03125,682.0238647460938,0.7311943769454956
149,8,543.0308837890625,562.5940551757812,0.6915003061294556
149,9,522.6735229492188,534.09375,0.6352074146270752
149,10,521.3163452148438,508.307861328125,0.7337937355041504
149,11,532.1736450195312,573.4512939453125,0.7025774121284485
149,12,445.3155822753906,682.0238647460938,0.638306200504303
149,13,401.8865661621094,779.7391357421875,0.5991469025611877
149,14,586.4598999023438,584.30859375,0.6804232001304626
149,15,651.6033935546875,671.1666259765625,0.8526298999786377
149,16,597.317138671875,768.8818969726562,0.6785501837730408
150,0,535.11279296875,793.0010986328125,0.7854952812194824
150,1,551.6095581054688,803.9989013671875,0.7844246625900269
150,2,562.607421875,957.9686889648438,0.7586827874183655
150,3,540.6117553710938,1111.9384765625,0.857938289642334
150,4,518.6160888671875,782.0032348632812,0.786565899848938
150,5,518.6160888671875,957.9686889648438,0.8709235191345215
150,6,529.6138916015625,1111.9384765625,0.8614859580993652
150,7,558.0250244140625,685.7720947265625,0.7482506632804871
150,8,536.94580078125,569.3783569335938,0.7110060453414917
150,9,518.6160888671875,541.4254760742188,0.6189181208610535
150,10,518.6160888671875,507.05718994140625,0.7311639189720154
150,11,529.6138916015625,573.0443115234375,0.7241297364234924
150,12,441.6311950683594,683.022705078125,0.6800516843795776
150,13,397.63983154296875,771.0054321289062,0.626649796962738
150,14,573.6052856445312,584.0421142578125,0.6978822946548462
150,15,650.5901489257812,672.0248413085938,0.8272027373313904
150,16,595.6009521484375,760.007568359375,0.6501352787017822
151,0,533.5167236328125,782.034912109375,0.7726646661758423
151,1,583.36181640625,787.5732421875,0.7334865927696228
151,2,572.28515625,942.6470336914062,0.7944496273994446
151,3,550.1317749023438,1108.7974853515625,0.9095395803451538
151,4,483.67156982421875,776.49658203125,0.8118427991867065
151,5,494.7482604980469,953.7237548828125,0.8616549372673035
151,6,516.9016723632812,1130.950927734375,0.8709839582443237
151,7,554.7470092773438,679.575439453125,0.7400754690170288
151,8,553.8240356445312,558.6548461914062,0.7074862122535706
151,9,544.5933837890625,535.578369140625,0.5945022106170654
151,10,536.285888671875,521.7324829101562,0.6601718068122864
151,11,516.9016723632812,577.1160278320312,0.725470244884491
151,12,428.2880554199219,665.7296142578125,0.7109201550483704
151,13,406.1346740722656,776.49658203125,0.8563557863235474
151,14,605.5152587890625,577.1160278320312,0.6895021796226501
151,15,649.822021484375,676.8062744140625,0.9376323223114014
151,16,627.6686401367188,765.4198608398438,0.8622580766677856
152,0,544.0543212890625,794.2183837890625,0.7627753615379333
152,1,549.66162109375,794.2183837890625,0.7231900691986084
152,2,504.8030090332031,962.438232421875,0.745918869972229
152,3,504.8030090332031,1130.658203125,0.8415797352790833
152,4,538.447021484375,794.2183837890625,0.8023606538772583
152,5,527.2322998046875,962.438232421875,0.8023883700370789
152,6,538.447021484375,1119.4434814453125,0.9008252620697021
152,7,561.8109130859375,696.090087890625,0.7460285425186157
152,8,534.7088012695312,581.139892578125,0.7292817234992981
152,9,516.0177001953125,543.2903442382812,0.717972993850708
152,10,510.41033935546875,502.6370849609375,0.7696189284324646
152,11,605.7349853515625,592.3544921875,0.6827939748764038
152,12,650.5936279296875,682.07177734375,0.8548557162284851
152,13,628.164306640625,771.7890625,0.8887597322463989
152,14,493.5883483886719,603.569091796875,0.7757694721221924
152,15,437.5150451660156,693.286376953125,0.9360129237174988
152,16,426.3003845214844,783.003662109375,0.8078910112380981
153,0,543.2366943359375,797.325439453125,0.7320791482925415
153,1,548.8845825195312,797.325439453125,0.6788336634635925
153,2,560.180419921875,944.1712646484375,0.7135892510414124
153,3,537.5887451171875,1136.200439453125,0.8328059315681458
153,4,537.5887451171875,797.325439453125,0.7853246331214905
153,5,514.9971313476562,966.762939453125,0.8066585063934326
153,6,537.5887451171875,1113.6087646484375,0.8738341927528381
153,7,542.2952880859375,692.8389892578125,0.7333729267120361
153,8,518.7623291015625,571.4087524414062,0.7346667051315308
153,9,509.34918212890625,541.7572021484375,0.757378101348877
153,10,509.34918212890625,514.9296264648438,0.7538307309150696
153,11,560.180419921875,571.4087524414062,0.7508788704872131
153,12,650.547119140625,684.3670654296875,0.9167628288269043
153,13,627.9554443359375,774.7337646484375,0.9466493725776672
153,14,492.4054260253906,605.2962646484375,0.7184545993804932
153,15,435.92626953125,684.3670654296875,0.9040307998657227
153,16,424.63043212890625,786.0296020507812,0.8564630746841431
154,0,526.4827270507812,798.7163696289062,0.7183375358581543
154,1,503.53179931640625,798.7163696289062,0.6768863797187805
154,2,492.05633544921875,970.8483276367188,0.820971667766571
154,3,503.53179931640625,1142.980224609375,0.8689326047897339
154,4,549.4336547851562,798.7163696289062,0.7597886919975281
154,5,560.9091186523438,947.8973999023438,0.7476955652236938
154,6,537.9581909179688,1120.029296875,0.9002050757408142
154,7,534.1329956054688,695.4371948242188,0.761992335319519
154,8,518.8323974609375,595.9832763671875,0.8056471347808838
154,9,509.26953125,557.731689453125,0.7989012002944946
154,10,506.40069580078125,488.87890625,0.8042512536048889
154,11,583.8600463867188,580.6826171875,0.7708777785301208
154,12,641.2373657226562,683.9617309570312,0.9942471981048584
154,13,629.7619018554688,787.2409057617188,1.0069812536239624
154,14,469.10540771484375,603.633544921875,0.8404165506362915
154,15,411.7281188964844,672.4862670898438,0.9386705160140991
154,16,411.7281188964844,787.2409057617188,0.9269376397132874
155,0,536.2470703125,800.8531494140625,0.7180782556533813
155,1,524.65234375,800.8531494140625,0.6848194599151611
155,2,489.86810302734375,963.1796875,0.7580406069755554
155,3,501.4628601074219,1148.69580078125,0.8371766209602356
155,4,547.8418579101562,800.8531494140625,0.7513371109962463
155,5,524.65234375,963.1796875,0.7457705140113831
155,6,536.2471313476562,1125.5062255859375,0.8962903618812561
155,7,553.6393432617188,693.6016845703125,0.7298619747161865
155,8,536.2471313476562,588.2826538085938,0.7416456937789917
155,9,521.753662109375,555.9139404296875,0.6957309246063232
155,10,513.0576171875,499.3896484375,0.7184339165687561
155,11,605.8156127929688,568.9580688476562,0.7425870299339294
155,12,640.5999145507812,684.9055786132812,0.9581449031829834
155,13,629.005126953125,789.2583618164062,0.9621143937110901
155,14,489.86810302734375,603.7423095703125,0.740704357624054
155,15,431.8943176269531,673.3108520507812,0.9108588695526123
155,16,420.299560546875,789.2583618164062,0.8617769479751587
156,0,529.3638305664062,813.7742309570312,0.6913565397262573
156,1,499.97918701171875,825.528076171875,0.6321909427642822
156,2,558.7484741210938,954.820556640625,0.6900044679641724
156,3,511.7330627441406,1119.37451171875,0.8093052506446838
156,4,558.7484741210938,802.0203857421875,0.7505220770835876
156,5,523.4869384765625,954.820556640625,0.7158963084220886
156,6,523.4869384765625,1142.88232421875,0.8575947284698486
156,7,533.2818603515625,699.174072265625,0.7262449264526367
156,8,507.8150939941406,578.697021484375,0.7611333131790161
156,9,495.5715026855469,544.9047241210938,0.807773232460022
156,10,499.97918701171875,496.4200439453125,0.8012968301773071
156,11,570.5023193359375,566.9432373046875,0.7844082117080688
156,12,629.2716674804688,684.4818115234375,0.9368910789489746
156,13,641.0255126953125,790.2665405273438,0.9591156244277954
156,14,464.7176208496094,602.2047729492188,0.7378584146499634
156,15,429.4560546875,672.7279052734375,0.9064597487449646
156,16,417.7021789550781,790.2665405273438,0.8711371421813965
157,0,516.8900146484375,799.1178588867188,0.6611636281013489
157,1,546.8421630859375,799.1178588867188,0.6679328680038452
157,2,570.8038940429688,906.9456176757812,0.7849672436714172
157,3,534.861328125,1122.6011962890625,0.8373380899429321
157,4,486.9378662109375,799.1178588867188,0.6543943881988525
157,5,510.89959716796875,966.8499145507812,0.7467811107635498
157,6,522.8804321289062,1146.5628662109375,0.8117924332618713
157,7,540.851806640625,688.2948608398438,0.6609033346176147
157,8,546.8422241210938,555.5069580078125,0.6606429815292358
157,9,539.3541259765625,528.05078125,0.5017859935760498
157,10,525.8756713867188,511.5771179199219,0.6229503750801086
157,11,522.8804321289062,571.4814453125,0.6574624180793762
157,12,439.014404296875,667.328369140625,0.5709205865859985
157,13,427.0335388183594,799.1178588867188,0.6110780835151672
157,14,582.7847900390625,583.4622802734375,0.6638236045837402
157,15,630.7081909179688,667.328369140625,0.7850350737571716
157,16,642.6890869140625,787.136962890625,0.6808048486709595
158,0,529.13818359375,791.25048828125,0.6263812780380249
158,1,547.3004760742188,797.3045654296875,0.6203413605690002
158,2,571.516845703125,906.2781982421875,0.7530115246772766
158,3,535.1923217773438,1124.225341796875,0.7912254929542542
158,4,510.9759521484375,785.1964111328125,0.6324211955070496
158,5,498.8677673339844,954.7108764648438,0.7305358052253723
158,6,523.0841064453125,1148.4417724609375,0.7102994918823242
158,7,558.3997802734375,682.27685546875,0.6239413619041443
158,8,527.1201782226562,534.960693359375,0.6215014457702637
158,9,501.8948059082031,514.27587890625,0.4763188064098358
158,10,501.89483642578125,530.924560546875,0.5305057764053345
158,11,523.0841064453125,555.1409912109375,0.668662428855896
158,12,438.3268737792969,664.1146240234375,0.53922039270401
158,13,426.21868896484375,797.3045654296875,0.6059616208076477
158,14,571.516845703125,591.4655151367188,0.5743405222892761
158,15,595.7332153320312,664.1146240234375,0.8163641095161438
158,16,644.1658935546875,785.1964111328125,0.7328616380691528
159,0,526.50390625,806.8200073242188,0.7278093099594116
159,1,544.7872314453125,812.9144287109375,0.7130284309387207
159,2,569.1649780273438,934.8033447265625,0.7477787137031555
159,3,532.5983276367188,1129.8255615234375,0.9070602059364319
159,4,508.2205505371094,800.7255859375,0.7425901293754578
159,5,471.6539001464844,959.1810913085938,0.7645086050033569
159,6,520.409423828125,1142.014404296875,0.8331096768379211
159,7,561.0389404296875,684.93115234375,0.6924057602882385
159,8,528.5353393554688,552.8848266601562,0.6570022106170654
159,9,500.60247802734375,521.9047241210938,0.5936186909675598
159,10,508.2205505371094,483.8144836425781,0.6706445217132568
159,11,520.409423828125,556.9478149414062,0.6731963753700256
159,12,435.08721923828125,678.836669921875,0.5778824090957642
159,13,422.8983459472656,788.5366821289062,0.7220842242240906
159,14,581.3538818359375,569.1366577148438,0.64080810546875
159,15,593.5427856445312,666.6477661132812,0.8634689450263977
159,16,642.29833984375,764.1588745117188,0.7104082107543945
160,0,527.4719848632812,788.5050659179688,0.6813211441040039
160,1,583.0108642578125,788.5050659179688,0.6515733599662781
160,2,570.6688842773438,899.5828247070312,0.7780007123947144
160,3,533.6429443359375,1134.080322265625,0.8178883790969849
160,4,471.93310546875,788.5050659179688,0.7110689282417297
160,5,459.59112548828125,936.6087646484375,0.8403734564781189
160,6,508.9590148925781,1146.42236328125,0.8036720752716064
160,7,572.7259521484375,677.4273071289062,0.6506557464599609
160,8,537.7569580078125,529.3236083984375,0.6199904084205627
160,9,504.3307800292969,501.55413818359375,0.4945017397403717
160,10,524.386474609375,504.6396484375,0.5551148653030396
160,11,521.3009643554688,554.0075073242188,0.6922668814659119
160,12,434.90716552734375,652.7433471679688,0.5637317299842834
160,13,422.565185546875,788.5050659179688,0.7254026532173157
160,14,607.69482421875,578.6914672851562,0.5477139353752136
160,15,632.3787841796875,677.42724609375,0.8358588814735413
160,16,644.7207641601562,776.1630859375,0.6657822132110596
161,0,510.1310119628906,807.4879150390625,0.716037392616272
161,1,547.6550903320312,819.9959716796875,0.7118390798568726
161,2,572.671142578125,957.584228515625,0.7341727614402771
161,3,522.6390380859375,1157.712646484375,0.8296183943748474
161,4,472.60693359375,794.9799194335938,0.7202357649803162
161,5,460.0989074707031,970.09228515625,0.7819929718971252
161,6,522.6390380859375,1157.712646484375,0.793647825717926
161,7,560.1630249023438,685.53466796875,0.6669074892997742
161,8,535.1470336914062,528.14208984375,0.6177775859832764
161,9,503.8769836425781,502.6048583984375,0.5233314037322998
161,10,507.00396728515625,507.2953796386719,0.5260927081108093
161,11,510.1310119628906,557.3274536132812,0.6334660649299622
161,12,397.55877685546875,657.3916625976562,0.7190046310424805
161,13,422.5748291015625,769.9638671875,0.791098415851593
161,14,610.1951904296875,569.8355102539062,0.6020891070365906
161,15,635.2112426757812,657.3916625976562,0.915287971496582
161,16,647.71923828125,782.471923828125,0.9012539982795715
162,0,528.3768920898438,799.9402465820312,0.7112600803375244
162,1,496.7221984863281,799.9402465820312,0.6645805835723877
162,2,534.7078247070312,964.5447387695312,0.7248988151550293
162,3,509.38409423828125,1167.1348876953125,0.9017200469970703
162,4,560.0316162109375,799.9402465820312,0.7579396367073059
162,5,522.0459594726562,977.2066040039062,0.7294521927833557
162,6,522.0459594726562,1167.1348876953125,0.8949697613716125
162,7,523.1011962890625,676.4868774414062,0.7121217846870422
162,8,505.1634521484375,546.70263671875,0.7129834890365601
162,9,499.8876647949219,519.796142578125,0.7439795136451721
162,10,506.2186279296875,483.3931884765625,0.7737864255905151
162,11,547.3697509765625,534.0407104492188,0.7379792928695679
162,12,623.3410034179688,673.3214721679688,0.880756676197052
162,13,636.0029296875,799.9402465820312,0.842775821685791
162,14,471.3984375,572.0263671875,0.687987744808197
162,15,420.75091552734375,647.9976806640625,0.8381063938140869
162,16,420.75091552734375,774.6165161132812,0.8053181171417236
163,0,548.2576904296875,797.138671875,0.7228646278381348
163,1,586.6790161132812,803.542236328125,0.713916540145874
163,2,548.2577514648438,970.0345458984375,0.793343722820282
163,3,535.4506225585938,1174.9481201171875,0.9368399381637573
163,4,509.83642578125,790.7351684570312,0.7318127751350403
163,5,458.6080322265625,982.8416137695312,0.8073065876960754
163,6,522.6435546875,1187.7552490234375,0.861617922782898
163,7,559.9976196289062,675.4712524414062,0.6907029151916504
163,8,526.91259765625,534.5932006835938,0.658541202545166
163,9,508.23553466796875,510.5798645019531,0.6864057183265686
163,10,519.4417724609375,496.171875,0.7584307193756104
163,11,509.83642578125,534.5931396484375,0.7023137211799622
163,12,420.1867370605469,662.6641845703125,0.6001622080802917
163,13,407.379638671875,765.1209716796875,0.6149600148200989
163,14,573.8719482421875,573.0144653320312,0.6147687435150146
163,15,599.4861450195312,675.4712524414062,0.8174408078193665
163,16,637.9074096679688,790.7351684570312,0.7670016884803772
164,0,505.4482421875,827.6732177734375,0.7428789734840393
164,1,485.93804931640625,834.1765747070312,0.700654149055481
164,2,498.94482421875,977.2512817382812,0.7707582116127014
164,3,511.9516296386719,1185.3599853515625,0.9030793905258179
164,4,524.9584350585938,821.1697998046875,0.7851037979125977
164,5,524.9584350585938,1003.264892578125,0.8440472483634949
164,6,524.9584350585938,1172.3531494140625,0.9068626761436462
164,7,513.0355834960938,691.1019287109375,0.7274296283721924
164,8,507.61602783203125,539.3560791015625,0.7119803428649902
164,9,502.196533203125,510.6326904296875,0.7084951400756836
164,10,508.6999206542969,482.99322509765625,0.7673442363739014
164,11,537.9652099609375,535.0204467773438,0.6850330829620361
164,12,629.0127563476562,704.1087036132812,0.9084384441375732
164,13,629.0127563476562,795.15625,0.8518401384353638
164,14,485.93804931640625,574.040771484375,0.7389276623725891
164,15,394.8905029296875,652.08154296875,0.8422377109527588
164,16,420.9040832519531,743.1290893554688,0.8696445226669312
165,0,533.08544921875,817.1441040039062,0.7279680967330933
165,1,539.710693359375,797.2684326171875,0.7053848505020142
165,2,552.961181640625,982.7748413085938,0.7891302108764648
165,3,499.9593200683594,1181.5318603515625,0.8468803763389587
165,4,526.4602661132812,837.019775390625,0.7505513429641724
165,5,526.4602661132812,1009.2758178710938,0.8456186056137085
165,6,526.4602661132812,1181.5318603515625,0.9106085300445557
165,7,522.0433959960938,694.5773315429688,0.7106485366821289
165,8,504.37615966796875,549.9264526367188,0.6933289170265198
165,9,501.6156311035156,512.3834838867188,0.6377021670341492
165,10,519.8350219726562,479.2573547363281,0.752581000328064
165,11,526.4602661132812,572.0105590820312,0.7068356871604919
165,12,605.9630126953125,678.0142211914062,0.7597030997276306
165,13,632.4639282226562,797.2684326171875,0.7469369769096375
165,14,486.7088623046875,572.0105590820312,0.6798221468925476
165,15,592.7125854492188,691.2647094726562,0.8457902073860168
165,16,420.45654296875,744.2665405273438,0.7474870681762695
166,0,514.031494140625,805.25927734375,0.7657406330108643
166,1,500.484619140625,798.48583984375,0.7525126934051514
166,2,500.484619140625,1001.6895751953125,0.8152889609336853
166,3,500.484619140625,1191.3463134765625,0.7892927527427673
166,4,527.5784301757812,812.03271484375,0.7789686322212219
166,5,527.5784301757812,1015.2364501953125,0.8782512545585632
166,6,541.1253662109375,1191.3463134765625,0.9069406986236572
166,7,505.00042724609375,679.9503173828125,0.7632832527160645
166,8,523.0628051757812,559.156982421875,0.7608258724212646
166,9,534.3519287109375,524.1607666015625,0.7624995708465576
166,10,514.0315551757812,459.81292724609375,0.7404475212097168
166,11,554.6723022460938,527.5475463867188,0.7314209938049316
166,12,622.4068603515625,703.6574096679688,0.8766463398933411
166,13,635.9537963867188,798.48583984375,0.8033579587936401
166,14,473.3907775878906,581.7351684570312,0.7902306914329529
166,15,419.203125,676.5635986328125,0.786058783531189
166,16,419.203125,744.2981567382812,0.7067542672157288
167,0,514.3230590820312,816.3703002929688,0.7959348559379578
167,1,541.850830078125,816.3703002929688,0.7806410789489746
167,2,555.61474609375,1009.0647583007812,0.7677215933799744
167,3,514.3230590820312,1215.5230712890625,0.7715465426445007
167,4,486.7952880859375,816.3703002929688,0.8112286329269409
167,5,528.0869750976562,1022.82861328125,0.8588969111442566
167,6,541.850830078125,1215.5230712890625,0.8674625754356384
167,7,489.0892639160156,695.936279296875,0.7657921314239502
167,8,518.9110717773438,568.6203002929688,0.7356493473052979
167,9,541.850830078125,529.0491333007812,0.688870370388031
167,10,538.409912109375,472.27313232421875,0.769878625869751
167,11,473.0314025878906,568.6203002929688,0.7460654377937317
167,12,417.9758605957031,664.967529296875,0.6350259780883789
167,13,596.9064331054688,802.6064453125,0.5127658247947693
167,14,528.0869750976562,582.3842163085938,0.7252331972122192
167,15,624.4342041015625,692.4953002929688,0.8573892712593079
167,16,638.1980590820312,802.6064453125,0.8195391297340393
168,0,513.7902221679688,832.9657592773438,0.7885873317718506
168,1,541.7692260742188,846.9552612304688,0.7629041075706482
168,2,555.7587280273438,1000.83984375,0.7717992663383484
168,3,541.7692260742188,1224.6719970703125,0.8532423377037048
168,4,485.81121826171875,818.9762573242188,0.8142704963684082
168,5,527.7797241210938,1028.81884765625,0.7850202322006226
168,6,513.7902221679688,1168.7138671875,0.7463229894638062
168,7,488.14276123046875,703.5628051757812,0.756801187992096
168,8,518.453369140625,553.1755981445312,0.7250150442123413
168,9,541.7692260742188,516.453125,0.5869078636169434
168,10,538.2718505859375,483.22808837890625,0.7263160347938538
168,11,471.8216857910156,567.1651000976562,0.7129514813423157
168,12,429.8531799316406,707.0601806640625,0.6818485260009766
168,13,415.8636779785156,790.9972534179688,0.5417277812957764
168,14,527.7797241210938,581.1546020507812,0.7370786070823669
168,15,639.69580078125,707.0601806640625,0.9464962482452393
168,16,639.69580078125,804.9867553710938,0.8659794330596924
169,0,514.5263671875,840.7190551757812,0.8012609481811523
169,1,542.8609008789062,854.8863525390625,0.7763903737068176
169,2,557.0281982421875,982.3919067382812,0.7753103971481323
169,3,542.8609008789062,1237.4029541015625,0.8531132340431213
169,4,486.1917724609375,826.5517578125,0.8261315226554871
169,5,486.1917724609375,1039.06103515625,0.6860005259513855
169,6,514.5263671875,1166.5665283203125,0.7061020731925964
169,7,516.8875732421875,709.671630859375,0.7492777109146118
169,8,533.416015625,576.2630615234375,0.6972944736480713
169,9,539.319091796875,530.8096923828125,0.5663842558860779
169,10,528.6936645507812,458.20233154296875,0.7256736159324646
169,11,486.1917724609375,571.5406494140625,0.6590974926948547
169,12,429.52264404296875,713.2135009765625,0.656137228012085
169,13,415.3553466796875,798.2172241210938,0.5395729541778564
169,14,571.1954956054688,585.7079467773438,0.7354913949966431
169,15,642.0319213867188,713.2135009765625,0.9240838885307312
169,16,642.0319213867188,812.3844604492188,0.8000165224075317
170,0,533.3145751953125,813.1849975585938,0.742021918296814
170,1,546.3138427734375,806.6853637695312,0.7744901180267334
170,2,546.3138427734375,923.678466796875,0.7785930037498474
170,3,533.3146362304688,1053.6707763671875,0.5287133455276489
170,4,520.3153686523438,819.6846313476562,0.7095537185668945
170,5,546.3138427734375,936.6776733398438,0.6764206290245056
170,6,533.3146362304688,1053.6707763671875,0.8187597393989563
170,7,567.979248046875,696.19189453125,0.6544674634933472
170,8,537.647705078125,555.366943359375,0.5669130086898804
170,9,510.56597900390625,535.3264770507812,0.2875036597251892
170,10,530.0648193359375,533.7015991210938,0.4161618649959564
170,11,533.3146362304688,572.6992797851562,0.6120452284812927
170,12,494.3169250488281,676.693115234375,0.5019404888153076
170,13,585.3115234375,754.6884765625,0.5229543447494507
170,14,585.3115234375,585.698486328125,0.5217808485031128
170,15,585.3115234375,676.693115234375,0.6721125841140747
170,16,585.3115234375,715.6907958984375,0.6413809657096863
171,0,523.7562255859375,795.9600219726562,0.7862048149108887
171,1,548.0513305664062,802.0338134765625,0.8244170546531677
171,2,560.1988525390625,947.8041381835938,0.655996561050415
171,3,535.90380859375,1057.1319580078125,0.6280270218849182
171,4,499.461181640625,789.88623046875,0.7479925155639648
171,5,523.7562255859375,959.9517211914062,0.8005356192588806
171,6,535.90380859375,1069.2794189453125,0.7843480110168457
171,7,536.9161376953125,695.742919921875,0.6390258073806763
171,8,556.149658203125,591.4765625,0.49184679985046387
171,9,558.680419921875,568.19384765625,0.40222662687301636
171,10,529.8300170898438,534.7881469726562,0.5013898015022278
171,11,523.7562255859375,571.230712890625,0.5297713875770569
171,12,450.8710632324219,668.4109497070312,0.6847296357154846
171,13,463.0185852050781,765.5911865234375,0.729400098323822
171,14,584.493896484375,619.82080078125,0.45392224192619324
171,15,620.9365234375,668.4109497070312,0.5836637020111084
171,16,535.90380859375,789.88623046875,0.6670036911964417
172,0,525.692626953125,796.3373413085938,0.8056553602218628
172,1,548.662109375,796.3373413085938,0.8053258061408997
172,2,548.662109375,934.1539916992188,0.7803114652633667
172,3,514.2078857421875,1071.970703125,0.6898830533027649
172,4,502.72320556640625,796.3373413085938,0.8059849143028259
172,5,537.1773681640625,934.1539916992188,0.792827844619751
172,6,537.1773681640625,1083.4554443359375,0.8713693618774414
172,7,547.7049560546875,690.1036987304688,0.727269172668457
172,8,529.5208740234375,566.6428833007812,0.6488829255104065
172,9,512.7723388671875,545.1090087890625,0.42519912123680115
172,10,517.0791015625,532.188720703125,0.5974819660186768
172,11,491.23846435546875,589.6123046875,0.644830048084259
172,12,502.72320556640625,670.00537109375,0.620672345161438
172,13,468.2690124511719,750.3984375,0.6796385049819946
172,14,594.6009521484375,578.1276245117188,0.652935802936554
172,15,606.085693359375,670.00537109375,0.8485941886901855
172,16,629.0551147460938,796.3373413085938,0.6960553526878357
173,0,521.4844360351562,794.7228393554688,0.7697492241859436
173,1,538.0078125,794.7228393554688,0.7435117959976196
173,2,549.0233764648438,959.9566040039062,0.7032211422920227
173,3,515.9766235351562,1081.1280517578125,0.7553772330284119
173,4,504.9610290527344,794.7228393554688,0.7959866523742676
173,5,538.0078125,937.9254760742188,0.7959751486778259
173,6,538.0078125,1081.1280517578125,0.8622947335243225
173,7,572.890625,690.0747680664062,0.7629785537719727
173,8,552.6952514648438,559.7236938476562,0.7562078237533569
173,9,522.8613891601562,544.1182250976562,0.42732933163642883
173,10,532.5,552.3798828125,0.6023107767105103
173,11,538.0078125,585.4266967773438,0.7267817854881287
173,12,416.8363342285156,673.5513916015625,0.7321605086326599
173,13,427.8519287109375,750.6604614257812,0.7557815313339233
173,14,615.1168823242188,585.4266967773438,0.7856338620185852
173,15,626.1325073242188,684.5669555664062,0.9439417719841003
173,16,626.1325073242188,794.7228393554688,0.786060094833374
174,0,526.7202758789062,790.030029296875,0.7779120206832886
174,1,548.0591430664062,795.36474609375,0.7722490429878235
174,2,558.7285766601562,923.3980712890625,0.7295595407485962
174,3,516.0508422851562,1072.770263671875,0.806512176990509
174,4,505.3813781738281,784.6953125,0.7835749983787537
174,5,537.3897094726562,934.0675048828125,0.714214563369751
174,6,537.3897094726562,1072.770263671875,0.7878614068031311
174,7,569.3978881835938,691.337646484375,0.7498832941055298
174,8,548.0592041015625,589.0888061523438,0.721854567527771
174,9,521.3855590820312,552.6348876953125,0.4657292366027832
174,10,521.3855590820312,496.620361328125,0.6295865774154663
174,11,526.7202758789062,592.6453247070312,0.6438099145889282
174,12,430.6952819824219,678.0008544921875,0.747711181640625
174,13,430.6952819824219,763.3564453125,0.8493208289146423
174,14,612.0758056640625,592.6453247070312,0.7998992800712585
174,15,622.7452392578125,688.6702880859375,0.941437304019928
174,16,622.7452392578125,795.36474609375,0.885969877243042
175,0,527.9501953125,786.2401123046875,0.740361213684082
175,1,548.7695922851562,796.6498413085938,0.7230384945869446
175,2,559.1793212890625,921.5665283203125,0.6932591199874878
175,3,517.5404663085938,1067.3026123046875,0.856183648109436
175,4,507.1307373046875,775.8304443359375,0.7576839327812195
175,5,517.5404663085938,931.9762573242188,0.7179393172264099
175,6,538.35986328125,1077.71240234375,0.8179555535316467
175,7,551.3720092773438,689.9501953125,0.7003475427627563
175,8,559.1793212890625,584.9855346679688,0.6603339314460754
175,9,552.6732177734375,550.7201538085938,0.45421329140663147
175,10,543.5647583007812,505.17767333984375,0.5590658187866211
175,11,527.9501953125,598.8651733398438,0.5950201749801636
175,12,465.4918212890625,682.1429443359375,0.6874383687973022
175,13,434.2626647949219,765.4207153320312,0.7775631546974182
175,14,600.8182373046875,588.4554443359375,0.7256476879119873
175,15,621.6376953125,682.1429443359375,0.9795106053352356
175,16,600.8182373046875,765.4207153320312,0.7366803288459778
176,0,523.5866088867188,778.6366577148438,0.7782982587814331
176,1,549.2575073242188,794.0391845703125,0.7800431251525879
176,2,559.52587890625,927.5279541015625,0.745090663433075
176,3,518.4524536132812,1061.0167236328125,0.8029574155807495
176,4,497.91571044921875,763.234130859375,0.7765534520149231
176,5,497.91571044921875,917.2595825195312,0.7157655954360962
176,6,528.7208251953125,1071.2850341796875,0.7319104671478271
176,7,559.5259399414062,686.221435546875,0.7054439783096313
176,8,549.2575073242188,588.6719360351562,0.6325896382331848
176,9,530.0043334960938,559.150390625,0.41305607557296753
176,10,536.4220581054688,516.7933959960938,0.4832477271556854
176,11,508.18408203125,598.9403076171875,0.6173860430717468
176,12,467.1106262207031,650.2821044921875,0.7887622714042664
176,13,436.3055114746094,763.234130859375,0.8623664379119873
176,14,621.1360473632812,588.6719360351562,0.6477932333946228
176,15,621.1360473632812,691.3555908203125,0.9706351161003113
176,16,621.1360473632812,794.0391845703125,0.8520759344100952
177,0,529.525634765625,771.421875,0.7632467746734619
177,1,560.1218872070312,781.62060546875,0.7709802389144897
177,2,560.1218872070312,924.4033203125,0.7564800381660461
177,3,519.3268432617188,1077.384765625,0.9311015009880066
177,4,498.9293212890625,761.2230834960938,0.7555133104324341
177,5,539.724365234375,924.4033203125,0.7269872426986694
177,6,539.724365234375,1077.384765625,0.870553731918335
177,7,566.0712280273438,671.98388671875,0.739417314529419
177,8,546.5235595703125,550.4485473632812,0.715587854385376
177,9,523.1513671875,530.4760131835938,0.49254709482192993
177,10,526.9758911132812,526.6514282226562,0.6192931532859802
177,11,509.1280822753906,567.446533203125,0.6694672107696533
177,12,427.5379638671875,659.2354125976562,0.8658624887466431
177,13,427.5379638671875,751.0242919921875,0.8924434185028076
177,14,621.3145141601562,577.645263671875,0.7617084383964539
177,15,631.5132446289062,679.6329345703125,0.9589039087295532
177,16,631.5132446289062,781.62060546875,0.8879585266113281
178,0,524.8455810546875,765.6361083984375,0.7417029142379761
178,1,550.431640625,770.7533569335938,0.6961947679519653
178,2,560.6660766601562,924.2695922851562,0.6676182746887207
178,3,509.4939880371094,1088.0201416015625,0.893653154373169
178,4,499.25958251953125,760.5189208984375,0.787211000919342
178,5,540.1972045898438,924.2695922851562,0.7912752628326416
178,6,540.1972045898438,1108.489013671875,0.8451950550079346
178,7,569.19482421875,668.4091796875,0.6900841593742371
178,8,557.2545776367188,576.2994384765625,0.638465404510498
178,9,533.8007202148438,544.31689453125,0.5906826257705688
178,10,527.4042358398438,484.1898193359375,0.6623631715774536
178,11,540.1972045898438,566.0650634765625,0.6692354083061218
178,12,458.3218994140625,647.9403686523438,0.6124622225761414
178,13,427.6186828613281,750.2845458984375,0.6187511682510376
178,14,611.838134765625,576.2994995117188,0.6076954007148743
178,15,632.3069458007812,668.4092407226562,0.8191138505935669
178,16,632.3069458007812,780.98779296875,0.7757439613342285
179,0,523.8099365234375,772.48486328125,0.7773253917694092
179,1,549.735107421875,782.8549194335938,0.7179766297340393
179,2,560.1051635742188,948.7759399414062,0.7066988348960876
179,3,518.6248779296875,1093.956787109375,0.8750237822532654
179,4,497.884765625,762.1148071289062,0.836674153804779
179,5,528.9949340820312,928.0358276367188,0.7980745434761047
179,6,528.9949340820312,1114.6968994140625,0.8501365780830383
179,7,567.8826904296875,679.1543579101562,0.7157207727432251
179,8,549.735107421875,578.910400390625,0.6541160941123962
179,9,523.8099365234375,546.93603515625,0.5969762206077576
179,10,523.8099365234375,502.86322021484375,0.6470496654510498
179,11,518.6248779296875,585.8237915039062,0.6646039485931396
179,12,456.404541015625,648.0441284179688,0.6342023611068726
179,13,425.2943420410156,751.7447509765625,0.7184567451477051
179,14,622.3255004882812,585.8237915039062,0.6436282396316528
179,15,643.065673828125,668.7842407226562,0.9304143786430359
179,16,622.3255004882812,772.48486328125,0.8946806192398071
180,0,527.3775634765625,782.9475708007812,0.8560911417007446
180,1,559.1021118164062,793.5223999023438,0.8429131507873535
180,2,559.1021118164062,941.5702514648438,0.7869908213615417
180,3,537.952392578125,1100.19287109375,0.8907525539398193
180,4,495.65301513671875,772.3727416992188,0.8692691922187805
180,5,485.07818603515625,952.1450805664062,0.8596791625022888
180,6,527.3775634765625,1110.767822265625,0.8119032382965088
180,7,557.3395385742188,679.8428344726562,0.7889201641082764
180,8,545.0023193359375,564.4008178710938,0.7217492461204529
180,9,527.3775634765625,541.0479736328125,0.5545984506607056
180,10,551.1709594726562,518.5764770507812,0.6315492391586304
180,11,506.2278747558594,571.45068359375,0.7311411499977112
180,12,432.2039489746094,645.4745483398438,0.8228539228439331
180,13,411.05426025390625,761.7978515625,0.8877429962158203
180,14,611.976318359375,582.0255126953125,0.7123573422431946
180,15,643.7008666992188,677.1990966796875,0.9437795281410217
180,16,622.5511474609375,761.7978515625,0.9221952557563782
181,0,520.4934692382812,774.8152465820312,0.801276683807373
181,1,547.1597290039062,785.4817504882812,0.7714146971702576
181,2,547.1597290039062,956.1459350585938,0.713163435459137
181,3,515.1602172851562,1105.4771728515625,0.9080871939659119
181,4,493.8271789550781,764.1487426757812,0.8311386108398438
181,5,525.8267211914062,945.4794311523438,0.8610320687294006
181,6,536.4932250976562,1105.4771728515625,0.8903992772102356
181,7,553.3818969726562,676.1499633789062,0.7329097986221313
181,8,543.604248046875,561.4849243164062,0.6645429134368896
181,9,525.8267211914062,533.4853515625,0.6460323929786682
181,10,531.1599731445312,508.15240478515625,0.6968998312950134
181,11,536.4932250976562,572.1514892578125,0.682113766670227
181,12,451.1611328125,646.8170776367188,0.66011643409729
181,13,408.4950866699219,753.4822387695312,0.6679215431213379
181,14,579.1593017578125,582.8179931640625,0.6469720005989075
181,15,653.8248901367188,668.1500854492188,0.8628332018852234
181,16,632.4918212890625,785.4817504882812,0.7880410552024841
182,0,535.37109375,771.675537109375,0.7764631509780884
182,1,556.91552734375,777.0616455078125,0.7260076403617859
182,2,513.82666015625,960.1893920898438,0.7500770688056946
182,3,513.82666015625,1100.228271484375,0.8794187903404236
182,4,513.82666015625,766.2894287109375,0.8269187211990356
182,5,524.598876953125,960.1893920898438,0.8743995428085327
182,6,535.37109375,1111.00048828125,0.9182956218719482
182,7,549.734130859375,674.7255249023438,0.7304620742797852
182,8,553.3247680664062,568.7986450195312,0.6844609975814819
182,9,548.8363647460938,541.4193115234375,0.6808000206947327
182,10,538.0641479492188,507.756103515625,0.7211735248565674
182,11,535.37109375,572.389404296875,0.6967291235923767
182,12,449.1933288574219,647.7949829101562,0.6494163870811462
182,13,621.5488891601562,787.8338623046875,0.6109229326248169
182,14,578.4599609375,583.16162109375,0.6721928119659424
182,15,653.8655395507812,669.3394165039062,0.7732878923416138
182,16,600.0044555664062,755.5172119140625,0.7481803894042969
183,0,532.3284912109375,790.466552734375,0.7938193678855896
183,1,554.08251953125,801.343505859375,0.7841464877128601
183,2,554.08251953125,964.4986572265625,0.7584260702133179
183,3,510.5744934082031,1105.899658203125,0.8450957536697388
183,4,510.5744934082031,779.5895385742188,0.8034922480583191
183,5,521.4515380859375,953.6216430664062,0.8932268023490906
183,6,532.3284912109375,1116.7767333984375,0.9197688102722168
183,7,557.7081909179688,687.1349487304688,0.7504847049713135
183,8,539.579833984375,565.675048828125,0.7071499824523926
183,9,521.4514770507812,534.8568725585938,0.6135342717170715
183,10,521.4515380859375,507.6644287109375,0.7293814420700073
183,11,521.4515380859375,572.9263916015625,0.7180203199386597
183,12,434.4354553222656,681.6964721679688,0.6948761343955994
183,13,401.804443359375,779.5895385742188,0.7554767727851868
183,14,586.7135620117188,594.680419921875,0.6962795853614807
183,15,651.9755859375,670.8194580078125,0.9048076272010803
183,16,597.590576171875,768.7125244140625,0.779784083366394
184,0,540.8016357421875,792.3428344726562,0.8056700825691223
184,1,551.7760009765625,803.3171997070312,0.8042067885398865
184,2,562.7503662109375,967.9329223632812,0.7600014209747314
184,3,507.8784484863281,1110.599853515625,0.8256602883338928
184,4,529.8272094726562,781.3684692382812,0.8071333765983582
184,5,529.8272094726562,956.9585571289062,0.8875160813331604
184,6,540.8015747070312,1110.599853515625,0.9151805639266968
184,7,549.947021484375,685.3425903320312,0.7624872922897339
184,8,548.1178588867188,569.197021484375,0.7193044424057007
184,9,543.545166015625,541.3038330078125,0.6410954594612122
184,10,527.0836181640625,507.0089111328125,0.7512470483779907
184,11,529.8272094726562,572.8551635742188,0.7249709963798523
184,12,431.0577697753906,682.5989990234375,0.6556311249732971
184,13,398.1346435546875,792.3428344726562,0.6810977458953857
184,14,573.7247314453125,583.82958984375,0.7136378288269043
184,15,650.54541015625,671.6246337890625,0.7861918807029724
184,16,595.6735229492188,770.39404296875,0.6621646285057068
185,0,539.6900634765625,776.5849609375,0.77195143699646
185,1,573.170166015625,782.1649780273438,0.7397316098213196
185,2,573.170166015625,938.4053955078125,0.8003092408180237
185,3,539.6900634765625,1116.9659423828125,0.8838633298873901
185,4,506.2099609375,771.0049438476562,0.8041713237762451
185,5,495.0499267578125,949.5654296875,0.8611266016960144
185,6,528.530029296875,1128.1259765625,0.8427466750144958
185,7,560.1500854492188,678.9346923828125,0.7516368627548218
185,8,535.9700317382812,566.4044189453125,0.7313222885131836
185,9,517.3699951171875,539.434326171875,0.5901526212692261
185,10,525.739990234375,514.32421875,0.684167742729187
185,11,517.3699951171875,581.284423828125,0.7524006366729736
185,12,428.0897521972656,681.7247314453125,0.6328940987586975
185,13,405.7696838378906,782.1649780273438,0.7261369228363037
185,14,584.3302001953125,581.284423828125,0.7102439999580383
185,15,651.2903442382812,670.564697265625,0.8964002728462219
185,16,628.9702758789062,759.8449096679688,0.7252174615859985
186,0,538.6552734375,787.0977783203125,0.7424564361572266
186,1,549.9421997070312,787.0977783203125,0.72127765417099
186,2,561.2290649414062,956.4010009765625,0.7587510943412781
186,3,504.7946472167969,1136.9910888671875,0.8386634588241577
186,4,527.368408203125,787.0977783203125,0.7636352777481079
186,5,527.368408203125,956.4010009765625,0.8273135423660278
186,6,538.6552734375,1114.4173583984375,0.8658875226974487
186,7,529.2496337890625,688.3375854492188,0.7279568910598755
186,8,531.1306762695312,591.45849609375,0.7134573459625244
186,9,535.8335571289062,551.484130859375,0.7372042536735535
186,10,527.368408203125,482.35205078125,0.7576942443847656
186,11,561.2290649414062,583.9338989257812,0.6858612895011902
186,12,651.5241088867188,685.515869140625,0.8116544485092163
186,13,628.9503784179688,775.8109130859375,0.8352672457695007
186,14,493.5077819824219,595.2208251953125,0.7410533428192139
186,15,437.0733642578125,685.515869140625,0.878760576248169
186,16,437.0733642578125,775.8109130859375,0.8020128011703491
187,0,520.5399780273438,794.7669677734375,0.7443565130233765
187,1,503.4561767578125,794.7669677734375,0.7133113741874695
187,2,492.0669860839844,965.60498046875,0.8075632452964783
187,3,503.4561767578125,1136.44287109375,0.8839018940925598
187,4,537.623779296875,794.7669677734375,0.7754016518592834
187,5,526.2345581054688,965.60498046875,0.7699306607246399
187,6,537.623779296875,1113.66455078125,0.9235394597053528
187,7,533.827392578125,695.1115112304688,0.7560504674911499
187,8,541.420166015625,593.557861328125,0.7677444219589233
187,9,539.0474243164062,557.0175170898438,0.761383056640625
187,10,517.692626953125,498.64788818359375,0.7869694232940674
187,11,605.958984375,589.7614135742188,0.7095999717712402
187,12,651.5157470703125,680.875,0.9979009628295898
187,13,628.7373657226562,783.3778076171875,0.9724583625793457
187,14,480.67779541015625,601.150634765625,0.8258889317512512
187,15,423.7318115234375,669.48583984375,0.9491073489189148
187,16,412.34259033203125,783.3778076171875,0.914512574672699
188,0,519.77001953125,804.2535400390625,0.7391551733016968
188,1,502.53021240234375,810.0001831054688,0.7000963687896729
188,2,491.0369873046875,970.9050903320312,0.7534368634223938
188,3,502.53021240234375,1143.30322265625,0.8564113974571228
188,4,537.0098266601562,798.5069580078125,0.7782139778137207
188,5,525.5166015625,959.4119262695312,0.7989844083786011
188,6,525.5166015625,1131.81005859375,0.8937597274780273
188,7,539.8832397460938,700.814697265625,0.7544387578964233
188,8,525.5166015625,599.2913208007812,0.7697222828865051
188,9,511.1501159667969,558.5862426757812,0.7546471357345581
188,10,516.896728515625,488.1903076171875,0.767428994178772
188,11,594.4758911132812,591.6292114257812,0.73171466588974
188,12,640.44873046875,683.5748901367188,0.9688926935195923
188,13,628.9555053710938,787.0137329101562,0.9650282263755798
188,14,479.5437927246094,603.1223754882812,0.8077298998832703
188,15,422.0777282714844,672.0816650390625,0.9195761680603027
188,16,410.58453369140625,787.0137329101562,0.9176719784736633
189,0,535.8213500976562,811.3936157226562,0.7014824151992798
189,1,524.17041015625,811.3936157226562,0.6276904940605164
189,2,489.2176513671875,962.8556518554688,0.7057318687438965
189,3,524.17041015625,1114.317626953125,0.811988890171051
189,4,547.4722900390625,811.3936157226562,0.775274395942688
189,5,524.17041015625,974.506591796875,0.7704901099205017
189,6,524.17041015625,1137.6195068359375,0.8614398837089539
189,7,541.646728515625,700.7097778320312,0.7404181361198425
189,8,512.5194702148438,582.2587280273438,0.7793538570404053
189,9,497.9558410644531,546.3350830078125,0.8204808831214905
189,10,500.8685607910156,496.81866455078125,0.7727533578872681
189,11,570.7741088867188,578.3751220703125,0.8104172348976135
189,12,640.6796875,683.2333984375,0.9525304436683655
189,13,640.6796875,788.0917358398438,0.9566076993942261
189,14,477.5667419433594,601.6769409179688,0.748290479183197
189,15,442.61395263671875,706.5352783203125,0.9321070909500122
189,16,407.6611633300781,799.74267578125,0.8636062145233154
190,0,547.7328491210938,797.111572265625,0.6931824684143066
190,1,583.3462524414062,803.047119140625,0.6533739566802979
190,2,571.4751586914062,909.8873901367188,0.7719749212265015
190,3,535.8616943359375,1111.69677734375,0.8478396534919739
190,4,512.1194458007812,791.1759643554688,0.7329910397529602
190,5,512.1194458007812,957.3719482421875,0.7850446701049805
190,6,512.1194458007812,1147.3101806640625,0.8461081981658936
190,7,532.8938598632812,690.2713012695312,0.6966588497161865
190,8,500.2482604980469,557.710205078125,0.7001352906227112
190,9,492.82879638671875,525.5592041015625,0.697198212146759
190,10,491.34490966796875,506.2685546875,0.7309848666191101
190,11,523.9905395507812,565.624267578125,0.7102848291397095
190,12,618.959716796875,672.4645385742188,0.656785249710083
190,13,630.8308715820312,791.1759643554688,0.7470014691352844
190,14,488.37713623046875,601.2377319335938,0.6899857521057129
190,15,429.02142333984375,684.335693359375,0.7807493209838867
190,16,429.02142333984375,803.047119140625,0.7042222619056702
191,0,516.14501953125,807.4927368164062,0.6584339737892151
191,1,546.1666259765625,813.4970703125,0.6765326261520386
191,2,570.1838989257812,909.566162109375,0.7481686472892761
191,3,522.1493530273438,1125.7216796875,0.7928657531738281
191,4,486.1234130859375,801.4884033203125,0.6403353214263916
191,5,510.14068603515625,969.609375,0.760712206363678
191,6,522.1493530273438,1149.739013671875,0.7820601463317871
191,7,540.1622314453125,690.408447265625,0.6541236639022827
191,8,546.1666259765625,561.3155517578125,0.6498134136199951
191,9,538.6611938476562,537.29833984375,0.44015970826148987
191,10,525.1514892578125,513.281005859375,0.5467244386672974
191,11,522.1493530273438,573.32421875,0.6404200792312622
191,12,438.0888366699219,669.3933715820312,0.5539053678512573
191,13,630.2271118164062,777.4711303710938,0.5873117446899414
191,14,582.1925659179688,573.32421875,0.6592068076133728
191,15,594.201171875,669.3933715820312,0.7948206663131714
191,16,642.2357788085938,777.4711303710938,0.6424142122268677
192,0,534.3989868164062,789.408935546875,0.7009139657020569
192,1,583.0230712890625,789.408935546875,0.6925959587097168
192,2,570.8670654296875,910.9691162109375,0.8296202421188354
192,3,546.5550537109375,1117.6214599609375,0.8989344835281372
192,4,485.7749328613281,789.408935546875,0.709231972694397
192,5,473.6189270019531,947.4371948242188,0.7790710926055908
192,6,510.08697509765625,1141.9334716796875,0.834362268447876
192,7,565.8018798828125,683.0438232421875,0.6624196767807007
192,8,530.3470458984375,538.1845703125,0.6239253878593445
192,9,502.4894714355469,517.4180297851562,0.5030453205108643
192,10,531.3599853515625,534.132568359375,0.49926653504371643
192,11,522.2429809570312,570.6006469726562,0.6858171224594116
192,12,437.1508483886719,667.8487548828125,0.5976818799972534
192,13,424.9948425292969,801.56494140625,0.7691112160682678
192,14,583.0230712890625,582.7566528320312,0.5620336532592773
192,15,595.1790771484375,667.8487548828125,0.8255789279937744
192,16,631.6471557617188,777.2529296875,0.7909687757492065
193,0,535.1435546875,786.3300170898438,0.7157617807388306
193,1,584.1663818359375,786.3300170898438,0.7103509902954102
193,2,571.9107055664062,908.8870849609375,0.8108256459236145
193,3,535.1435546875,1129.4898681640625,0.9270448684692383
193,4,486.1207275390625,786.3300170898438,0.721172571182251
193,5,510.63214111328125,945.6542358398438,0.7843888401985168
193,6,510.63214111328125,1141.74560546875,0.8169257044792175
193,7,546.3779296875,676.0286254882812,0.6755891442298889
193,8,551.4844970703125,541.2157592773438,0.6354165077209473
193,9,548.9312744140625,519.768310546875,0.46851202845573425
193,10,538.20751953125,516.7044067382812,0.49230122566223145
193,11,522.8878784179688,553.4714965820312,0.7201658487319946
193,12,424.8421936035156,651.5172119140625,0.7070395350456238
193,13,412.58648681640625,786.3300170898438,0.8000199794769287
193,14,584.1663818359375,577.98291015625,0.5506672263145447
193,15,596.422119140625,663.7728881835938,0.8380114436149597
193,16,645.4449462890625,786.3300170898438,0.7649308443069458
194,0,509.53057861328125,792.5735473632812,0.7486253976821899
194,1,546.487060546875,798.7329711914062,0.7578549981117249
194,2,571.124755859375,909.6024169921875,0.782261848449707
194,3,534.168212890625,1131.34130859375,0.8861297965049744
194,4,472.5740966796875,786.4141235351562,0.7393958568572998
194,5,460.2552795410156,958.877685546875,0.7935482859611511
194,6,509.53057861328125,1155.97900390625,0.8339571356773376
194,7,538.2744140625,678.6243896484375,0.7059867978096008
194,8,517.7431030273438,535.9313354492188,0.6633481979370117
194,9,497.2117614746094,509.24053955078125,0.5650767087936401
194,10,518.7697143554688,503.08111572265625,0.6022608280181885
194,11,472.5740966796875,552.3564453125,0.7400928139686584
194,12,423.2987976074219,663.225830078125,0.7741353511810303
194,13,423.2987976074219,798.7329711914062,0.8559982180595398
194,14,595.7623901367188,576.9940795898438,0.5866035223007202
194,15,632.7188720703125,663.225830078125,0.9495835900306702
194,16,645.0377197265625,786.4141235351562,0.9389868378639221
195,0,521.283935546875,793.010986328125,0.7421594858169556
195,1,583.77392578125,799.260009765625,0.7275205850601196
195,2,571.2759399414062,911.741943359375,0.7761247158050537
195,3,533.781982421875,1136.705810546875,0.8641575574874878
195,4,458.79400634765625,786.7620239257812,0.7567983865737915
195,5,446.2960205078125,961.7339477539062,0.8735120892524719
195,6,508.7859802246094,1174.1998291015625,0.8624844551086426
195,7,549.404541015625,677.4046020507812,0.7176183462142944
195,8,521.283935546875,536.8021850585938,0.6930772066116333
195,9,497.8502197265625,505.55718994140625,0.5781545639038086
195,10,515.0349731445312,486.8101806640625,0.5747524499893188
195,11,471.2919921875,549.3001708984375,0.7536590695381165
195,12,396.3040466308594,661.7821044921875,0.8151739835739136
195,13,421.3000183105469,774.2640380859375,0.8478475213050842
195,14,608.7698974609375,574.296142578125,0.6324953436851501
195,15,633.7659301757812,661.7821044921875,0.9245597124099731
195,16,646.263916015625,786.7620239257812,0.9198058247566223
196,0,529.1594848632812,808.236083984375,0.7045247554779053
196,1,548.3286743164062,827.4052734375,0.7155861854553223
196,2,561.108154296875,916.861572265625,0.7580578327178955
196,3,535.5491943359375,1159.671630859375,0.9363587498664856
196,4,509.9902648925781,789.0668334960938,0.6934632658958435
196,5,458.87237548828125,980.7589721679688,0.7764201760292053
196,6,522.7697143554688,1185.2305908203125,0.8404289484024048
196,7,560.0432739257812,683.6361694335938,0.6984297633171082
196,8,527.029541015625,541.9969482421875,0.692334771156311
196,9,500.4056396484375,511.11322021484375,0.6195468306541443
196,10,509.990234375,482.3594055175781,0.6929801106452942
196,11,509.9902648925781,546.2567749023438,0.7063289880752563
196,12,420.533935546875,661.2720336914062,0.649462878704071
196,13,420.533935546875,776.287353515625,0.7217966318130493
196,14,586.6671142578125,571.8157348632812,0.6783405542373657
196,15,599.4465942382812,674.051513671875,0.7980595827102661
196,16,637.7850341796875,776.287353515625,0.774897575378418
197,0,530.181640625,832.4142456054688,0.7618526220321655
197,1,536.6674194335938,832.4142456054688,0.7491009831428528
197,2,549.6390380859375,988.073486328125,0.7521215677261353
197,3,510.7242126464844,1182.6475830078125,0.9071725606918335
197,4,523.69580078125,832.4142456054688,0.7746042609214783
197,5,510.7242126464844,1001.0451049804688,0.8058715462684631
197,6,523.69580078125,1182.6475830078125,0.9023892879486084
197,7,557.2058715820312,705.9411010742188,0.7103613615036011
197,8,532.3435668945312,555.6866455078125,0.6588700413703918
197,9,510.7242431640625,516.2313232421875,0.6666454672813416
197,10,517.2100219726562,482.1808776855469,0.7363505363464355
197,11,523.69580078125,572.9821166992188,0.6458764672279358
197,12,614.4970703125,689.7265625,0.7139440178871155
197,13,627.4686889648438,793.4993896484375,0.699948787689209
197,14,575.582275390625,585.9537353515625,0.6718636155128479
197,15,588.5538330078125,689.7265625,0.7826226353645325
197,16,419.9229736328125,741.6129760742188,0.7919848561286926
198,0,511.4696960449219,819.1138916015625,0.7611477971076965
198,1,498.3291015625,825.6841430664062,0.7378359436988831
198,2,498.3291015625,996.5117797851562,0.7550455927848816
198,3,524.6102905273438,1193.62060546875,0.9180123805999756
198,4,524.6102905273438,812.5435791015625,0.78445965051651
198,5,524.6102905273438,996.5117797851562,0.804085373878479
198,6,524.6102905273438,1180.47998046875,0.893532931804657
198,7,501.6142272949219,687.7080078125,0.7340072393417358
198,8,511.4696960449219,554.1119995117188,0.7068666219711304
198,9,519.6825561523438,521.80810546875,0.7439649701118469
198,10,511.4696960449219,470.8883056640625,0.7899762392044067
198,11,537.7508544921875,536.5912475585938,0.682191014289856
198,12,629.7349853515625,707.4188842773438,0.899040937423706
198,13,629.7349853515625,812.5435791015625,0.7927871346473694
198,14,472.04791259765625,576.0130004882812,0.7315422296524048
198,15,393.20440673828125,654.8565063476562,0.875961422920227
198,16,419.4855651855469,746.8406372070312,0.9619219899177551
199,0,525.3958740234375,828.3922729492188,0.7715679407119751
199,1,538.7377319335938,828.3922729492188,0.7802250385284424
199,2,552.0795288085938,1001.8359985351562,0.7997919917106628
199,3,512.0540771484375,1201.9632568359375,0.8677114844322205
199,4,512.0540771484375,828.3922729492188,0.762910783290863
199,5,525.3958740234375,1015.1777954101562,0.8302103877067566
199,6,525.3958740234375,1188.6214599609375,0.9213182926177979
199,7,504.2713623046875,701.64501953125,0.7282646298408508
199,8,516.5013427734375,570.4503784179688,0.6849613189697266
199,9,530.3991088867188,534.8721923828125,0.7461912631988525
199,10,532.0668334960938,481.50494384765625,0.7784337401390076
199,11,525.3958740234375,574.897705078125,0.6922719478607178
199,12,618.7886352539062,708.31591796875,0.7052232027053833
199,13,632.1304321289062,801.7086791992188,0.7123074531555176
199,14,485.37042236328125,574.897705078125,0.6776507496833801
199,15,592.10498046875,681.6322631835938,0.7895355820655823
199,16,418.66131591796875,748.3413696289062,0.8872715830802917
200,0,513.1900024414062,821.3651123046875,0.8044446706771851
200,1,499.6500549316406,828.1350708007812,0.778611958026886
200,2,499.6500549316406,1004.1546630859375,0.8134472966194153
200,3,499.6500549316406,1193.7142333984375,0.8705605268478394
200,4,526.72998046875,814.5950927734375,0.8302774429321289
200,5,526.72998046875,1017.6946411132812,0.8877627849578857
200,6,526.72998046875,1193.7142333984375,0.952427864074707
200,7,492.8800354003906,696.120361328125,0.7723031044006348
200,8,513.1900024414062,575.3889770507812,0.7401615977287292
200,9,530.114990234375,530.2557373046875,0.6950691342353821
200,10,516.5750122070312,449.01593017578125,0.7444233298301697
200,11,526.72998046875,570.8756713867188,0.6876521706581116
200,12,621.509765625,706.2753295898438,0.8442322611808777
200,13,635.0497436523438,814.5950927734375,0.7927497029304504
200,14,472.57012939453125,570.8756713867188,0.7926710247993469
200,15,418.4102478027344,679.1953735351562,0.8895395994186401
200,16,418.4102478027344,746.895263671875,0.9128317832946777
201,0,534.2410888671875,834.1883544921875,0.7710310220718384
201,1,554.86767578125,820.4373168945312,0.7651318311691284
201,2,554.86767578125,1012.952392578125,0.8152195811271667
201,3,527.3655395507812,1205.467529296875,0.8885436058044434
201,4,513.6144409179688,847.939453125,0.7769302129745483
201,5,513.6144409179688,1026.7034912109375,0.7856833934783936
201,6,527.3655395507812,1205.467529296875,0.7903099656105042
201,7,521.6359252929688,700.1153564453125,0.7611806392669678
201,8,536.5328979492188,563.7504272460938,0.7513301968574524
201,9,547.9921264648438,529.9457397460938,0.7057011723518372
201,10,530.8033447265625,476.66033935546875,0.8071452975273132
201,11,472.3612060546875,559.1668090820312,0.7396920323371887
201,12,417.3569030761719,669.1754150390625,0.7321057915687561
201,13,417.3569030761719,765.4329833984375,0.7139878869056702
201,14,582.369873046875,572.9178466796875,0.7629683613777161
201,15,623.6231079101562,682.926513671875,0.8702867031097412
201,16,637.3741455078125,806.6862182617188,0.7919859290122986
202,0,535.1883544921875,842.5115966796875,0.7807517051696777
202,1,556.1784057617188,849.50830078125,0.7631902098655701
202,2,556.1784057617188,1017.4287109375,0.764132022857666
202,3,500.2049560546875,1213.3358154296875,0.8373644351959229
202,4,514.1983032226562,835.5149536132812,0.7983132004737854
202,5,528.1917114257812,1031.4219970703125,0.796597957611084
202,6,542.18505859375,1227.3291015625,0.800895094871521
202,7,499.038818359375,706.0763549804688,0.7543489933013916
202,8,518.86279296875,564.9765625,0.7279462814331055
202,9,542.18505859375,527.6609497070312,0.6972532272338867
202,10,535.1883544921875,471.6875,0.7657043933868408
202,11,472.2182312011719,569.6410522460938,0.7446017861366272
202,12,416.2447814941406,667.5946044921875,0.6992335915565491
202,13,416.2447814941406,793.5348510742188,0.5313019752502441
202,14,528.1917114257812,569.6410522460938,0.711290717124939
202,15,640.1386108398438,695.581298828125,0.8786343336105347
202,16,640.1386108398438,807.5282592773438,0.745743989944458
203,0,514.4901733398438,820.4209594726562,0.8049355745315552
203,1,557.0892333984375,827.5208129882812,0.7907211780548096
203,2,557.0892333984375,1012.1167602539062,0.7709726691246033
203,3,542.8895874023438,1239.3118896484375,0.8059230446815491
203,4,471.89111328125,813.3211059570312,0.819149911403656
203,5,514.4901733398438,1040.51611328125,0.6870924830436707
203,6,514.4901733398438,1168.3133544921875,0.6575409173965454
203,7,522.773193359375,699.7235717773438,0.7596192359924316
203,8,538.1563110351562,557.7266235351562,0.7143028974533081
203,9,541.1146240234375,520.4524536132812,0.585271418094635
203,10,539.3396606445312,486.7281799316406,0.6627578735351562
203,11,514.4901733398438,571.9263305664062,0.6985177397727966
203,12,415.09234619140625,713.9232788085938,0.6436663866043091
203,13,415.09234619140625,784.9216918945312,0.5679481625556946
203,14,557.0892333984375,586.1260375976562,0.7300881147384644
203,15,642.2874145507812,713.9232788085938,0.8790273070335388
203,16,628.0877075195312,813.3211059570312,0.7621862888336182
204,0,532.249755859375,814.135009765625,0.7259502410888672
204,1,545.2791748046875,807.6203002929688,0.7426193356513977
204,2,545.2791748046875,924.8855590820312,0.8834933042526245
204,3,532.2496948242188,1003.0623779296875,0.5833852887153625
204,4,519.2202758789062,820.6497192382812,0.7092811465263367
204,5,545.2791748046875,924.8855590820312,0.7907589673995972
204,6,532.2496948242188,1055.1802978515625,0.9014560580253601
204,7,573.509521484375,696.8697509765625,0.593887209892273
204,8,510.5339050292969,712.07080078125,0.4618241786956787
204,9,467.10235595703125,652.895263671875,0.28347012400627136
204,10,528.9923706054688,377.64764404296875,0.3598439693450928
204,11,519.2202758789062,573.0897216796875,0.5122172832489014
204,12,597.3970947265625,677.3255004882812,0.49472489953041077
204,13,584.3676147460938,755.5023803710938,0.47952738404273987
204,14,571.338134765625,586.1192016601562,0.41143110394477844
204,15,584.3676147460938,677.3255004882812,0.6946065425872803
204,16,571.338134765625,716.4139404296875,0.6455653309822083
205,0,529.3800048828125,802.9180297851562,0.8048680424690247
205,1,547.5841674804688,802.9180297851562,0.83448326587677
205,2,559.7202758789062,936.4152221679688,0.7906716465950012
205,3,535.4480590820312,1057.7763671875,0.6880539059638977
205,4,511.17584228515625,802.9180297851562,0.7752528190612793
205,5,535.4480590820312,948.5513916015625,0.7913998961448669
205,6,535.4480590820312,1069.9124755859375,0.8646911382675171
205,7,549.6068725585938,693.6929931640625,0.6712746620178223
205,8,563.765625,584.468017578125,0.5376813411712646
205,9,561.2373046875,566.2638549804688,0.4654983580112457
205,10,532.4140625,535.923583984375,0.5424699783325195
205,11,535.4480590820312,572.3319091796875,0.5854336023330688
205,12,450.4952697753906,669.4208374023438,0.6600930094718933
205,13,462.63140869140625,766.5097045898438,0.7055431604385376
205,14,596.1286010742188,596.6041259765625,0.48992905020713806
205,15,620.4008178710938,669.4208374023438,0.8372545838356018
205,16,535.4480590820312,778.6458129882812,0.7677886486053467
206,0,519.0711059570312,797.3344116210938,0.8049623966217041
206,1,547.7682495117188,797.3344116210938,0.8250300288200378
206,2,570.7260131835938,935.0806884765625,0.806276798248291
206,3,513.3317260742188,1072.8270263671875,0.7193645238876343
206,4,490.3739929199219,797.3344116210938,0.7848947048187256
206,5,524.810546875,946.5595703125,0.7403998374938965
206,6,536.2894287109375,1084.305908203125,0.8022288680076599
206,7,543.9419555664062,688.2852783203125,0.7727785110473633
206,8,528.6368408203125,552.4520874023438,0.7405946254730225
206,9,511.8968505859375,536.1903686523438,0.41718876361846924
206,10,524.810546875,544.799560546875,0.6221131086349487
206,11,490.3739929199219,579.236083984375,0.727699875831604
206,12,421.5008239746094,671.0669555664062,0.7237085103988647
206,13,467.416259765625,762.8978271484375,0.7811105847358704
206,14,593.6837158203125,579.236083984375,0.7534893155097961
206,15,628.1203002929688,671.0669555664062,0.9142862558364868
206,16,628.1203002929688,797.3344116210938,0.7996720671653748
207,0,521.0386962890625,795.8306274414062,0.7771761417388916
207,1,537.5556030273438,795.8306274414062,0.7652550935745239
207,2,548.56689453125,960.9996337890625,0.7259581089019775
207,3,515.5330810546875,1071.1123046875,0.7674590945243835
207,4,504.5218200683594,795.8306274414062,0.7890971899032593
207,5,537.5556030273438,938.9771118164062,0.7613839507102966
207,6,537.5556030273438,1082.12353515625,0.8341543674468994
207,7,558.6605834960938,691.2235717773438,0.7595802545547485
207,8,541.2260131835938,564.5940551757812,0.7419843673706055
207,9,518.285888671875,545.3243408203125,0.40797653794288635
207,10,512.7802734375,542.571533203125,0.5423898696899414
207,11,526.5443725585938,586.6165771484375,0.6681079864501953
207,12,427.4429626464844,674.7067260742188,0.6849614977836609
207,13,427.4429626464844,762.796875,0.7350680828094482
207,14,592.6119384765625,586.6165771484375,0.8158608078956604
207,15,625.645751953125,674.7067260742188,0.9707368612289429
207,16,625.645751953125,795.8306274414062,0.8930906653404236
208,0,526.710693359375,767.3778686523438,0.6950362324714661
208,1,558.746337890625,783.3956909179688,0.6663638353347778
208,2,569.4249267578125,932.8953857421875,0.7311835289001465
208,3,537.3892822265625,1082.3951416015625,0.7882404327392578
208,4,494.675048828125,751.3600463867188,0.7237086296081543
208,5,505.3536071777344,932.8953857421875,0.669186532497406
208,6,505.3536071777344,1029.0023193359375,0.7223984003067017
208,7,562.3060302734375,679.2798461914062,0.7240417003631592
208,8,523.1511840820312,573.3842163085938,0.7530472278594971
208,9,492.00543212890625,543.1283569335938,0.4245052635669708
208,10,513.362548828125,516.4319458007812,0.5858861804008484
208,11,483.99652099609375,591.1818237304688,0.7428373098373413
208,12,441.2823181152344,676.6102294921875,0.8640166521072388
208,13,430.603759765625,762.0386352539062,0.869602620601654
208,14,612.1390991210938,591.1818237304688,0.7632571458816528
208,15,622.8176879882812,687.2887573242188,0.9248273968696594
208,16,622.8176879882812,783.3956909179688,0.8216635584831238
209,0,538.2555541992188,796.235595703125,0.7110815048217773
209,1,548.6766967773438,796.235595703125,0.7027053833007812
209,2,538.2555541992188,921.289306640625,0.6579573154449463
209,3,517.4132690429688,1077.6064453125,0.8027482032775879
209,4,527.8344116210938,796.235595703125,0.7194576859474182
209,5,538.2555541992188,931.71044921875,0.7775864005088806
209,6,538.2555541992188,1077.6064453125,0.8119410276412964
209,7,587.7559814453125,694.6294555664062,0.6895166039466858
209,8,559.0978393554688,594.7601928710938,0.6679517030715942
209,9,526.53173828125,557.8519287109375,0.5118966698646545
209,10,530.439697265625,494.0224609375,0.5736757516860962
209,11,579.9401245117188,598.23388671875,0.6826843619346619
209,12,590.3612670898438,681.60302734375,0.6349380016326904
209,13,621.6246948242188,785.814453125,0.631075382232666
209,14,590.3612670898438,587.812744140625,0.6532189846038818
209,15,611.2035522460938,681.60302734375,0.8813061714172363
209,16,454.88641357421875,775.393310546875,0.7287878394126892
210,0,523.9166259765625,784.1707763671875,0.740801215171814
210,1,549.5875244140625,794.4391479492188,0.7679863572120667
210,2,559.8558959960938,927.9279174804688,0.6829226613044739
210,3,518.782470703125,1071.68505859375,0.7963781952857971
210,4,498.2457275390625,773.9024658203125,0.7136160135269165
210,5,518.782470703125,927.9279174804688,0.7341946959495544
210,6,539.3191528320312,1071.68505859375,0.7480021119117737
210,7,568.412841796875,681.4871826171875,0.6804758906364441
210,8,556.43310546875,578.8035278320312,0.6201505661010742
210,9,532.9014892578125,555.69970703125,0.4483640789985657
210,10,536.7520751953125,517.193359375,0.5033771991729736
210,11,539.3191528320312,568.53515625,0.6027041673660278
210,12,467.4406433105469,650.6820678710938,0.6448478698730469
210,13,426.3671875,763.6340942382812,0.7218447327613831
210,14,611.19775390625,589.0718994140625,0.6375969052314758
210,15,611.19775390625,681.4871826171875,0.9051942825317383
210,16,621.466064453125,784.1708374023438,0.7048261165618896
211,0,529.506591796875,776.4681396484375,0.7707197070121765
211,1,560.1570434570312,791.7933959960938,0.7678975462913513
211,2,570.3738403320312,924.612060546875,0.6033318638801575
211,3,509.07293701171875,1077.8643798828125,0.9497902393341064
211,4,498.8561096191406,761.1429443359375,0.7735418677330017
211,5,539.723388671875,924.612060546875,0.799492597579956
211,6,539.723388671875,1077.8643798828125,0.9075304269790649
211,7,561.0084838867188,676.8541259765625,0.7127264142036438
211,8,566.96826171875,567.0233154296875,0.6547331213951111
211,9,556.3257446289062,538.9270629882812,0.45906034111976624
211,10,549.9402465820312,505.72235107421875,0.5786805152893066
211,11,539.723388671875,567.0233154296875,0.6478250622749329
211,12,427.33837890625,648.7579345703125,0.6810609698295593
211,13,427.33837890625,750.9261474609375,0.7950727343559265
211,14,611.2411499023438,587.4569702148438,0.6616411805152893
211,15,631.6748046875,679.4083862304688,0.8736112713813782
211,16,621.4579467773438,781.5765991210938,0.7580543160438538
212,0,530.089111328125,771.1571044921875,0.7595422267913818
212,1,560.7247314453125,781.3690185546875,0.7508319020271301
212,2,519.877197265625,944.7591552734375,0.6256377696990967
212,3,509.6653137207031,1077.513671875,0.8961937427520752
212,4,499.45343017578125,760.9452514648438,0.7682525515556335
212,5,540.3009643554688,924.3353881835938,0.7904494404792786
212,6,540.3009643554688,1087.7254638671875,0.8344965577125549
212,7,548.8106689453125,671.59130859375,0.6884874105453491
212,8,557.3207397460938,570.3234252929688,0.6174326539039612
212,9,553.0657958984375,545.21923828125,0.4833366870880127
212,10,540.3009033203125,505.64825439453125,0.5900453925132751
212,11,540.3009643554688,566.9194946289062,0.6239033341407776
212,12,458.60589599609375,648.6145629882812,0.6302924156188965
212,13,427.9702453613281,750.7333984375,0.5446063876152039
212,14,581.1484985351562,577.1314086914062,0.6109619736671448
212,15,632.2078857421875,679.2501831054688,0.8922631144523621
212,16,632.2078857421875,781.3690185546875,0.89673912525177
213,0,529.155029296875,772.5199584960938,0.8248104453086853
213,1,560.0549926757812,782.8199462890625,0.7924596071243286
213,2,570.35498046875,927.0199584960938,0.7326210141181946
213,3,518.85498046875,1091.8199462890625,0.8677176237106323
213,4,498.2550048828125,762.219970703125,0.857161283493042
213,5,487.9549865722656,916.719970703125,0.7440569400787354
213,6,529.1549682617188,1112.419921875,0.819388210773468
213,7,561.7716064453125,677.2449951171875,0.7677662372589111
213,8,542.8883056640625,573.3866577148438,0.7107219696044922
213,9,521.4299926757812,547.20751953125,0.5084357261657715
213,10,529.1549682617188,515.0198974609375,0.6262089014053345
213,11,498.2550048828125,587.1199951171875,0.7162754535675049
213,12,426.1549987792969,679.8199462890625,0.7952420711517334
213,13,405.55499267578125,762.219970703125,0.7844619750976562
213,14,621.85498046875,576.8200073242188,0.7051684856414795
213,15,642.4550170898438,659.219970703125,0.9519239068031311
213,16,632.1549682617188,762.219970703125,0.9427983164787292
214,0,522.4338989257812,781.719482421875,0.796474814414978
214,1,548.586669921875,792.1805419921875,0.7536172270774841
214,2,517.203369140625,949.0972290039062,0.7855280637741089
214,3,517.203369140625,1095.552734375,0.8754191994667053
214,4,496.2811279296875,771.2583618164062,0.8393324017524719
214,5,527.6644897460938,938.6361083984375,0.8502304553985596
214,6,538.1255493164062,1106.013916015625,0.8968684077262878
214,7,554.68896484375,682.3388671875,0.7307878732681274
214,8,545.0996704101562,572.4971923828125,0.6651009321212769
214,9,527.6644897460938,543.7291259765625,0.6061190366744995
214,10,522.4338989257812,509.73052978515625,0.6743446588516235
214,11,538.1255493164062,582.9583129882812,0.674292802810669
214,12,454.4366760253906,645.7250366210938,0.6057985424995422
214,13,423.0533447265625,750.3361206054688,0.6204690933227539
214,14,579.9700317382812,582.9583129882812,0.6559090614318848
214,15,642.7366943359375,666.647216796875,0.9126022458076477
214,16,621.814453125,760.7972412109375,0.8703163862228394
215,0,525.7776489257812,788.64501953125,0.8188868761062622
215,1,515.1929321289062,793.9373779296875,0.8353772759437561
215,2,504.60821533203125,952.7081909179688,0.918154239654541
215,3,504.60821533203125,1100.894287109375,0.9401954412460327
215,4,536.3623657226562,783.3526611328125,0.8023964762687683
215,5,536.3623657226562,952.7081909179688,0.9230453968048096
215,6,536.3623657226562,1100.894287109375,0.9656524062156677
215,7,558.413818359375,682.7977905273438,0.746558427810669
215,8,564.5882568359375,568.1299438476562,0.6742300391197205
215,9,553.5625,541.2271728515625,0.6670334935188293
215,10,541.6547241210938,508.14990234375,0.7456282377243042
215,11,568.1165161132812,571.658203125,0.6997196078300476
215,12,642.2095947265625,666.9207153320312,0.6969660520553589
215,13,631.6248779296875,772.7679443359375,0.7875949740409851
215,14,578.7012329101562,582.242919921875,0.6487404704093933
215,15,451.6846008300781,656.3359985351562,0.8038185834884644
215,16,451.6846008300781,762.1832275390625,0.6320799589157104
216,0,524.093017578125,775.1441650390625,0.8043147325515747
216,1,513.4191284179688,785.8180541992188,0.7836276292800903
216,2,502.74517822265625,967.2747192382812,0.8907557129859924
216,3,502.74517822265625,1106.03564453125,0.9132002592086792
216,4,534.7669677734375,764.47021484375,0.8250018954277039
216,5,534.7669677734375,956.6007690429688,0.9249808192253113
216,6,534.7669677734375,1106.03564453125,0.966086745262146
216,7,558.7832641601562,676.410400390625,0.740867018699646
216,8,545.44091796875,568.7816772460938,0.6774193048477173
216,9,525.4273071289062,541.6521606445312,0.6454604864120483
216,10,529.4299926757812,508.29620361328125,0.7261033654212952
216,11,545.4408569335938,572.3396606445312,0.6735300421714783
216,12,449.3756103515625,679.078857421875,0.6044997572898865
216,13,620.1583251953125,775.1441650390625,0.7110608816146851
216,14,577.462646484375,583.0136108398438,0.6813086271286011
216,15,449.3756103515625,668.4049682617188,0.7929295897483826
216,16,449.3756103515625,764.47021484375,0.631107747554779
217,0,537.4732055664062,778.3477172851562,0.7941392660140991
217,1,553.6104736328125,789.1058959960938,0.775562047958374
217,2,564.36865234375,961.2367553710938,0.7316297888755798
217,3,510.5777587890625,1101.093017578125,0.8312225341796875
217,4,521.3359375,767.5895385742188,0.812716543674469
217,5,521.3359375,961.2367553710938,0.8792380690574646
217,6,532.0941162109375,1111.851318359375,0.8861842751502991
217,7,564.3687133789062,678.8345947265625,0.7438404560089111
217,8,542.852294921875,570.3562622070312,0.6935416460037231
217,9,522.6807250976562,534.9439086914062,0.6386017799377441
217,10,521.3359375,487.87689208984375,0.7207320928573608
217,11,532.0941162109375,573.9423217773438,0.7012076377868652
217,12,435.2705078125,681.5241088867188,0.6922624111175537
217,13,402.9959716796875,778.3477172851562,0.6735250949859619
217,14,585.885009765625,584.7005004882812,0.6858755946159363
217,15,650.43408203125,670.7659301757812,0.8889833092689514
217,16,596.6431884765625,756.8313598632812,0.705201268196106
218,0,540.6412963867188,791.8812255859375,0.7863220572471619
218,1,551.538818359375,802.77880859375,0.7881503701210022
218,2,562.4363403320312,966.2417602539062,0.7307277321815491
218,3,507.9486999511719,1107.90966796875,0.8357000350952148
218,4,529.7437744140625,780.9837036132812,0.7844937443733215
218,5,529.7437744140625,966.2417602539062,0.8714468479156494
218,6,540.6412963867188,1107.90966796875,0.9304959177970886
218,7,560.6201171875,685.6303100585938,0.7456705570220947
218,8,537.0087890625,573.9306030273438,0.7050189971923828
218,9,518.8462524414062,542.6002197265625,0.6212936043739319
218,10,516.121826171875,497.64788818359375,0.737281084060669
218,11,529.7437744140625,573.9306030273438,0.6952823996543884
218,12,649.6165771484375,672.0084228515625,0.505980908870697
218,13,606.0264892578125,770.086181640625,0.6414571404457092
218,14,573.3338623046875,584.8281860351562,0.714755654335022
218,15,442.5635070800781,682.9059448242188,0.8058953285217285
218,16,442.5635070800781,780.9837036132812,0.6914300322532654
219,0,539.1295166015625,792.0707397460938,0.7905027866363525
219,1,550.1591186523438,797.5855712890625,0.7455223202705383
219,2,561.188720703125,952.0003662109375,0.766912043094635
219,3,539.1294555664062,1117.44482421875,0.8749892711639404
219,4,528.099853515625,786.555908203125,0.8354832530021667
219,5,517.0701904296875,952.0003662109375,0.8516756892204285
219,6,528.099853515625,1128.4744873046875,0.871307373046875
219,7,520.746826171875,690.046630859375,0.7219427824020386
219,8,524.4232788085938,580.6694946289062,0.6533827781677246
219,9,533.6146240234375,546.6614990234375,0.6246113181114197
219,10,519.82763671875,499.78558349609375,0.7150136232376099
219,11,528.099853515625,576.9929809570312,0.6594013571739197
219,12,649.42578125,687.2892456054688,0.5911830067634583
219,13,616.3368530273438,775.5263061523438,0.6947484016418457
219,14,506.04058837890625,599.05224609375,0.6473642587661743
219,15,439.86279296875,687.2892456054688,0.8644351363182068
219,16,439.86279296875,786.555908203125,0.7604197263717651
220,0,521.6099853515625,805.8799438476562,0.7812734842300415
220,1,493.6682434082031,817.056640625,0.7448577284812927
220,2,493.6682434082031,962.353759765625,0.8349157571792603
220,3,493.6682434082031,1130.004150390625,0.9057657718658447
220,4,549.5517578125,794.7032470703125,0.8176892399787903
220,5,527.1983642578125,962.353759765625,0.7737520337104797
220,6,538.3750610351562,1118.8275146484375,0.9516424536705017
220,7,545.8261108398438,694.1129760742188,0.7971154451370239
220,8,530.9238891601562,571.1693115234375,0.8129574060440063
220,9,514.6245727539062,540.4334106445312,0.7456116676330566
220,10,513.2274780273438,504.109130859375,0.7744582891464233
220,11,605.4352416992188,559.9926147460938,0.769652247428894
220,12,650.1420288085938,682.936279296875,0.9428749680519104
220,13,627.7886352539062,772.349853515625,0.9829587936401367
220,14,482.4915466308594,604.6994018554688,0.8562626242637634
220,15,415.4313659667969,682.936279296875,0.9607141017913818
220,16,404.2546691894531,783.5265502929688,0.9235429763793945
221,0,542.9935913085938,798.6217651367188,0.7466006278991699
221,1,548.6282348632812,798.6217651367188,0.7039964199066162
221,2,503.55108642578125,967.6611328125,0.730580747127533
221,3,537.3589477539062,1114.161865234375,0.7974959015846252
221,4,537.3589477539062,798.6217651367188,0.7892047762870789
221,5,526.0896606445312,956.3917846679688,0.7878270745277405
221,6,537.3589477539062,1114.161865234375,0.9052801728248596
221,7,530.7852783203125,691.5635375976562,0.7374430894851685
221,8,529.8460693359375,569.4794921875,0.728285551071167
221,9,534.5416259765625,542.2454223632812,0.646370530128479
221,10,523.2723388671875,516.8895263671875,0.7153674364089966
221,11,559.8975219726562,573.2359619140625,0.7534646987915039
221,12,650.0518188476562,685.9288330078125,0.8296201229095459
221,13,627.5132446289062,776.0831909179688,0.8948696851730347
221,14,492.28179931640625,595.7745361328125,0.7031064033508301
221,15,435.9353332519531,685.9288330078125,0.8628098368644714
221,16,435.9353332519531,787.3524780273438,0.8190731406211853
222,0,525.5928955078125,799.5704956054688,0.72348552942276
222,1,502.7212829589844,799.5704956054688,0.6857383847236633
222,2,491.2854919433594,959.6716918945312,0.7698470950126648
222,3,502.7212829589844,1142.64453125,0.8104814887046814
222,4,548.4644775390625,799.5704956054688,0.7612326741218567
222,5,525.5928955078125,959.6716918945312,0.7637736797332764
222,6,525.5928955078125,1131.208740234375,0.8584398627281189
222,7,532.2638549804688,693.789306640625,0.7666001319885254
222,8,510.34515380859375,582.2902221679688,0.8097147345542908
222,9,498.432861328125,549.4122924804688,0.7722753286361694
222,10,505.5802307128906,502.2396240234375,0.7966945171356201
222,11,571.3361206054688,570.8544311523438,0.7926799058914185
222,12,651.38671875,685.2124633789062,0.9650623202323914
222,13,628.51513671875,788.1346435546875,0.9703612327575684
222,14,468.41387939453125,605.1618041992188,0.8267495632171631
222,15,434.1064758300781,685.2124633789062,0.8663728833198547
222,16,422.6706848144531,788.1346435546875,0.8439907431602478
223,0,528.6796875,795.1458129882812,0.6948469281196594
223,1,546.0942993164062,800.95068359375,0.6578527092933655
223,2,569.3137817382812,951.8770751953125,0.7572415471076965
223,3,534.484619140625,1114.4132080078125,0.7634116411209106
223,4,511.26513671875,789.3409423828125,0.7318411469459534
223,5,511.26513671875,963.4867553710938,0.7730991244316101
223,6,511.26513671875,1149.2423095703125,0.821471631526947
223,7,533.5171508789062,693.560791015625,0.6913571357727051
223,8,515.1350708007812,572.6261596679688,0.687867283821106
223,9,505.4602966308594,539.73193359375,0.6587164402008057
223,10,505.46026611328125,510.70758056640625,0.6916627883911133
223,11,557.7040405273438,580.365966796875,0.7068027257919312
223,12,615.7526245117188,684.8534545898438,0.6938353180885315
223,13,627.3623657226562,789.3409423828125,0.7886645793914795
223,14,488.04571533203125,603.5853881835938,0.668931782245636
223,15,592.533203125,684.8534545898438,0.7160983681678772
223,16,429.9971008300781,800.95068359375,0.6007236838340759
224,0,528.1251220703125,796.049560546875,0.6395837664604187
224,1,545.787841796875,801.9371337890625,0.6186187863349915
224,2,569.3381958007812,943.2389526367188,0.7445051074028015
224,3,534.0126953125,1108.0911865234375,0.6939603686332703
224,4,510.46240234375,790.1619873046875,0.660548746585846
224,5,510.46240234375,955.0140991210938,0.7120106220245361
224,6,510.46240234375,1155.1917724609375,0.8248499631881714
224,7,541.86279296875,693.0169677734375,0.6542099714279175
224,8,514.387451171875,574.2841186523438,0.6688361167907715
224,9,497.21533203125,536.99609375,0.6522351503372192
224,10,498.6872253417969,495.7830810546875,0.7294520139694214
224,11,557.56298828125,578.2091674804688,0.691545307636261
224,12,604.6636352539062,707.7359008789062,0.5743839144706726
224,13,628.2139282226562,790.1619873046875,0.6589406728744507
224,14,498.687255859375,601.7594604492188,0.6461268663406372
224,15,592.8884887695312,684.185546875,0.6896281242370605
224,16,628.2139282226562,790.1619873046875,0.6349489688873291
225,0,509.0002136230469,800.1002197265625,0.6755335330963135
225,1,532.8992919921875,812.0498046875,0.6751334071159363
225,2,568.7478637695312,955.4442138671875,0.7043537497520447
225,3,532.8992919921875,1134.687255859375,0.8365063667297363
225,4,485.10113525390625,788.1506958007812,0.6759337186813354
225,5,497.0506591796875,967.3937377929688,0.7169713973999023
225,6,509.0002136230469,1146.6368408203125,0.8335396647453308
225,7,547.8363037109375,689.5670166015625,0.7110933661460876
225,8,497.0506896972656,569.0758666992188,0.7466531991958618
225,9,459.7083740234375,529.741943359375,0.5106863975524902
225,10,470.1642150878906,477.4627685546875,0.6821805238723755
225,11,473.151611328125,585.0086059570312,0.6554557681083679
225,12,437.302978515625,680.6048583984375,0.6355218291282654
225,13,425.35345458984375,800.1002197265625,0.6160112023353577
225,14,580.6974487304688,573.0590209960938,0.8378506898880005
225,15,628.4955444335938,668.6553344726562,0.9488071799278259
225,16,640.4451293945312,776.201171875,0.9077997207641602
226,0,521.1107788085938,795.6768798828125,0.5380333662033081
226,1,533.2123413085938,813.8292236328125,0.5547718405723572
226,2,569.5169677734375,898.5400390625,0.6290398836135864
226,3,533.2123413085938,1116.3677978515625,0.6364607810974121
226,4,509.00921630859375,777.5245971679688,0.521294891834259
226,5,509.00921630859375,959.0477294921875,0.6430115103721619
226,6,521.1107788085938,1152.6724853515625,0.6650167107582092
226,7,558.4238891601562,680.7122802734375,0.5469978451728821
226,8,529.178466796875,523.3922119140625,0.555962324142456
226,9,501.4457702636719,506.7525939941406,0.4753718078136444
226,10,490.85693359375,535.4937744140625,0.5001806020736694
226,11,521.1107788085938,559.6968383789062,0.5881450772285461
226,12,436.39996337890625,692.8137817382812,0.5242560505867004
226,13,424.2984313964844,789.6261596679688,0.5946221351623535
226,14,581.6184692382812,571.7984008789062,0.523779571056366
226,15,630.024658203125,668.6107177734375,0.8020449876785278
226,16,642.126220703125,777.5245971679688,0.7842518091201782
227,0,546.4370727539062,799.3123779296875,0.5393253564834595
227,1,583.3935546875,817.7905883789062,0.5160053372383118
227,2,571.07470703125,891.7035522460938,0.7101772427558899
227,3,534.1182861328125,1125.76123046875,0.6326887607574463
227,4,509.4805908203125,780.8341064453125,0.5626453757286072
227,5,521.7994384765625,904.0223999023438,0.6304842233657837
227,6,521.7994384765625,1138.080078125,0.5868671536445618
227,7,572.1013793945312,682.2835083007812,0.5487468242645264
227,8,530.011962890625,518.032470703125,0.558168351650238
227,9,501.7813415527344,505.2003479003906,0.46091407537460327
227,10,518.7197265625,546.7763671875,0.456429123878479
227,11,521.7994384765625,559.09521484375,0.66037917137146
227,12,571.07470703125,645.3270263671875,0.5432764291763306
227,13,423.2488098144531,793.1529541015625,0.5995479226112366
227,14,583.3935546875,571.4140625,0.4559575319290161
227,15,595.71240234375,657.6458740234375,0.826736569404602
227,16,644.9876708984375,780.8341064453125,0.8165546655654907
228,0,534.5408325195312,807.494140625,0.6678630113601685
228,1,584.2630615234375,819.9247436523438,0.6515480279922485
228,2,571.83251953125,944.2302856445312,0.7238121032714844
228,3,546.971435546875,1130.6885986328125,0.8366312384605408
228,4,484.8186340332031,795.0635986328125,0.6841779351234436
228,5,459.95751953125,956.6608276367188,0.76349937915802
228,6,509.67974853515625,1155.5496826171875,0.7551618218421936
228,7,566.653076171875,686.2962646484375,0.6397315859794617
228,8,530.3973388671875,521.5913696289062,0.6116001605987549
228,9,501.91064453125,504.4993896484375,0.45313015580177307
228,10,512.787353515625,534.02197265625,0.4925384223461151
228,11,509.67974853515625,558.883056640625,0.6915999054908752
228,12,422.6658630371094,695.6192016601562,0.6832858920097351
228,13,422.6658630371094,795.0635986328125,0.7874593138694763
228,14,596.693603515625,571.3135986328125,0.5316004157066345
228,15,633.9852905273438,658.3275146484375,0.9359748363494873
228,16,646.4158325195312,782.633056640625,0.9166736602783203
229,0,527.3657836914062,798.3455200195312,0.7167998552322388
229,1,546.2294311523438,798.3455200195312,0.7160499691963196
229,2,558.80517578125,961.83056640625,0.7473896145820618
229,3,533.6536254882812,1150.4671630859375,0.8528450131416321
229,4,508.5021057128906,798.3455200195312,0.717549741268158
229,5,458.1990051269531,974.4063110351562,0.7755213975906372
229,6,521.077880859375,1175.61865234375,0.863917350769043
229,7,548.3253784179688,678.8756713867188,0.6965204477310181
229,8,525.269775390625,530.0624389648438,0.6762409806251526
229,9,506.93011474609375,502.8149108886719,0.6554782390594482
229,10,511.64605712890625,496.5270080566406,0.6806603670120239
229,11,508.5021057128906,546.8301391601562,0.6970091462135315
229,12,420.4717102050781,660.0120849609375,0.6036726236343384
229,13,420.4717102050781,773.1940307617188,0.6284176707267761
229,14,571.3809204101562,571.981689453125,0.6554728150367737
229,15,583.9567260742188,660.0120849609375,0.8217262029647827
229,16,420.4717102050781,773.1940307617188,0.7739726305007935
230,0,533.6046142578125,814.1904296875,0.7299598455429077
230,1,546.34765625,826.9334716796875,0.7091276049613953
230,2,546.34765625,967.1070556640625,0.766916036605835
230,3,533.6045532226562,1170.9959716796875,0.8929934501647949
230,4,520.8615112304688,801.4473266601562,0.7507920861244202
230,5,482.6323547363281,979.8501586914062,0.752906322479248
230,6,520.8615112304688,1183.739013671875,0.8716523051261902
230,7,530.4187622070312,683.5740966796875,0.6941927671432495
230,8,508.11846923828125,538.0908813476562,0.6584256887435913
230,9,500.154052734375,509.949951171875,0.6693709492683411
230,10,511.30419921875,482.8709716796875,0.6624919176101685
230,11,533.6045532226562,533.8432006835938,0.7040085196495056
230,12,584.5767822265625,661.2737426757812,0.6128445267677307
230,13,610.0629272460938,801.4473266601562,0.5170852541923523
230,14,495.3753967285156,572.0723266601562,0.6128427982330322
230,15,418.9170837402344,648.5307006835938,0.7875503301620483
230,16,418.9170837402344,763.2182006835938,0.7620265483856201
231,0,509.02557373046875,811.0624389648438,0.7404297590255737
231,1,547.7218627929688,830.4105834960938,0.722076952457428
231,2,547.7218627929688,972.2969970703125,0.8126104474067688
231,3,534.8231201171875,1178.67724609375,0.9314029812812805
231,4,470.32928466796875,791.7142944335938,0.7587825059890747
231,5,444.5317687988281,972.2969970703125,0.7928178310394287
231,6,509.0256042480469,1178.67724609375,0.8477322459220886
231,7,529.44873046875,688.524169921875,0.7060426473617554
231,8,517.6248168945312,542.338134765625,0.671655535697937
231,9,504.1885681152344,512.7785034179688,0.6076587438583374
231,10,518.6996459960938,495.0426940917969,0.6731613874435425
231,11,470.32928466796875,559.5364990234375,0.7016193270683289
231,12,392.93670654296875,662.7266235351562,0.7413045763969421
231,13,392.93670654296875,765.916748046875,0.8141992688179016
231,14,586.418212890625,572.435302734375,0.6416918039321899
231,15,638.0132446289062,675.6254272460938,0.9318183660507202
231,16,638.0132446289062,791.7142944335938,0.9795328974723816
232,0,530.1947021484375,823.3054809570312,0.7550092339515686
232,1,549.7692260742188,836.3551635742188,0.7357802391052246
232,2,549.7692260742188,992.9514770507812,0.830014705657959
232,3,536.7195434570312,1188.69677734375,0.9167436361312866
232,4,510.62017822265625,810.2557983398438,0.7742382287979126
232,5,458.4214172363281,992.9514770507812,0.7782276272773743
232,6,510.62017822265625,1188.69677734375,0.8390684127807617
232,7,541.0694580078125,689.546142578125,0.7079797983169556
232,8,519.3199462890625,540.5621948242188,0.6609504222869873
232,9,505.7265625,511.7441101074219,0.6373007893562317
232,10,520.4074096679688,484.0134582519531,0.7298123240470886
232,11,497.57049560546875,536.2122802734375,0.6671671867370605
232,12,406.22265625,666.7091674804688,0.6884019374847412
232,13,406.22265625,771.106689453125,0.7530947923660278
232,14,562.8189086914062,575.361328125,0.6547337174415588
232,15,601.968017578125,666.7091674804688,0.8318459391593933
232,16,641.1170654296875,797.2061157226562,0.7894153594970703
233,0,524.879638671875,814.4519653320312,0.7828025817871094
233,1,538.1288452148438,814.4519653320312,0.785110354423523
233,2,551.3780517578125,999.9411010742188,0.7864070534706116
233,3,538.1288452148438,1185.4302978515625,0.8988296985626221
233,4,511.6304016113281,814.4519653320312,0.780494749546051
233,5,524.879638671875,1013.1903686523438,0.8462489247322083
233,6,524.879638671875,1185.4302978515625,0.90782630443573
233,7,517.1508178710938,698.5211791992188,0.7274811267852783
233,8,502.7975769042969,558.3001708984375,0.6721596717834473
233,9,500.0373229980469,518.00048828125,0.6440126895904541
233,10,521.5673217773438,483.2212829589844,0.7198013663291931
233,11,524.879638671875,575.9658203125,0.6342549324035645
233,12,617.6242065429688,708.4581298828125,0.7809658050537109
233,13,630.8734130859375,801.2026977539062,0.7408141493797302
233,14,485.1319274902344,589.215087890625,0.7100644111633301
233,15,418.88580322265625,681.9596557617188,0.7310067415237427
233,16,418.88580322265625,748.205810546875,0.8592517971992493
234,0,526.6986083984375,813.8871459960938,0.7539595365524292
234,1,540.1657104492188,813.8871459960938,0.7376445531845093
234,2,553.6328735351562,1002.427001953125,0.8067822456359863
234,3,540.1657104492188,1204.4339599609375,0.8287519216537476
234,4,513.2314453125,813.8871459960938,0.7702745795249939
234,5,526.6986083984375,1015.8941040039062,0.8146097660064697
234,6,526.6986083984375,1190.966796875,0.848312497138977
234,7,524.4540405273438,685.949462890625,0.7312695980072021
234,8,508.7424011230469,540.0555419921875,0.7085795998573303
234,9,503.131103515625,507.5099792480469,0.6274104714393616
234,10,509.86468505859375,477.2089538574219,0.7045128345489502
234,11,540.1657104492188,531.0774536132812,0.6827343106269836
234,12,594.0342407226562,665.748779296875,0.7006103992462158
234,13,620.968505859375,800.4200439453125,0.6413419842720032
234,14,486.2972106933594,584.9459838867188,0.734424889087677
234,15,418.9615478515625,679.2158813476562,0.8529298901557922
234,16,418.9615478515625,746.551513671875,0.8115977048873901
235,0,526.88671875,837.4215087890625,0.7826753854751587
235,1,540.5701904296875,844.2632446289062,0.7809346914291382
235,2,499.5197448730469,1008.465087890625,0.8054395914077759
235,3,499.5197448730469,1213.7174072265625,0.863610029220581
235,4,513.2032470703125,830.5797729492188,0.784416139125824
235,5,526.88671875,1035.83203125,0.9181462526321411
235,6,526.88671875,1213.7174072265625,0.9140388369560242
235,7,494.9586181640625,707.4283447265625,0.740922212600708
235,8,517.764404296875,570.5934448242188,0.6991689801216125
235,9,540.5702514648438,531.25341796875,0.7343624830245972
235,10,530.3076171875,474.80908203125,0.7778494358062744
235,11,513.2032470703125,570.5934448242188,0.6472905278205872
235,12,595.30419921875,707.4283447265625,0.739173948764801
235,13,622.671142578125,816.896240234375,0.6238928437232971
235,14,485.8362731933594,584.2769775390625,0.7510474324226379
235,15,417.4188232421875,693.744873046875,0.8306867480278015
235,16,417.4188232421875,789.529296875,0.8547505736351013
236,0,513.1102294921875,836.2056884765625,0.7926977872848511
236,1,499.210693359375,836.2056884765625,0.7568573355674744
236,2,499.210693359375,1003.0001220703125,0.7239264249801636
236,3,499.210693359375,1211.4931640625,0.7997978329658508
236,4,527.009765625,836.2056884765625,0.8285382390022278
236,5,527.009765625,1030.7991943359375,0.8439938426017761
236,6,540.9093017578125,1225.3927001953125,0.8313034176826477
236,7,487.62774658203125,707.635009765625,0.7509187459945679
236,8,517.743408203125,586.0140380859375,0.7091397643089294
236,9,540.9093017578125,542.5780029296875,0.8115172386169434
236,10,533.9595336914062,460.91815185546875,0.8033100366592407
236,11,527.009765625,572.114501953125,0.6706244945526123
236,12,596.5074462890625,711.10986328125,0.7148070335388184
236,13,624.3065185546875,822.30615234375,0.6278743743896484
236,14,471.41162109375,586.0140380859375,0.7476550340652466
236,15,415.8134765625,683.310791015625,0.8779903650283813
236,16,415.8134765625,794.507080078125,0.8572226166725159
237,0,513.5213012695312,841.408935546875,0.8004763126373291
237,1,555.843505859375,855.5162963867188,0.7818782925605774
237,2,555.843505859375,1010.6978149414062,0.7617590427398682
237,3,541.7361450195312,1236.416259765625,0.8426898717880249
237,4,471.1990966796875,827.301513671875,0.8190743923187256
237,5,513.5213012695312,1038.91259765625,0.7253898978233337
237,6,513.5213012695312,1165.8792724609375,0.6861233115196228
237,7,515.8724975585938,710.9154052734375,0.7678599953651428
237,8,532.3311767578125,563.9632568359375,0.7352436780929565
237,9,538.2092895507812,522.2288208007812,0.5709981322288513
237,10,527.6287231445312,474.61627197265625,0.7239166498184204
237,11,471.1990966796875,573.3681640625,0.685351550579071
237,12,400.66204833984375,672.1199951171875,0.6989355087280273
237,13,414.76947021484375,799.086669921875,0.711472749710083
237,14,584.058349609375,587.4755859375,0.7851358652114868
237,15,640.4879760742188,714.4421997070312,0.9595382809638977
237,16,640.4879760742188,813.194091796875,0.8850906491279602
238,0,532.337890625,821.81787109375,0.7016095519065857
238,1,532.337890625,821.81787109375,0.7448156476020813
238,2,532.337890625,925.3043212890625,0.708639919757843
238,3,532.337890625,1054.662353515625,0.5288307666778564
238,4,532.337890625,821.81787109375,0.6584034562110901
238,5,545.273681640625,938.2401123046875,0.6586194634437561
238,6,532.337890625,1054.662353515625,0.7888731360435486
238,7,547.4296875,737.7351684570312,0.515137255191803
238,8,497.8424377441406,696.7717895507812,0.32866495847702026
238,9,470.892822265625,731.2672729492188,0.4253338575363159
238,10,470.8928527832031,731.2672729492188,0.3512542247772217
238,11,545.273681640625,679.5240478515625,0.3239181935787201
238,12,558.20947265625,783.010498046875,0.4546831250190735
238,13,584.0811157226562,757.1388549804688,0.48437026143074036
238,14,493.5304870605469,627.7808227539062,0.33341172337532043
238,15,493.5304870605469,783.010498046875,0.519584596157074
238,16,493.5304870605469,731.2672729492188,0.40045788884162903
239,0,529.239990234375,798.7100219726562,0.7745850086212158
239,1,547.3497314453125,804.74658203125,0.791837215423584
239,2,547.3497314453125,937.5512084960938,0.8131336569786072
239,3,535.2765502929688,1058.28271484375,0.6452999114990234
239,4,511.1302795410156,792.6734619140625,0.7573328018188477
239,5,511.1302795410156,961.697509765625,0.8259456157684326
239,6,535.2765502929688,1070.3558349609375,0.8553211092948914
239,7,529.2400512695312,702.1248779296875,0.6288998126983643
239,8,511.1302795410156,611.5762329101562,0.4832146167755127
239,9,503.5845642089844,582.9024658203125,0.3777122497558594
239,10,514.1485595703125,527.0641479492188,0.4374368190765381
239,11,499.05712890625,623.6493530273438,0.5283975601196289
239,12,462.8376770019531,696.0882568359375,0.6234613060951233
239,13,462.8376770019531,768.5271606445312,0.7104579210281372
239,14,535.2765502929688,587.429931640625,0.43803170323371887
239,15,595.642333984375,671.9419555664062,0.6797681450843811
239,16,535.2765502929688,792.6734619140625,0.6565660834312439
