frame,joint_id,joint_name,x,y,z
0,0,Pelvis,0.0,0.0,0.0
0,1,Spine,0.006042722146958113,-0.15131929516792297,-0.055877648293972015
0,2,Thorax,0.06802521646022797,-0.3608604073524475,-0.021845480427145958
0,3,Head,0.06594674289226532,-0.47968655824661255,-0.22125613689422607
0,4,LShoulder,-0.02958563342690468,-0.32683464884757996,-0.15319131314754486
0,5,LElbow,-0.15578943490982056,-0.19393129646778107,-0.18365035951137543
0,6,LWrist,-0.13946008682250977,-0.0004055015742778778,-0.12122130393981934
0,7,RShoulder,0.13563814759254456,-0.312558114528656,-0.1703212410211563
0,8,RElbow,0.17063798010349274,-0.159030944108963,-0.23791877925395966
0,9,RWrist,0.10152080655097961,0.030285507440567017,-0.22883057594299316
0,10,LHip,-0.04852944239974022,0.014978867955505848,-0.08722361922264099
0,11,LKnee,0.008961794897913933,0.2883966565132141,0.03949657082557678
0,12,LAnkle,0.002351989969611168,0.5701760649681091,0.02796868234872818
0,13,RHip,0.03127427399158478,0.03190987557172775,0.08230263739824295
0,14,RKnee,0.043976642191410065,0.2997816205024719,0.23251861333847046
0,15,RAnkle,-0.022746048867702484,0.5551255345344543,0.34321728348731995
1,0,Pelvis,0.0,0.0,0.0
1,1,Spine,0.04247737675905228,-0.15239155292510986,-0.051777612417936325
1,2,Thorax,0.046711795032024384,-0.3791518807411194,-0.024486733600497246
1,3,Head,0.028067588806152344,-0.48646581172943115,-0.22762304544448853
1,4,LShoulder,0.011197300627827644,-0.3448055386543274,-0.17274627089500427
1,5,LElbow,-0.08755839616060257,-0.19839945435523987,-0.26156699657440186
1,6,LWrist,-0.028477920219302177,0.013285500928759575,-0.22410625219345093
1,7,RShoulder,0.10532134771347046,-0.3236825466156006,-0.16910910606384277
1,8,RElbow,0.05789388343691826,-0.1858086884021759,-0.27360332012176514
1,9,RWrist,-0.09142045676708221,-0.010083289816975594,-0.2889478802680969
1,10,LHip,-0.0373605340719223,0.021254930645227432,-0.1205948144197464
1,11,LKnee,0.01285429485142231,0.29250800609588623,0.02992197871208191
1,12,LAnkle,0.008499814197421074,0.5838437080383301,0.01941266655921936
1,13,RHip,0.015865996479988098,0.029814820736646652,0.09413202852010727
1,14,RKnee,0.02546199969947338,0.3011716604232788,0.24503162503242493
1,15,RAnkle,-0.030183568596839905,0.5585168600082397,0.3605744242668152
2,0,Pelvis,0.0,0.0,0.0
2,1,Spine,0.04675054922699928,-0.1532229781150818,-0.05042710155248642
2,2,Thorax,0.037515778094530106,-0.38289257884025574,-0.023476526141166687
2,3,Head,0.019709467887878418,-0.48837611079216003,-0.22622205317020416
2,4,LShoulder,-0.019432922825217247,-0.33976268768310547,-0.16546089947223663
2,5,LElbow,-0.13463881611824036,-0.18972104787826538,-0.22188757359981537
2,6,LWrist,-0.03849995136260986,0.010644862428307533,-0.14998364448547363
2,7,RShoulder,0.11365759372711182,-0.3201674818992615,-0.1656833440065384
2,8,RElbow,0.11606289446353912,-0.1622614860534668,-0.246944397687912
2,9,RWrist,-0.030025295913219452,0.012234507128596306,-0.25501134991645813
2,10,LHip,-0.03938644006848335,0.020594242960214615,-0.11875784397125244
2,11,LKnee,0.00822280254215002,0.29161158204078674,0.03310144692659378
2,12,LAnkle,0.00503492308780551,0.5806469917297363,0.025716513395309448
2,13,RHip,0.014088073745369911,0.029266241937875748,0.09421920776367188
2,14,RKnee,0.022185921669006348,0.299968421459198,0.2456216812133789
2,15,RAnkle,-0.03692879155278206,0.5599324703216553,0.3617463707923889
3,0,Pelvis,0.0,0.0,0.0
3,1,Spine,0.05086854100227356,-0.1547648161649704,-0.050412021577358246
3,2,Thorax,0.030776623636484146,-0.3874327540397644,-0.026799453422427177
3,3,Head,0.008657052181661129,-0.4934563934803009,-0.23295101523399353
3,4,LShoulder,0.0037500597536563873,-0.3515929877758026,-0.17277857661247253
3,5,LElbow,-0.12271225452423096,-0.20358189940452576,-0.24886548519134521
3,6,LWrist,-0.0027121342718601227,0.013157077133655548,-0.2072303593158722
3,7,RShoulder,0.09344176948070526,-0.325366735458374,-0.16865207254886627
3,8,RElbow,0.03630683571100235,-0.1799645721912384,-0.2551474869251251
3,9,RWrist,-0.07253537327051163,-0.0021628597751259804,-0.2645201086997986
3,10,LHip,-0.03302275016903877,0.02279689908027649,-0.13013452291488647
3,11,LKnee,0.007110270671546459,0.2945437431335449,0.026182591915130615
3,12,LAnkle,0.005146839190274477,0.5888476371765137,0.022322215139865875
3,13,RHip,0.009431630373001099,0.02808448299765587,0.09697364270687103
3,14,RKnee,0.015572000294923782,0.3011202812194824,0.24816498160362244
3,15,RAnkle,-0.041755180805921555,0.5633798241615295,0.36392271518707275
4,0,Pelvis,0.0,0.0,0.0
4,1,Spine,0.04823288321495056,-0.1560192108154297,-0.051717642694711685
4,2,Thorax,0.021699639037251472,-0.38799232244491577,-0.026032665744423866
4,3,Head,0.002007275354117155,-0.49171605706214905,-0.2294345200061798
4,4,LShoulder,-0.010441787540912628,-0.3519498109817505,-0.1745847910642624
4,5,LElbow,-0.10883792489767075,-0.19434930384159088,-0.25328728556632996
4,6,LWrist,-0.016243189573287964,0.01323413010686636,-0.19723953306674957
4,7,RShoulder,0.09080147743225098,-0.3269166350364685,-0.16828906536102295
4,8,RElbow,0.040800683200359344,-0.17891287803649902,-0.25056734681129456
4,9,RWrist,-0.062034547328948975,0.004389584995806217,-0.2671525478363037
4,10,LHip,-0.039629969745874405,0.023504924029111862,-0.12880922853946686
4,11,LKnee,-0.000662732869386673,0.2987360656261444,0.025469444692134857
4,12,LAnkle,-0.0008292077109217644,0.5937374830245972,0.021948903799057007
4,13,RHip,0.013869074173271656,0.027172908186912537,0.09436862915754318
4,14,RKnee,0.01806517317891121,0.3008387088775635,0.2440192848443985
4,15,RAnkle,-0.05213490128517151,0.5678608417510986,0.3566758632659912
5,0,Pelvis,0.0,0.0,0.0
5,1,Spine,0.046173080801963806,-0.15699684619903564,-0.05290791392326355
5,2,Thorax,0.02379072830080986,-0.38486307859420776,-0.02591335028409958
5,3,Head,0.0029003163799643517,-0.49996596574783325,-0.24061483144760132
5,4,LShoulder,0.02056909166276455,-0.36227282881736755,-0.18047650158405304
5,5,LElbow,-0.08693300187587738,-0.20740681886672974,-0.27317747473716736
5,6,LWrist,0.032943956553936005,0.01564868912100792,-0.24756261706352234
5,7,RShoulder,0.06261767446994781,-0.3254847228527069,-0.17173832654953003
5,8,RElbow,-0.020796537399291992,-0.19765198230743408,-0.2607495188713074
5,9,RWrist,-0.1390189230442047,-0.01905713975429535,-0.2767779231071472
5,10,LHip,-0.03607429936528206,0.02211349830031395,-0.1383616030216217
5,11,LKnee,0.0013597272336483002,0.30114519596099854,0.01569448411464691
5,12,LAnkle,0.002274269238114357,0.6020286083221436,0.018277443945407867
5,13,RHip,0.012666651979088783,0.03004366159439087,0.09792996197938919
5,14,RKnee,0.015391100198030472,0.3057389259338379,0.24131760001182556
5,15,RAnkle,-0.05022456869482994,0.5729516744613647,0.34908515214920044
6,0,Pelvis,0.0,0.0,0.0
6,1,Spine,0.04115819185972214,-0.1577548086643219,-0.056070029735565186
6,2,Thorax,0.01614462584257126,-0.38412341475486755,-0.022742269560694695
6,3,Head,0.0009739547967910767,-0.48127877712249756,-0.2245682328939438
6,4,LShoulder,-0.01973525620996952,-0.3522469997406006,-0.17404665052890778
6,5,LElbow,-0.1490728110074997,-0.2028055638074875,-0.23843097686767578
6,6,LWrist,-0.03829171508550644,0.02233075723052025,-0.1857319474220276
6,7,RShoulder,0.08589764684438705,-0.32397523522377014,-0.16612054407596588
6,8,RElbow,0.05482923239469528,-0.17862653732299805,-0.24468103051185608
6,9,RWrist,-0.030114049091935158,0.007368750870227814,-0.2632487118244171
6,10,LHip,-0.052014999091625214,0.021640289574861526,-0.12989793717861176
6,11,LKnee,-0.012554610148072243,0.3065418004989624,0.019156157970428467
6,12,LAnkle,-0.0080595463514328,0.6095285415649414,0.023678436875343323
6,13,RHip,0.023167628794908524,0.02823454514145851,0.09071578085422516
6,14,RKnee,0.02346673607826233,0.30829721689224243,0.232391357421875
6,15,RAnkle,-0.06203504651784897,0.5812131762504578,0.32900112867355347
7,0,Pelvis,0.0,0.0,0.0
7,1,Spine,0.039495084434747696,-0.15815117955207825,-0.05752156674861908
7,2,Thorax,0.012260175310075283,-0.38211244344711304,-0.024788955226540565
7,3,Head,-0.005819716956466436,-0.48280051350593567,-0.23378470540046692
7,4,LShoulder,0.008124047890305519,-0.3603208661079407,-0.1863705813884735
7,5,LElbow,-0.08483130484819412,-0.20501387119293213,-0.2836719751358032
7,6,LWrist,0.0025350674986839294,0.028435511514544487,-0.2470371425151825
7,7,RShoulder,0.05297955870628357,-0.32467034459114075,-0.16876129806041718
7,8,RElbow,-0.009186379611492157,-0.18944230675697327,-0.2531360387802124
7,9,RWrist,-0.0967472493648529,-0.0166231207549572,-0.28452470898628235
7,10,LHip,-0.053108491003513336,0.021900422871112823,-0.14249572157859802
7,11,LKnee,-0.020332202315330505,0.3152444362640381,0.006474971771240234
7,12,LAnkle,-0.012914815917611122,0.6192458868026733,0.014323733747005463
7,13,RHip,0.025485683232545853,0.027622804045677185,0.08929295837879181
7,14,RKnee,0.024272575974464417,0.3148288130760193,0.22321540117263794
7,15,RAnkle,-0.06673865020275116,0.592742383480072,0.3065936267375946
8,0,Pelvis,0.0,0.0,0.0
8,1,Spine,0.03877685219049454,-0.15876205265522003,-0.060693494975566864
8,2,Thorax,0.0058259679935872555,-0.37872496247291565,-0.02561565488576889
8,3,Head,-0.00914676021784544,-0.4825477600097656,-0.24013088643550873
8,4,LShoulder,0.005700309760868549,-0.3555654287338257,-0.18782174587249756
8,5,LElbow,-0.10484146326780319,-0.2093273103237152,-0.2748706340789795
8,6,LWrist,-0.0021498985588550568,0.031886305660009384,-0.23239444196224213
8,7,RShoulder,0.03986673429608345,-0.3181774616241455,-0.17631688714027405
8,8,RElbow,-0.02380720153450966,-0.18488028645515442,-0.24995648860931396
8,9,RWrist,-0.08927309513092041,-0.008957955986261368,-0.27644580602645874
8,10,LHip,-0.05514828488230705,0.020435262471437454,-0.14395549893379211
8,11,LKnee,-0.026721764355897903,0.32120832800865173,-0.007441174238920212
8,12,LAnkle,-0.011963032186031342,0.6268083453178406,0.0036774277687072754
8,13,RHip,0.028192847967147827,0.027549706399440765,0.0885360911488533
8,14,RKnee,0.031874995678663254,0.3182106912136078,0.21847236156463623
8,15,RAnkle,-0.0625666156411171,0.6078387498855591,0.28992486000061035
9,0,Pelvis,0.0,0.0,0.0
9,1,Spine,0.04379096254706383,-0.15716612339019775,-0.059202685952186584
9,2,Thorax,0.015138880349695683,-0.3693021535873413,-0.01899980939924717
9,3,Head,0.006847779732197523,-0.46546730399131775,-0.22165748476982117
9,4,LShoulder,-0.02064129151403904,-0.341045618057251,-0.18248941004276276
9,5,LElbow,-0.16337525844573975,-0.19923444092273712,-0.24410948157310486
9,6,LWrist,-0.05186305195093155,0.040387339890003204,-0.19698043167591095
9,7,RShoulder,0.08617274463176727,-0.3187117278575897,-0.16829629242420197
9,8,RElbow,0.12248417735099792,-0.17640812695026398,-0.245996356010437
9,9,RWrist,0.027773559093475342,0.00403363723307848,-0.2584094703197479
9,10,LHip,-0.06779561936855316,0.019658774137496948,-0.14645780622959137
9,11,LKnee,-0.04448220133781433,0.32829272747039795,-0.022452011704444885
9,12,LAnkle,-0.013619947247207165,0.635191023349762,-0.012857384979724884
9,13,RHip,0.034500960260629654,0.02942526340484619,0.08479264378547668
9,14,RKnee,0.03880225494503975,0.3279561400413513,0.21183951199054718
9,15,RAnkle,-0.05309078097343445,0.6278802156448364,0.2665936350822449
10,0,Pelvis,0.0,0.0,0.0
10,1,Spine,0.045004501938819885,-0.1572154313325882,-0.06211661174893379
10,2,Thorax,0.012177319265902042,-0.36826151609420776,-0.020961588248610497
10,3,Head,0.003199573140591383,-0.4629807770252228,-0.224098801612854
10,4,LShoulder,-0.0025450908578932285,-0.34406599402427673,-0.1849469244480133
10,5,LElbow,-0.13880686461925507,-0.2026357352733612,-0.2407006025314331
10,6,LWrist,-0.026073914021253586,0.03679143264889717,-0.2289871871471405
10,7,RShoulder,0.07677419483661652,-0.3177545666694641,-0.1754034459590912
10,8,RElbow,0.10580999404191971,-0.17688916623592377,-0.254902184009552
10,9,RWrist,0.053988922387361526,0.0015723705291748047,-0.2303328812122345
10,10,LHip,-0.06778009235858917,0.020663462579250336,-0.15010473132133484
10,11,LKnee,-0.04703313857316971,0.33424296975135803,-0.032963983714580536
10,12,LAnkle,-0.01435316726565361,0.6444239616394043,-0.023258447647094727
10,13,RHip,0.037001390010118484,0.029622282832860947,0.08308163285255432
10,14,RKnee,0.040740806609392166,0.3322761356830597,0.2094060778617859
10,15,RAnkle,-0.04681926220655441,0.6424499750137329,0.25221380591392517
11,0,Pelvis,0.0,0.0,0.0
11,1,Spine,0.03944023698568344,-0.1587725728750229,-0.06154375523328781
11,2,Thorax,0.0024781380780041218,-0.36893564462661743,-0.021076733246445656
11,3,Head,-0.00230414979159832,-0.46768492460250854,-0.22593814134597778
11,4,LShoulder,-0.017082560807466507,-0.3449011743068695,-0.19338685274124146
11,5,LElbow,-0.13934069871902466,-0.19963553547859192,-0.27110326290130615
11,6,LWrist,-0.054932765662670135,0.04439278319478035,-0.23650477826595306
11,7,RShoulder,0.06823449581861496,-0.3149939775466919,-0.1708369106054306
11,8,RElbow,0.10591928660869598,-0.1779794991016388,-0.25142720341682434
11,9,RWrist,0.048131462186574936,0.010117238387465477,-0.2588583528995514
11,10,LHip,-0.06209412217140198,0.021819215267896652,-0.14910846948623657
11,11,LKnee,-0.03902099281549454,0.33555811643600464,-0.031812407076358795
11,12,LAnkle,-0.014174122363328934,0.6528223752975464,-0.01917928457260132
11,13,RHip,0.034244947135448456,0.02760801464319229,0.08555392920970917
11,14,RKnee,0.03678720071911812,0.33402419090270996,0.2044680267572403
11,15,RAnkle,-0.044758521020412445,0.6517499089241028,0.23877456784248352
12,0,Pelvis,0.0,0.0,0.0
12,1,Spine,0.035436663776636124,-0.15799903869628906,-0.062238097190856934
12,2,Thorax,-0.00555881904438138,-0.3709925413131714,-0.02452172338962555
12,3,Head,-0.01478786300867796,-0.47720789909362793,-0.25116783380508423
12,4,LShoulder,-0.008136660791933537,-0.3422805070877075,-0.19795936346054077
12,5,LElbow,-0.096037358045578,-0.18967315554618835,-0.29767489433288574
12,6,LWrist,-0.04835052043199539,0.043969523161649704,-0.25272634625434875
12,7,RShoulder,0.03529508411884308,-0.3170105814933777,-0.17675277590751648
12,8,RElbow,0.005147166550159454,-0.17599385976791382,-0.271626353263855
12,9,RWrist,-0.05044819414615631,0.012536274269223213,-0.26334407925605774
12,10,LHip,-0.05307325720787048,0.0227368026971817,-0.15293505787849426
12,11,LKnee,-0.03745563328266144,0.33804699778556824,-0.03672705590724945
12,12,LAnkle,-0.013678421266376972,0.6527326107025146,-0.02179683744907379
12,13,RHip,0.03168128430843353,0.02862023189663887,0.0880342572927475
12,14,RKnee,0.03490916267037392,0.33638325333595276,0.20343756675720215
12,15,RAnkle,-0.039852842688560486,0.6537444591522217,0.23743531107902527
13,0,Pelvis,0.0,0.0,0.0
13,1,Spine,0.02447287179529667,-0.16171395778656006,-0.06433601677417755
13,2,Thorax,-0.025066697970032692,-0.3811247646808624,-0.02844693511724472
13,3,Head,-0.03594222664833069,-0.4919048249721527,-0.2645391821861267
13,4,LShoulder,-0.010964484885334969,-0.35122185945510864,-0.2017395794391632
13,5,LElbow,-0.04096055030822754,-0.19444599747657776,-0.3236922025680542
13,6,LWrist,-0.011099986732006073,0.037292685359716415,-0.29173457622528076
13,7,RShoulder,0.00505455257371068,-0.31903988122940063,-0.17495986819267273
13,8,RElbow,-0.08811721950769424,-0.1735999584197998,-0.24435093998908997
13,9,RWrist,-0.08271899819374084,0.012380527332425117,-0.25297778844833374
13,10,LHip,-0.039668772369623184,0.02011522464454174,-0.1603412926197052
13,11,LKnee,-0.034630872309207916,0.33807453513145447,-0.041234612464904785
13,12,LAnkle,-0.01616566628217697,0.6581608057022095,-0.02131476253271103
13,13,RHip,0.023142222315073013,0.02557464689016342,0.09371504187583923
13,14,RKnee,0.01974843442440033,0.33825814723968506,0.20055969059467316
13,15,RAnkle,-0.04781027138233185,0.6576390266418457,0.2311144471168518
14,0,Pelvis,0.0,0.0,0.0
14,1,Spine,0.01811506599187851,-0.16256770491600037,-0.06679671257734299
14,2,Thorax,-0.03438761457800865,-0.3827652335166931,-0.030707312747836113
14,3,Head,-0.045009542256593704,-0.49735748767852783,-0.26277971267700195
14,4,LShoulder,-0.007175726350396872,-0.3528901934623718,-0.2020440548658371
14,5,LElbow,-0.03240767493844032,-0.19953224062919617,-0.31277045607566833
14,6,LWrist,0.08406640589237213,0.0295915175229311,-0.2800312638282776
14,7,RShoulder,-0.012824157252907753,-0.32452428340911865,-0.1719454973936081
14,8,RElbow,-0.09283620119094849,-0.17745551466941833,-0.23642456531524658
14,9,RWrist,-0.10349231958389282,0.01137181743979454,-0.2417345941066742
14,10,LHip,-0.03870352357625961,0.01979001611471176,-0.16437995433807373
14,11,LKnee,-0.03897535428404808,0.3367432951927185,-0.04241424798965454
14,12,LAnkle,-0.020024674013257027,0.6535286903381348,-0.022625818848609924
14,13,RHip,0.021372973918914795,0.023996535688638687,0.09521348029375076
14,14,RKnee,0.021481100469827652,0.3359324634075165,0.20580151677131653
14,15,RAnkle,-0.04457201808691025,0.6568814516067505,0.23153258860111237
15,0,Pelvis,0.0,0.0,0.0
15,1,Spine,0.019824491813778877,-0.16205161809921265,-0.06810186058282852
15,2,Thorax,-0.030447721481323242,-0.3784549832344055,-0.0296773761510849
15,3,Head,-0.032561637461185455,-0.48288172483444214,-0.23778676986694336
15,4,LShoulder,-0.014183934777975082,-0.35320937633514404,-0.19587287306785583
15,5,LElbow,-0.06574158370494843,-0.20377415418624878,-0.29207512736320496
15,6,LWrist,0.08345877379179001,0.02448505349457264,-0.2758958339691162
15,7,RShoulder,0.014077633619308472,-0.32388070225715637,-0.16434882581233978
15,8,RElbow,0.003942348062992096,-0.17850631475448608,-0.24511536955833435
15,9,RWrist,-0.034137822687625885,0.017499767243862152,-0.2372300624847412
15,10,LHip,-0.04799696058034897,0.020857378840446472,-0.1613013744354248
15,11,LKnee,-0.043568022549152374,0.33763769268989563,-0.041287340223789215
15,12,LAnkle,-0.01810452714562416,0.659791111946106,-0.02429436892271042
15,13,RHip,0.02740657329559326,0.0244765542447567,0.09221063554286957
15,14,RKnee,0.03415472432971001,0.3301539123058319,0.20783057808876038
15,15,RAnkle,-0.024302583187818527,0.653817355632782,0.24012549221515656
16,0,Pelvis,0.0,0.0,0.0
16,1,Spine,0.013067735359072685,-0.16286957263946533,-0.06778877228498459
16,2,Thorax,-0.040391385555267334,-0.38111498951911926,-0.029392624273896217
16,3,Head,-0.056131571531295776,-0.5099384784698486,-0.26845547556877136
16,4,LShoulder,0.0028610965237021446,-0.3560347855091095,-0.1976543366909027
16,5,LElbow,0.020622210577130318,-0.20119309425354004,-0.3100772500038147
16,6,LWrist,0.12588930130004883,0.027974888682365417,-0.25458991527557373
16,7,RShoulder,-0.03418754041194916,-0.3205914795398712,-0.1662556529045105
16,8,RElbow,-0.1386360079050064,-0.18390583992004395,-0.251417875289917
16,9,RWrist,-0.1134432703256607,0.022611437365412712,-0.23492169380187988
16,10,LHip,-0.04099470004439354,0.02019648440182209,-0.1636970341205597
16,11,LKnee,-0.04107515513896942,0.33500373363494873,-0.040301866829395294
16,12,LAnkle,-0.013252023607492447,0.6605032682418823,-0.022602476179599762
16,13,RHip,0.025256767868995667,0.023535285145044327,0.09521359205245972
16,14,RKnee,0.0399014987051487,0.32681766152381897,0.21112501621246338
16,15,RAnkle,-0.020407404750585556,0.6503381133079529,0.24056613445281982
17,0,Pelvis,0.0,0.0,0.0
17,1,Spine,0.013293164782226086,-0.1628398448228836,-0.06509371101856232
17,2,Thorax,-0.041056662797927856,-0.3800349831581116,-0.026437940075993538
17,3,Head,-0.055662646889686584,-0.5078219175338745,-0.2629101276397705
17,4,LShoulder,0.0029925815761089325,-0.3582855463027954,-0.19461628794670105
17,5,LElbow,0.025001103058457375,-0.19968920946121216,-0.30335208773612976
17,6,LWrist,0.11379942297935486,0.031191766262054443,-0.2516714334487915
17,7,RShoulder,-0.034769169986248016,-0.320671021938324,-0.16190335154533386
17,8,RElbow,-0.12950676679611206,-0.18851953744888306,-0.25511837005615234
17,9,RWrist,-0.10077928006649017,0.026149779558181763,-0.23138514161109924
17,10,LHip,-0.04276126250624657,0.02140185795724392,-0.1623113751411438
17,11,LKnee,-0.03997887670993805,0.3353680968284607,-0.03748194873332977
17,12,LAnkle,-0.010143129155039787,0.6473462581634521,-0.017815597355365753
17,13,RHip,0.026601683348417282,0.024009019136428833,0.09581948816776276
17,14,RKnee,0.04734319448471069,0.323810875415802,0.21344593167304993
17,15,RAnkle,-0.01427740603685379,0.6486223936080933,0.23834197223186493
18,0,Pelvis,0.0,0.0,0.0
18,1,Spine,0.014394646510481834,-0.16462531685829163,-0.06597288697957993
18,2,Thorax,-0.04130334034562111,-0.3835808336734772,-0.03046460822224617
18,3,Head,-0.05384700000286102,-0.5109897255897522,-0.26594823598861694
18,4,LShoulder,0.009178116917610168,-0.362460196018219,-0.19677776098251343
18,5,LElbow,0.010949529707431793,-0.20301198959350586,-0.3036925792694092
18,6,LWrist,0.12360289692878723,0.029059721156954765,-0.2553190290927887
18,7,RShoulder,-0.03445512056350708,-0.3245789706707001,-0.1665322482585907
18,8,RElbow,-0.11354698240756989,-0.1954742670059204,-0.26138362288475037
18,9,RWrist,-0.10726989805698395,0.026933975517749786,-0.2473890781402588
18,10,LHip,-0.047632649540901184,0.020718928426504135,-0.16300350427627563
18,11,LKnee,-0.043201617896556854,0.3344566226005554,-0.03792346268892288
18,12,LAnkle,-0.011119814589619637,0.650208592414856,-0.01967865228652954
18,13,RHip,0.029098261147737503,0.024018418043851852,0.09608486294746399
18,14,RKnee,0.04976234585046768,0.3251219391822815,0.21847397089004517
18,15,RAnkle,-0.02115919068455696,0.65077143907547,0.23353809118270874
19,0,Pelvis,0.0,0.0,0.0
19,1,Spine,0.018416382372379303,-0.1651725172996521,-0.06498096883296967
19,2,Thorax,-0.0371541827917099,-0.3853776454925537,-0.03155892342329025
19,3,Head,-0.045871708542108536,-0.5078184604644775,-0.2596755623817444
19,4,LShoulder,0.009268256835639477,-0.3642081022262573,-0.19532816112041473
19,5,LElbow,-0.019193101674318314,-0.2032286375761032,-0.29706868529319763
19,6,LWrist,0.10037852823734283,0.030850490555167198,-0.26424887776374817
19,7,RShoulder,-0.02326028235256672,-0.3263918459415436,-0.1661531627178192
19,8,RElbow,-0.07559330761432648,-0.20290686190128326,-0.2668249011039734
19,9,RWrist,-0.09529737383127213,0.03097044676542282,-0.24913397431373596
19,10,LHip,-0.054617252200841904,0.021141525357961655,-0.1587541103363037
19,11,LKnee,-0.04772905260324478,0.3339986503124237,-0.03683085739612579
19,12,LAnkle,-0.011041688732802868,0.6510120630264282,-0.02059386670589447
19,13,RHip,0.03202580288052559,0.0240224190056324,0.09546265006065369
19,14,RKnee,0.058076269924640656,0.32158583402633667,0.2254914939403534
19,15,RAnkle,-0.008230228908360004,0.6496744155883789,0.2322472631931305
20,0,Pelvis,0.0,0.0,0.0
20,1,Spine,0.01846954971551895,-0.17193326354026794,-0.06792698055505753
20,2,Thorax,-0.03632061928510666,-0.4001259207725525,-0.03437250107526779
20,3,Head,-0.03944547846913338,-0.5167480111122131,-0.2505757510662079
20,4,LShoulder,-0.015127944760024548,-0.37393423914909363,-0.18791203200817108
20,5,LElbow,-0.11751297861337662,-0.21324217319488525,-0.24900442361831665
20,6,LWrist,0.05012456327676773,0.026097100228071213,-0.2837117314338684
20,7,RShoulder,-0.0033722766675055027,-0.33493542671203613,-0.17215675115585327
20,8,RElbow,0.016848120838403702,-0.21242547035217285,-0.2742675840854645
20,9,RWrist,0.011114828288555145,0.03354785963892937,-0.20925815403461456
20,10,LHip,-0.06835572421550751,0.019437968730926514,-0.15394145250320435
20,11,LKnee,-0.065497487783432,0.334369033575058,-0.031154032796621323
20,12,LAnkle,-0.01741219498217106,0.6750743389129639,-0.02997814118862152
20,13,RHip,0.03814691677689552,0.022418580949306488,0.09506480395793915
20,14,RKnee,0.06491749733686447,0.31804728507995605,0.2389208972454071
20,15,RAnkle,-0.009236725978553295,0.65752112865448,0.2306770384311676
21,0,Pelvis,0.0,0.0,0.0
21,1,Spine,0.02965044230222702,-0.1698790341615677,-0.05927983671426773
21,2,Thorax,-0.026791362091898918,-0.39793267846107483,-0.02731548435986042
21,3,Head,-0.03302912414073944,-0.5018972754478455,-0.22766242921352386
21,4,LShoulder,-0.021560348570346832,-0.3621335029602051,-0.18272370100021362
21,5,LElbow,-0.10652828216552734,-0.1987220197916031,-0.2721794545650482
21,6,LWrist,-0.06696394830942154,0.03475299850106239,-0.2947438061237335
21,7,RShoulder,0.03822866827249527,-0.34396499395370483,-0.16475392878055573
21,8,RElbow,0.1177840456366539,-0.21697857975959778,-0.26386547088623047
21,9,RWrist,0.10763965547084808,0.02837171033024788,-0.23012691736221313
21,10,LHip,-0.07197967171669006,0.022877248004078865,-0.1501438468694687
21,11,LKnee,-0.06950397789478302,0.33403128385543823,-0.02447216957807541
21,12,LAnkle,-0.02074693888425827,0.6691432595252991,-0.02946370840072632
21,13,RHip,0.04030948504805565,0.023192988708615303,0.09695643186569214
21,14,RKnee,0.06714953482151031,0.3161051869392395,0.23990756273269653
21,15,RAnkle,-0.0043767299503088,0.6605451703071594,0.22427891194820404
22,0,Pelvis,0.0,0.0,0.0
22,1,Spine,0.033822353929281235,-0.17357560992240906,-0.0599600225687027
22,2,Thorax,-0.019998958334326744,-0.4208090007305145,-0.03238861262798309
22,3,Head,-0.025414567440748215,-0.5010462999343872,-0.21795058250427246
22,4,LShoulder,-0.0298997163772583,-0.37368685007095337,-0.17524072527885437
22,5,LElbow,-0.15009886026382446,-0.19843409955501556,-0.23509827256202698
22,6,LWrist,-0.10928618907928467,0.04643659666180611,-0.27480271458625793
22,7,RShoulder,0.05320051312446594,-0.3454113006591797,-0.16190165281295776
22,8,RElbow,0.15969349443912506,-0.21452975273132324,-0.24300262331962585
22,9,RWrist,0.1512148082256317,0.024908725172281265,-0.18510830402374268
22,10,LHip,-0.08228732645511627,0.022229492664337158,-0.14549048244953156
22,11,LKnee,-0.08001534640789032,0.3386143445968628,-0.021728985011577606
22,12,LAnkle,-0.018665865063667297,0.6827852725982666,-0.03782925754785538
22,13,RHip,0.04415024444460869,0.02356632426381111,0.09915247559547424
22,14,RKnee,0.07311863452196121,0.30899685621261597,0.250197172164917
22,15,RAnkle,0.005509640090167522,0.670375406742096,0.2217784821987152
23,0,Pelvis,0.0,0.0,0.0
23,1,Spine,0.03344045951962471,-0.17438268661499023,-0.06356987357139587
23,2,Thorax,-0.012367838993668556,-0.41766923666000366,-0.03432256728410721
23,3,Head,-0.012250781059265137,-0.501747190952301,-0.22440269589424133
23,4,LShoulder,-0.025897067040205002,-0.37384405732154846,-0.1751834601163864
23,5,LElbow,-0.1483112871646881,-0.1978081613779068,-0.23167812824249268
23,6,LWrist,-0.13179388642311096,0.0478968471288681,-0.27208971977233887
23,7,RShoulder,0.06289488822221756,-0.34356799721717834,-0.16510562598705292
23,8,RElbow,0.16721728444099426,-0.20767366886138916,-0.2444564700126648
23,9,RWrist,0.16131183505058289,0.02808932214975357,-0.17581161856651306
23,10,LHip,-0.0867157131433487,0.024513833224773407,-0.1445959210395813
23,11,LKnee,-0.07856280356645584,0.34046536684036255,-0.022816002368927002
23,12,LAnkle,-0.015973258763551712,0.6801958084106445,-0.040928613394498825
23,13,RHip,0.04721594974398613,0.02187133952975273,0.0942336916923523
23,14,RKnee,0.08116920292377472,0.30867451429367065,0.2499741166830063
23,15,RAnkle,0.01597108691930771,0.6820999383926392,0.21204277873039246
24,0,Pelvis,0.0,0.0,0.0
24,1,Spine,0.03484266251325607,-0.17710596323013306,-0.0645672082901001
24,2,Thorax,-0.007410101126879454,-0.4256993532180786,-0.036292217671871185
24,3,Head,-0.005907721351832151,-0.5033935308456421,-0.21921399235725403
24,4,LShoulder,-0.032358162105083466,-0.3779412508010864,-0.17331306636333466
24,5,LElbow,-0.1622650921344757,-0.20180021226406097,-0.22167551517486572
24,6,LWrist,-0.14959922432899475,0.04403774440288544,-0.2674899697303772
24,7,RShoulder,0.0724896714091301,-0.34582388401031494,-0.1646428108215332
24,8,RElbow,0.18741488456726074,-0.2069404423236847,-0.2344265580177307
24,9,RWrist,0.18245330452919006,0.02561299130320549,-0.16251495480537415
24,10,LHip,-0.08801352977752686,0.026037365198135376,-0.14058470726013184
24,11,LKnee,-0.09111276268959045,0.343075156211853,-0.019775766879320145
24,12,LAnkle,-0.01706635020673275,0.6867594718933105,-0.05168616399168968
24,13,RHip,0.0482688844203949,0.021185802295804024,0.09658422321081161
24,14,RKnee,0.0842427983880043,0.3093557357788086,0.2522370219230652
24,15,RAnkle,0.022271383553743362,0.6928830742835999,0.2075263261795044
25,0,Pelvis,0.0,0.0,0.0
25,1,Spine,0.0307609923183918,-0.17929920554161072,-0.06606900691986084
25,2,Thorax,-0.003026277758181095,-0.4291922450065613,-0.038016900420188904
25,3,Head,0.000759543851017952,-0.5112001299858093,-0.22365888953208923
25,4,LShoulder,-0.03950617462396622,-0.3806549906730652,-0.17475956678390503
25,5,LElbow,-0.17299115657806396,-0.20832639932632446,-0.22379280626773834
25,6,LWrist,-0.15794456005096436,0.03636075556278229,-0.27211302518844604
25,7,RShoulder,0.08293946087360382,-0.3513135313987732,-0.1674119532108307
25,8,RElbow,0.204345241189003,-0.20854946970939636,-0.23102068901062012
25,9,RWrist,0.2034558206796646,0.021004710346460342,-0.16396400332450867
25,10,LHip,-0.088384710252285,0.02709406241774559,-0.14032690227031708
25,11,LKnee,-0.09518162906169891,0.34633687138557434,-0.021676357835531235
25,12,LAnkle,-0.016763562336564064,0.696800708770752,-0.0583513006567955
25,13,RHip,0.049627501517534256,0.021091502159833908,0.09734078496694565
25,14,RKnee,0.08247104287147522,0.31795865297317505,0.24893534183502197
25,15,RAnkle,0.0282706581056118,0.7027108669281006,0.2025703638792038
26,0,Pelvis,0.0,0.0,0.0
26,1,Spine,0.020326782017946243,-0.17978894710540771,-0.07096453011035919
26,2,Thorax,0.0015018358826637268,-0.43071797490119934,-0.041130490601062775
26,3,Head,0.004651928320527077,-0.5227359533309937,-0.2330998182296753
26,4,LShoulder,-0.029372267425060272,-0.38991737365722656,-0.17497111856937408
26,5,LElbow,-0.1629098653793335,-0.22148463129997253,-0.2123209834098816
26,6,LWrist,-0.14673344790935516,0.017370443791151047,-0.27589184045791626
26,7,RShoulder,0.0773390382528305,-0.34675976634025574,-0.17335495352745056
26,8,RElbow,0.1999327540397644,-0.20658662915229797,-0.24014905095100403
26,9,RWrist,0.1947319209575653,0.023146918043494225,-0.16023977100849152
26,10,LHip,-0.087619848549366,0.0275130458176136,-0.14018680155277252
26,11,LKnee,-0.08817199617624283,0.34349679946899414,-0.020912695676088333
26,12,LAnkle,-0.01575586572289467,0.699329137802124,-0.053601209074258804
26,13,RHip,0.05225685238838196,0.02182026579976082,0.09714523702859879
26,14,RKnee,0.0780465304851532,0.3249288499355316,0.24174076318740845
26,15,RAnkle,0.030348777770996094,0.7022621035575867,0.21078655123710632
27,0,Pelvis,0.0,0.0,0.0
27,1,Spine,0.01512924488633871,-0.18222841620445251,-0.06830832362174988
27,2,Thorax,0.00663344981148839,-0.43976354598999023,-0.04033419489860535
27,3,Head,0.014441914856433868,-0.534446656703949,-0.22803756594657898
27,4,LShoulder,-0.04876154288649559,-0.3935890197753906,-0.17862559854984283
27,5,LElbow,-0.18022044003009796,-0.22939105331897736,-0.23275448381900787
27,6,LWrist,-0.16107423603534698,0.012173376977443695,-0.2868831753730774
27,7,RShoulder,0.09766080230474472,-0.35872918367385864,-0.17419955134391785
27,8,RElbow,0.22554798424243927,-0.21380677819252014,-0.2311205267906189
27,9,RWrist,0.22151295840740204,0.011280340142548084,-0.1564009040594101
27,10,LHip,-0.08783124387264252,0.029360702261328697,-0.14253823459148407
27,11,LKnee,-0.07278783619403839,0.3510972857475281,-0.0195341557264328
27,12,LAnkle,-0.010678678750991821,0.7039587497711182,-0.03805848956108093
27,13,RHip,0.053257208317518234,0.02336478978395462,0.09845353662967682
27,14,RKnee,0.06879319250583649,0.3504175841808319,0.22066259384155273
27,15,RAnkle,0.03717030584812164,0.727036714553833,0.20357206463813782
28,0,Pelvis,0.0,0.0,0.0
28,1,Spine,0.004094455856829882,-0.18543970584869385,-0.07067915052175522
28,2,Thorax,0.009995201602578163,-0.4498072862625122,-0.046212371438741684
28,3,Head,0.02048315852880478,-0.5547086000442505,-0.24079717695713043
28,4,LShoulder,-0.03788892552256584,-0.40546131134033203,-0.18071796000003815
28,5,LElbow,-0.16999566555023193,-0.2472957968711853,-0.2283344268798828
28,6,LWrist,-0.14532063901424408,-0.005884286016225815,-0.29487118124961853
28,7,RShoulder,0.08981749415397644,-0.36172348260879517,-0.18754932284355164
28,8,RElbow,0.22223211824893951,-0.21046631038188934,-0.24280431866645813
28,9,RWrist,0.22372643649578094,0.007002209313213825,-0.14894308149814606
28,10,LHip,-0.08609714359045029,0.02921372652053833,-0.14821183681488037
28,11,LKnee,-0.044447727501392365,0.35489270091056824,-0.03245040401816368
28,12,LAnkle,-0.0028400858864188194,0.7038565278053284,-0.02338983118534088
28,13,RHip,0.05604938790202141,0.025654207915067673,0.09853750467300415
28,14,RKnee,0.0682157576084137,0.3559616804122925,0.20816431939601898
28,15,RAnkle,0.04180046170949936,0.7437770366668701,0.19818222522735596
29,0,Pelvis,0.0,0.0,0.0
29,1,Spine,0.0010773955145850778,-0.1850253939628601,-0.06820563971996307
29,2,Thorax,0.013682283461093903,-0.45133060216903687,-0.04341251403093338
29,3,Head,0.024221323430538177,-0.5545954704284668,-0.2320946902036667
29,4,LShoulder,-0.05431541055440903,-0.4079747796058655,-0.1822335124015808
29,5,LElbow,-0.18647077679634094,-0.24795807898044586,-0.24018871784210205
29,6,LWrist,-0.15970224142074585,-0.012445740401744843,-0.3013935685157776
29,7,RShoulder,0.10299122333526611,-0.36971190571784973,-0.18547604978084564
29,8,RElbow,0.23305021226406097,-0.2144329845905304,-0.23683854937553406
29,9,RWrist,0.2282257229089737,0.0015095081180334091,-0.1508999466896057
29,10,LHip,-0.08769293129444122,0.028850167989730835,-0.1458790898323059
29,11,LKnee,-0.04090065136551857,0.35537493228912354,-0.034053731709718704
29,12,LAnkle,-0.0027584685012698174,0.6993018388748169,-0.01863936334848404
29,13,RHip,0.056176260113716125,0.02624484896659851,0.09941520541906357
29,14,RKnee,0.06656552851200104,0.36355096101760864,0.20404526591300964
29,15,RAnkle,0.039819762110710144,0.7509058117866516,0.19652080535888672
30,0,Pelvis,0.0,0.0,0.0
30,1,Spine,-0.006502458825707436,-0.18696920573711395,-0.06693626940250397
30,2,Thorax,0.015043243765830994,-0.45535174012184143,-0.04207184165716171
30,3,Head,0.028057478368282318,-0.5652627944946289,-0.2327352911233902
30,4,LShoulder,-0.057494040578603745,-0.4135790467262268,-0.18175150454044342
30,5,LElbow,-0.1911141276359558,-0.2576964497566223,-0.2425912320613861
30,6,LWrist,-0.16611093282699585,-0.023429308086633682,-0.3117753565311432
30,7,RShoulder,0.10488998144865036,-0.3753495216369629,-0.18963202834129333
30,8,RElbow,0.2364303320646286,-0.21488116681575775,-0.23754484951496124
30,9,RWrist,0.2286965250968933,-0.006486695725470781,-0.14393220841884613
30,10,LHip,-0.08772289752960205,0.026656534522771835,-0.14431160688400269
30,11,LKnee,-0.029338140040636063,0.3584042489528656,-0.034645792096853256
30,12,LAnkle,0.0013000667095184326,0.704483687877655,-0.012596726417541504
30,13,RHip,0.0579470694065094,0.027899228036403656,0.10168479382991791
30,14,RKnee,0.06826286762952805,0.3614245355129242,0.2061920464038849
30,15,RAnkle,0.03762098401784897,0.7608901262283325,0.19454289972782135
31,0,Pelvis,0.0,0.0,0.0
31,1,Spine,-0.006915982346981764,-0.1855076551437378,-0.06694001704454422
31,2,Thorax,0.016395553946495056,-0.4518219828605652,-0.04014738276600838
31,3,Head,0.029371250420808792,-0.5598348379135132,-0.2324713170528412
31,4,LShoulder,-0.059247419238090515,-0.4133175015449524,-0.18159794807434082
31,5,LElbow,-0.19566430151462555,-0.25778770446777344,-0.24056434631347656
31,6,LWrist,-0.16506578028202057,-0.02668663114309311,-0.30463629961013794
31,7,RShoulder,0.10757745057344437,-0.37388473749160767,-0.1895204335451126
31,8,RElbow,0.23645196855068207,-0.20345444977283478,-0.2321392148733139
31,9,RWrist,0.2254592925310135,-0.004260052926838398,-0.13485370576381683
31,10,LHip,-0.08704569935798645,0.026999548077583313,-0.1441018134355545
31,11,LKnee,-0.025842562317848206,0.3573165833950043,-0.0359763540327549
31,12,LAnkle,0.0007830336689949036,0.6978533267974854,-0.01193401962518692
31,13,RHip,0.057630959898233414,0.028104402124881744,0.10164909064769745
31,14,RKnee,0.0686352401971817,0.3599085807800293,0.20811860263347626
31,15,RAnkle,0.03596530854701996,0.7578913569450378,0.1953359693288803
32,0,Pelvis,0.0,0.0,0.0
32,1,Spine,-0.012795798480510712,-0.18880659341812134,-0.0668526291847229
32,2,Thorax,0.016702726483345032,-0.4605337381362915,-0.042399924248456955
32,3,Head,0.03080003522336483,-0.5679051280021667,-0.2349359393119812
32,4,LShoulder,-0.06162218749523163,-0.41925477981567383,-0.18127089738845825
32,5,LElbow,-0.2016598880290985,-0.2682366371154785,-0.2445208728313446
32,6,LWrist,-0.1676962673664093,-0.036702726036310196,-0.3137674033641815
32,7,RShoulder,0.10413840413093567,-0.3805927336215973,-0.19378040730953217
32,8,RElbow,0.23767539858818054,-0.2058371603488922,-0.23301194608211517
32,9,RWrist,0.2240724265575409,-0.01301460899412632,-0.13071107864379883
32,10,LHip,-0.08654001355171204,0.023041341453790665,-0.14305774867534637
32,11,LKnee,-0.021025337278842926,0.35543662309646606,-0.03941858559846878
32,12,LAnkle,0.0029537975788116455,0.707546591758728,-0.013667933642864227
32,13,RHip,0.059158340096473694,0.029267560690641403,0.1058284267783165
32,14,RKnee,0.07237394899129868,0.35180115699768066,0.21455565094947815
32,15,RAnkle,0.03406978026032448,0.763137698173523,0.19393199682235718
33,0,Pelvis,0.0,0.0,0.0
33,1,Spine,-0.008536978624761105,-0.18659043312072754,-0.06338193267583847
33,2,Thorax,0.016299128532409668,-0.45394167304039,-0.034980978816747665
33,3,Head,0.024934392422437668,-0.5593804121017456,-0.23126713931560516
33,4,LShoulder,-0.06175808608531952,-0.4158726632595062,-0.17745503783226013
33,5,LElbow,-0.2038385421037674,-0.26654428243637085,-0.23822632431983948
33,6,LWrist,-0.17236825823783875,-0.03783001750707626,-0.3077095150947571
33,7,RShoulder,0.10952594131231308,-0.37949293851852417,-0.18640819191932678
33,8,RElbow,0.23204553127288818,-0.203593909740448,-0.22954604029655457
33,9,RWrist,0.21207967400550842,-0.011533037759363651,-0.13338640332221985
33,10,LHip,-0.08584164828062057,0.022146470844745636,-0.1446646749973297
33,11,LKnee,-0.024894867092370987,0.354831337928772,-0.03844952583312988
33,12,LAnkle,-0.0013985224068164825,0.6865153312683105,-0.005914323031902313
33,13,RHip,0.05747263878583908,0.031637635082006454,0.10866782069206238
33,14,RKnee,0.0716642215847969,0.3466469943523407,0.21931447088718414
33,15,RAnkle,0.03182237595319748,0.7584078907966614,0.19302543997764587
34,0,Pelvis,0.0,0.0,0.0
34,1,Spine,0.0417964830994606,-0.16065306961536407,-0.056247152388095856
34,2,Thorax,0.01198883168399334,-0.3882811665534973,-0.015076937153935432
34,3,Head,-0.004682786297053099,-0.46585971117019653,-0.20780518651008606
34,4,LShoulder,-0.03953373059630394,-0.36331069469451904,-0.1628321409225464
34,5,LElbow,-0.1824207454919815,-0.21541713178157806,-0.1789608597755432
34,6,LWrist,-0.1538791060447693,-0.009323627687990665,-0.20396602153778076
34,7,RShoulder,0.1060679480433464,-0.3281916677951813,-0.15866589546203613
34,8,RElbow,0.17581233382225037,-0.19479219615459442,-0.2374076098203659
34,9,RWrist,0.1338842511177063,0.02191789075732231,-0.15561392903327942
34,10,LHip,-0.06861190497875214,0.02502736635506153,-0.14512819051742554
34,11,LKnee,-0.013894382864236832,0.3070950508117676,-0.008092764765024185
34,12,LAnkle,-0.007948019541800022,0.5822627544403076,0.02118617296218872
34,13,RHip,0.03357609361410141,0.02743356302380562,0.09392216056585312
34,14,RKnee,0.05689215660095215,0.29157766699790955,0.25031042098999023
34,15,RAnkle,-0.014617690816521645,0.5747978687286377,0.3293757736682892
35,0,Pelvis,0.0,0.0,0.0
35,1,Spine,0.039629969745874405,-0.1621607542037964,-0.055926017463207245
35,2,Thorax,0.013312187045812607,-0.38964927196502686,-0.018946275115013123
35,3,Head,-0.010907133109867573,-0.47401368618011475,-0.21056652069091797
35,4,LShoulder,-0.051029108464717865,-0.36021116375923157,-0.15730030834674835
35,5,LElbow,-0.19158326089382172,-0.2094607651233673,-0.16523829102516174
35,6,LWrist,-0.16749653220176697,-0.00706575158983469,-0.18581704795360565
35,7,RShoulder,0.1073610931634903,-0.3340001106262207,-0.15343351662158966
35,8,RElbow,0.17268313467502594,-0.19474366307258606,-0.2253674417734146
35,9,RWrist,0.1201663464307785,0.020555753260850906,-0.15048395097255707
35,10,LHip,-0.06585508584976196,0.02437342330813408,-0.14417093992233276
35,11,LKnee,-0.023778827860951424,0.3032582700252533,-0.004129696637392044
35,12,LAnkle,-0.01315227709710598,0.5890061259269714,0.02584138512611389
35,13,RHip,0.030205819755792618,0.0243398305028677,0.09094198048114777
35,14,RKnee,0.050596728920936584,0.2897886335849762,0.25528281927108765
35,15,RAnkle,-0.026654785498976707,0.5684477686882019,0.33881300687789917
36,0,Pelvis,0.0,0.0,0.0
36,1,Spine,0.04151250422000885,-0.1611919403076172,-0.0564417727291584
36,2,Thorax,0.010694604367017746,-0.39278966188430786,-0.02169441618025303
36,3,Head,-0.013512268662452698,-0.47397786378860474,-0.21195301413536072
36,4,LShoulder,-0.05284058675169945,-0.35745346546173096,-0.16017794609069824
36,5,LElbow,-0.19297167658805847,-0.208356574177742,-0.16983558237552643
36,6,LWrist,-0.176437109708786,-0.005773373879492283,-0.18796008825302124
36,7,RShoulder,0.10642412304878235,-0.3343430757522583,-0.15691858530044556
36,8,RElbow,0.1682271957397461,-0.18850934505462646,-0.22253583371639252
36,9,RWrist,0.12423437088727951,0.021352063864469528,-0.14904579520225525
36,10,LHip,-0.06425360590219498,0.025036867707967758,-0.14434438943862915
36,11,LKnee,-0.02485259249806404,0.3047054708003998,-0.005040183663368225
36,12,LAnkle,-0.016559112817049026,0.5947500467300415,0.020482704043388367
36,13,RHip,0.02753698080778122,0.0243576318025589,0.09208112955093384
36,14,RKnee,0.0467643067240715,0.29192814230918884,0.2521262764930725
36,15,RAnkle,-0.03264918923377991,0.5724173784255981,0.3322899341583252
37,0,Pelvis,0.0,0.0,0.0
37,1,Spine,0.04588443040847778,-0.16064667701721191,-0.05723913758993149
37,2,Thorax,0.013090409338474274,-0.3921526074409485,-0.020162610337138176
37,3,Head,-0.009939862415194511,-0.47104090452194214,-0.21051490306854248
37,4,LShoulder,-0.052810586988925934,-0.354834645986557,-0.1590156853199005
37,5,LElbow,-0.19407588243484497,-0.20525234937667847,-0.16338253021240234
37,6,LWrist,-0.18128371238708496,-0.0010068751871585846,-0.1757112592458725
37,7,RShoulder,0.11523927003145218,-0.3357059955596924,-0.1580861210823059
37,8,RElbow,0.16970422863960266,-0.1805313229560852,-0.2205108404159546
37,9,RWrist,0.13272781670093536,0.023690970614552498,-0.14678499102592468
37,10,LHip,-0.06893835216760635,0.0210714153945446,-0.14678238332271576
37,11,LKnee,-0.0366588830947876,0.30204832553863525,-0.006089732050895691
37,12,LAnkle,-0.020045187324285507,0.5918074250221252,0.01437675952911377
37,13,RHip,0.02950410172343254,0.025360845029354095,0.09053529798984528
37,14,RKnee,0.04540635272860527,0.2954777479171753,0.25037816166877747
37,15,RAnkle,-0.0357266329228878,0.579387366771698,0.3282232880592346
38,0,Pelvis,0.0,0.0,0.0
38,1,Spine,0.048438556492328644,-0.1585540622472763,-0.05642577260732651
38,2,Thorax,0.013664827682077885,-0.38144105672836304,-0.016938520595431328
38,3,Head,-0.00576608395203948,-0.4636094272136688,-0.21050050854682922
38,4,LShoulder,-0.051693931221961975,-0.34646254777908325,-0.15757161378860474
38,5,LElbow,-0.18806695938110352,-0.19836220145225525,-0.1592380553483963
38,6,LWrist,-0.18744103610515594,0.004776597023010254,-0.1639212667942047
38,7,RShoulder,0.11713332682847977,-0.3277645707130432,-0.157871276140213
38,8,RElbow,0.1709817796945572,-0.1712513267993927,-0.2143867313861847
38,9,RWrist,0.14138293266296387,0.027519259601831436,-0.13902047276496887
38,10,LHip,-0.07197337597608566,0.018536388874053955,-0.14469479024410248
38,11,LKnee,-0.035997774451971054,0.3002631664276123,-0.0021958500146865845
38,12,LAnkle,-0.02331332489848137,0.5969035625457764,0.015010982751846313
38,13,RHip,0.030520346015691757,0.02680230885744095,0.08872994780540466
38,14,RKnee,0.04387199878692627,0.301729291677475,0.2440391331911087
38,15,RAnkle,-0.03887537494301796,0.5845237970352173,0.3171006441116333
39,0,Pelvis,0.0,0.0,0.0
39,1,Spine,0.04589337855577469,-0.15963494777679443,-0.05819721892476082
39,2,Thorax,0.009759464301168919,-0.3841478228569031,-0.019526010379195213
39,3,Head,-0.006800859700888395,-0.4702969789505005,-0.21395963430404663
39,4,LShoulder,-0.052627336233854294,-0.3504379987716675,-0.1610463261604309
39,5,LElbow,-0.18390196561813354,-0.20697873830795288,-0.17063741385936737
39,6,LWrist,-0.1956522911787033,0.0028757452964782715,-0.18106630444526672
39,7,RShoulder,0.11273296922445297,-0.3290926218032837,-0.15935836732387543
39,8,RElbow,0.17075276374816895,-0.17397549748420715,-0.21404367685317993
39,9,RWrist,0.14135044813156128,0.020568305626511574,-0.14267180860042572
39,10,LHip,-0.06803661584854126,0.019749028608202934,-0.14457833766937256
39,11,LKnee,-0.03173200786113739,0.3046197295188904,-0.002733193337917328
39,12,LAnkle,-0.02321547456085682,0.609724223613739,0.01098392903804779
39,13,RHip,0.027864428237080574,0.025883983820676804,0.09069117903709412
39,14,RKnee,0.03972581773996353,0.3024910092353821,0.23801206052303314
39,15,RAnkle,-0.04255540296435356,0.5879525542259216,0.3064662218093872
40,0,Pelvis,0.0,0.0,0.0
40,1,Spine,0.04747140407562256,-0.15911653637886047,-0.05913466215133667
40,2,Thorax,0.012888622470200062,-0.38318753242492676,-0.019006403163075447
40,3,Head,-0.002719833515584469,-0.4707413613796234,-0.216195210814476
40,4,LShoulder,-0.050635889172554016,-0.3531661629676819,-0.1638329029083252
40,5,LElbow,-0.1799021065235138,-0.20646268129348755,-0.17143657803535461
40,6,LWrist,-0.2009766846895218,0.007299020886421204,-0.18279537558555603
40,7,RShoulder,0.11771071702241898,-0.3298489451408386,-0.1599961817264557
40,8,RElbow,0.17431914806365967,-0.1715569794178009,-0.21423383057117462
40,9,RWrist,0.1475025713443756,0.019093720242381096,-0.14330008625984192
40,10,LHip,-0.07029877603054047,0.017935315147042274,-0.14587686955928802
40,11,LKnee,-0.034018177539110184,0.30689799785614014,-0.004846934229135513
40,12,LAnkle,-0.02425488643348217,0.61580890417099,0.0063541606068611145
40,13,RHip,0.02946416661143303,0.02686810865998268,0.08962179720401764
40,14,RKnee,0.04016244038939476,0.3069513738155365,0.2335137277841568
40,15,RAnkle,-0.04109419882297516,0.5959314107894897,0.29618507623672485
41,0,Pelvis,0.0,0.0,0.0
41,1,Spine,0.04882863163948059,-0.1588958501815796,-0.05858195573091507
41,2,Thorax,0.01383583527058363,-0.37964239716529846,-0.01813940890133381
41,3,Head,0.005243388004601002,-0.466325044631958,-0.21059909462928772
41,4,LShoulder,-0.05624699592590332,-0.34132787585258484,-0.16267983615398407
41,5,LElbow,-0.1824195683002472,-0.200145423412323,-0.1731799840927124
41,6,LWrist,-0.19966484606266022,0.01323230192065239,-0.18178781867027283
41,7,RShoulder,0.12299685925245285,-0.3309226930141449,-0.15706101059913635
41,8,RElbow,0.18850508332252502,-0.16692547500133514,-0.20526938140392303
41,9,RWrist,0.15910455584526062,0.018745968118309975,-0.1376829445362091
41,10,LHip,-0.07559913396835327,0.014765874482691288,-0.1448785662651062
41,11,LKnee,-0.05375853180885315,0.30991125106811523,-0.013292111456394196
41,12,LAnkle,-0.026238124817609787,0.6192629337310791,-0.008402861654758453
41,13,RHip,0.03278089687228203,0.0280599407851696,0.08846026659011841
41,14,RKnee,0.04294613376259804,0.3156265616416931,0.2302437424659729
41,15,RAnkle,-0.03626851737499237,0.6074743270874023,0.2845700681209564
42,0,Pelvis,0.0,0.0,0.0
42,1,Spine,0.04748642072081566,-0.15942107141017914,-0.06191647797822952
42,2,Thorax,0.018671980127692223,-0.37861931324005127,-0.021249916404485703
42,3,Head,0.012189770117402077,-0.47120165824890137,-0.21753421425819397
42,4,LShoulder,-0.03724322468042374,-0.3497999906539917,-0.16584786772727966
42,5,LElbow,-0.16749504208564758,-0.20356470346450806,-0.17624531686306
42,6,LWrist,-0.20468571782112122,0.010222002863883972,-0.21564359962940216
42,7,RShoulder,0.12125946581363678,-0.32713836431503296,-0.16237080097198486
42,8,RElbow,0.19977770745754242,-0.16892436146736145,-0.20597189664840698
42,9,RWrist,0.15662404894828796,0.028637532144784927,-0.1286991983652115
42,10,LHip,-0.07751122862100601,0.01400179322808981,-0.14569821953773499
42,11,LKnee,-0.05487698316574097,0.31144219636917114,-0.018079213798046112
42,12,LAnkle,-0.02583170309662819,0.6262776851654053,-0.015048414468765259
42,13,RHip,0.03657087683677673,0.028789926320314407,0.08519165217876434
42,14,RKnee,0.046533048152923584,0.3200085759162903,0.22548165917396545
42,15,RAnkle,-0.031106360256671906,0.6197320222854614,0.2725622355937958
43,0,Pelvis,0.0,0.0,0.0
43,1,Spine,0.04734082892537117,-0.1603003591299057,-0.06114238500595093
43,2,Thorax,0.01814286597073078,-0.3773706555366516,-0.0188125167042017
43,3,Head,0.01276661641895771,-0.47458958625793457,-0.2145899534225464
43,4,LShoulder,-0.04223572462797165,-0.35453543066978455,-0.16832438111305237
43,5,LElbow,-0.17289048433303833,-0.2048049122095108,-0.1815822720527649
43,6,LWrist,-0.20508183538913727,0.022986870259046555,-0.20116141438484192
43,7,RShoulder,0.11924821883440018,-0.3254372179508209,-0.1558046042919159
43,8,RElbow,0.20688466727733612,-0.17438504099845886,-0.2030819058418274
43,9,RWrist,0.15740150213241577,0.013355758972465992,-0.1389712691307068
43,10,LHip,-0.07758951187133789,0.01597374677658081,-0.14428603649139404
43,11,LKnee,-0.04777395352721214,0.3163577914237976,-0.01913416013121605
43,12,LAnkle,-0.025753125548362732,0.637620210647583,-0.01705927401781082
43,13,RHip,0.03724805638194084,0.028016719967126846,0.08582645654678345
43,14,RKnee,0.04672129079699516,0.31954044103622437,0.22164368629455566
43,15,RAnkle,-0.025511160492897034,0.6260907649993896,0.2692331075668335
44,0,Pelvis,0.0,0.0,0.0
44,1,Spine,0.04248446598649025,-0.16146335005760193,-0.06237635761499405
44,2,Thorax,0.013247111812233925,-0.3803693652153015,-0.021620603278279305
44,3,Head,0.012783944606781006,-0.4777500629425049,-0.21566110849380493
44,4,LShoulder,-0.05029633268713951,-0.34628671407699585,-0.17042723298072815
44,5,LElbow,-0.178924560546875,-0.20131994783878326,-0.18833908438682556
44,6,LWrist,-0.20656847953796387,0.027750547975301743,-0.20793844759464264
44,7,RShoulder,0.11430865526199341,-0.3278445601463318,-0.15437543392181396
44,8,RElbow,0.21671392023563385,-0.1769917607307434,-0.197708398103714
44,9,RWrist,0.15960317850112915,0.0033374493941664696,-0.14386671781539917
44,10,LHip,-0.07926323264837265,0.016235237941145897,-0.14333656430244446
44,11,LKnee,-0.053929805755615234,0.31963932514190674,-0.024153903126716614
44,12,LAnkle,-0.02558877319097519,0.6415899991989136,-0.023202933371067047
44,13,RHip,0.03874891996383667,0.02750236541032791,0.08612236380577087
44,14,RKnee,0.04881443455815315,0.324773907661438,0.22208856046199799
44,15,RAnkle,-0.02052399329841137,0.6323829889297485,0.26658445596694946
45,0,Pelvis,0.0,0.0,0.0
45,1,Spine,0.03907225281000137,-0.16190296411514282,-0.062029384076595306
45,2,Thorax,0.012105880305171013,-0.37943410873413086,-0.021546071395277977
45,3,Head,0.014201520010828972,-0.4786074161529541,-0.2147257924079895
45,4,LShoulder,-0.04565085843205452,-0.3506946563720703,-0.17062246799468994
45,5,LElbow,-0.17686522006988525,-0.19962099194526672,-0.1860710233449936
45,6,LWrist,-0.20506052672863007,0.031924016773700714,-0.20895405113697052
45,7,RShoulder,0.1083754152059555,-0.3228982388973236,-0.15312060713768005
45,8,RElbow,0.22254714369773865,-0.17915001511573792,-0.19538943469524384
45,9,RWrist,0.15424779057502747,0.0009108707308769226,-0.14076371490955353
45,10,LHip,-0.07900626957416534,0.018475666642189026,-0.14456486701965332
45,11,LKnee,-0.04935368895530701,0.3210368752479553,-0.027371689677238464
45,12,LAnkle,-0.02405010350048542,0.6427640914916992,-0.023811444640159607
45,13,RHip,0.04107770696282387,0.02847079187631607,0.08521868288516998
45,14,RKnee,0.050474297255277634,0.32615751028060913,0.22054992616176605
45,15,RAnkle,-0.01580553688108921,0.637423038482666,0.2599647045135498
46,0,Pelvis,0.0,0.0,0.0
46,1,Spine,0.03305564820766449,-0.16303512454032898,-0.06284438073635101
46,2,Thorax,0.0065710353665053844,-0.3829140067100525,-0.02304224856197834
46,3,Head,0.011802595108747482,-0.4811739921569824,-0.21423430740833282
46,4,LShoulder,-0.04854573681950569,-0.3512260913848877,-0.17192474007606506
46,5,LElbow,-0.1791870892047882,-0.19695499539375305,-0.1875813901424408
46,6,LWrist,-0.20422205328941345,0.03828703239560127,-0.21170301735401154
46,7,RShoulder,0.09793167561292648,-0.32481253147125244,-0.15272709727287292
46,8,RElbow,0.22361306846141815,-0.1823805570602417,-0.1919129490852356
46,9,RWrist,0.15034112334251404,-0.004792957566678524,-0.14297492802143097
46,10,LHip,-0.07832033932209015,0.01908654160797596,-0.14508488774299622
46,11,LKnee,-0.051874637603759766,0.3256554901599884,-0.029210766777396202
46,12,LAnkle,-0.023113146424293518,0.6457837820053101,-0.026652857661247253
46,13,RHip,0.04118654131889343,0.02779320254921913,0.08625052869319916
46,14,RKnee,0.05128083378076553,0.32693198323249817,0.2216685265302658
46,15,RAnkle,-0.01073877140879631,0.6397875547409058,0.26324892044067383
47,0,Pelvis,0.0,0.0,0.0
47,1,Spine,0.025835784152150154,-0.1639595329761505,-0.0643906220793724
47,2,Thorax,-0.001398300752043724,-0.3874715566635132,-0.025465495884418488
47,3,Head,0.006591712590306997,-0.487277090549469,-0.21472051739692688
47,4,LShoulder,-0.054405488073825836,-0.3465912640094757,-0.1738230139017105
47,5,LElbow,-0.18261438608169556,-0.1928100287914276,-0.19583524763584137
47,6,LWrist,-0.20111872255802155,0.04075613617897034,-0.2134089469909668
47,7,RShoulder,0.08405221253633499,-0.32693415880203247,-0.15232904255390167
47,8,RElbow,0.2199065089225769,-0.18642204999923706,-0.1901528388261795
47,9,RWrist,0.1487462818622589,-0.011487380601465702,-0.15548139810562134
47,10,LHip,-0.07729673385620117,0.019800683483481407,-0.14752262830734253
47,11,LKnee,-0.048465415835380554,0.3274405002593994,-0.03184535354375839
47,12,LAnkle,-0.021875550970435143,0.6488375663757324,-0.028176330029964447
47,13,RHip,0.0418056957423687,0.026807203888893127,0.08802031725645065
47,14,RKnee,0.05257927626371384,0.3256736099720001,0.22160235047340393
47,15,RAnkle,-0.009595511481165886,0.639644980430603,0.2637237012386322
48,0,Pelvis,0.0,0.0,0.0
48,1,Spine,0.017793698236346245,-0.16601169109344482,-0.06400971859693527
48,2,Thorax,-0.009608536958694458,-0.39272522926330566,-0.026158783584833145
48,3,Head,-0.0008485866710543633,-0.49571579694747925,-0.21776273846626282
48,4,LShoulder,-0.05630229040980339,-0.3514251410961151,-0.17543047666549683
48,5,LElbow,-0.1833317130804062,-0.1926921010017395,-0.2005806267261505
48,6,LWrist,-0.1943463683128357,0.04200039058923721,-0.21962584555149078
48,7,RShoulder,0.07022777944803238,-0.33019721508026123,-0.15236973762512207
48,8,RElbow,0.20594815909862518,-0.19128991663455963,-0.1962583214044571
48,9,RWrist,0.13717786967754364,-0.015731774270534515,-0.1682291179895401
48,10,LHip,-0.07207174599170685,0.019509663805365562,-0.14958377182483673
48,11,LKnee,-0.048456791788339615,0.3280986249446869,-0.03127489238977432
48,12,LAnkle,-0.022749852389097214,0.653152346611023,-0.0279390886425972
48,13,RHip,0.039928317070007324,0.025883760303258896,0.09088164567947388
48,14,RKnee,0.05219079554080963,0.3237225115299225,0.2246798276901245
48,15,RAnkle,-0.009596776217222214,0.639380156993866,0.26696693897247314
49,0,Pelvis,0.0,0.0,0.0
49,1,Spine,0.012204250320792198,-0.16550445556640625,-0.06128603219985962
49,2,Thorax,-0.01483872625976801,-0.38889437913894653,-0.02297299914062023
49,3,Head,-0.007112373597919941,-0.4964979290962219,-0.2196044623851776
49,4,LShoulder,-0.054705679416656494,-0.3486554026603699,-0.17631563544273376
49,5,LElbow,-0.1751631796360016,-0.18733571469783783,-0.21141913533210754
49,6,LWrist,-0.19036532938480377,0.04499496892094612,-0.22192421555519104
49,7,RShoulder,0.06298840790987015,-0.3289836049079895,-0.1528068333864212
49,8,RElbow,0.19389782845973969,-0.18885734677314758,-0.2040141224861145
49,9,RWrist,0.125701904296875,-0.011100771836936474,-0.18390411138534546
49,10,LHip,-0.0692100077867508,0.022598758339881897,-0.14793919026851654
49,11,LKnee,-0.05188931152224541,0.3266163468360901,-0.023887239396572113
49,12,LAnkle,-0.026730641722679138,0.6533536911010742,-0.027008332312107086
49,13,RHip,0.03916863724589348,0.025844253599643707,0.0917445719242096
49,14,RKnee,0.05021725594997406,0.3233014941215515,0.22900092601776123
49,15,RAnkle,-0.010203015990555286,0.6378358602523804,0.2701401114463806
50,0,Pelvis,0.0,0.0,0.0
50,1,Spine,0.006777136120945215,-0.1664794385433197,-0.06281581521034241
50,2,Thorax,-0.02005017176270485,-0.3913648724555969,-0.03044731169939041
50,3,Head,-0.04045065492391586,-0.520022988319397,-0.26660749316215515
50,4,LShoulder,0.02101276069879532,-0.36466845870018005,-0.18285861611366272
50,5,LElbow,0.015974365174770355,-0.19820666313171387,-0.23185451328754425
50,6,LWrist,0.02146800607442856,0.028303395956754684,-0.2685360908508301
50,7,RShoulder,-0.006231086328625679,-0.3283626437187195,-0.17063429951667786
50,8,RElbow,-0.11475184559822083,-0.17883703112602234,-0.25800442695617676
50,9,RWrist,-0.14487579464912415,0.025424126535654068,-0.19196976721286774
50,10,LHip,-0.05014584958553314,0.02231617458164692,-0.1561959981918335
50,11,LKnee,-0.038558006286621094,0.321663498878479,-0.026084475219249725
50,12,LAnkle,-0.027000177651643753,0.6540521383285522,-0.026948437094688416
50,13,RHip,0.029662102460861206,0.022609896957874298,0.09291338920593262
50,14,RKnee,0.052498333156108856,0.31827038526535034,0.23367027938365936
50,15,RAnkle,-0.012566128745675087,0.6332113742828369,0.2713039219379425
51,0,Pelvis,0.0,0.0,0.0
51,1,Spine,0.008096626028418541,-0.16699397563934326,-0.06195482611656189
51,2,Thorax,-0.02151310071349144,-0.3948153555393219,-0.03164881467819214
51,3,Head,-0.04708290472626686,-0.5223225951194763,-0.2701447308063507
51,4,LShoulder,0.024973325431346893,-0.3696036636829376,-0.1864958107471466
51,5,LElbow,0.022158145904541016,-0.19943174719810486,-0.24099856615066528
51,6,LWrist,0.03088890016078949,0.02756582945585251,-0.2677624225616455
51,7,RShoulder,-0.013637209311127663,-0.3308264911174774,-0.1698576658964157
51,8,RElbow,-0.13822481036186218,-0.18130409717559814,-0.25822004675865173
51,9,RWrist,-0.15159159898757935,0.023930352181196213,-0.19829073548316956
51,10,LHip,-0.04525052011013031,0.02337760478258133,-0.1581311821937561
51,11,LKnee,-0.03784504532814026,0.3227063715457916,-0.02572626620531082
51,12,LAnkle,-0.027591250836849213,0.6608071327209473,-0.028442710638046265
51,13,RHip,0.02679271250963211,0.021884236484766006,0.09430721402168274
51,14,RKnee,0.0531940832734108,0.31639379262924194,0.23752404749393463
51,15,RAnkle,-0.01394318975508213,0.6320244073867798,0.2696680426597595
52,0,Pelvis,0.0,0.0,0.0
52,1,Spine,0.015114431269466877,-0.1695026308298111,-0.05985141173005104
52,2,Thorax,-0.020514875650405884,-0.398883581161499,-0.030714835971593857
52,3,Head,-0.050034500658512115,-0.5347200632095337,-0.2759496867656708
52,4,LShoulder,0.0391925573348999,-0.375701367855072,-0.18760451674461365
52,5,LElbow,0.03204178810119629,-0.2062867432832718,-0.247813880443573
52,6,LWrist,0.05755827948451042,0.02611098811030388,-0.26749223470687866
52,7,RShoulder,-0.01623302325606346,-0.33670127391815186,-0.17026224732398987
52,8,RElbow,-0.14990456402301788,-0.18927928805351257,-0.2647286653518677
52,9,RWrist,-0.1571045219898224,0.018265269696712494,-0.21444819867610931
52,10,LHip,-0.03922527655959129,0.022555194795131683,-0.16052071750164032
52,11,LKnee,-0.029724663123488426,0.3215917944908142,-0.027651347219944
52,12,LAnkle,-0.02332014963030815,0.6617865562438965,-0.03030186891555786
52,13,RHip,0.024468302726745605,0.02266703173518181,0.09696418046951294
52,14,RKnee,0.059963494539260864,0.31341782212257385,0.2445545643568039
52,15,RAnkle,-0.022710664197802544,0.6349424123764038,0.26333194971084595
53,0,Pelvis,0.0,0.0,0.0
53,1,Spine,0.024644119665026665,-0.17120718955993652,-0.054469965398311615
53,2,Thorax,-0.012156021781265736,-0.4013616144657135,-0.028137635439634323
53,3,Head,-0.03912278264760971,-0.5426939129829407,-0.26962077617645264
53,4,LShoulder,0.05329340696334839,-0.379818320274353,-0.18414601683616638
53,5,LElbow,0.031527079641819,-0.20961101353168488,-0.2495744377374649
53,6,LWrist,0.07111233472824097,0.022941594943404198,-0.2710440754890442
53,7,RShoulder,-0.003996889106929302,-0.33932530879974365,-0.16720175743103027
53,8,RElbow,-0.11550171673297882,-0.19880759716033936,-0.27192527055740356
53,9,RWrist,-0.15349681675434113,0.014025469310581684,-0.22077006101608276
53,10,LHip,-0.038177888840436935,0.021173082292079926,-0.16035014390945435
53,11,LKnee,-0.02125205285847187,0.32174479961395264,-0.029803289100527763
53,12,LAnkle,-0.016604475677013397,0.6618475914001465,-0.029952429234981537
53,13,RHip,0.023680230602622032,0.02647537738084793,0.10184028744697571
53,14,RKnee,0.06943334639072418,0.3129080832004547,0.24687233567237854
53,15,RAnkle,-0.020432202145457268,0.6379033327102661,0.2536287307739258
54,0,Pelvis,0.0,0.0,0.0
54,1,Spine,0.02971442975103855,-0.17080317437648773,-0.0542437806725502
54,2,Thorax,-0.010905462317168713,-0.40427082777023315,-0.0231985691934824
54,3,Head,-0.0214277021586895,-0.5270506143569946,-0.23576587438583374
54,4,LShoulder,-0.015405609272420406,-0.3693687915802002,-0.18027092516422272
54,5,LElbow,-0.12197265028953552,-0.19260716438293457,-0.2458317130804062
54,6,LWrist,-0.11922084540128708,0.03799838572740555,-0.27334436774253845
54,7,RShoulder,0.051591020077466965,-0.34294751286506653,-0.15923243761062622
54,8,RElbow,0.12274575978517532,-0.19684666395187378,-0.25579214096069336
54,9,RWrist,0.08246416598558426,0.02351272664964199,-0.22085769474506378
54,10,LHip,-0.061630867421627045,0.024535521864891052,-0.15225651860237122
54,11,LKnee,-0.041203971952199936,0.325309693813324,-0.016785256564617157
54,12,LAnkle,-0.02428951859474182,0.6751092672348022,-0.030740872025489807
54,13,RHip,0.033496104180812836,0.023897770792245865,0.09702533483505249
54,14,RKnee,0.06591138243675232,0.3091375231742859,0.25185319781303406
54,15,RAnkle,-0.007833607494831085,0.6366540789604187,0.2617589831352234
55,0,Pelvis,0.0,0.0,0.0
55,1,Spine,0.03278500586748123,-0.17342892289161682,-0.05449647456407547
55,2,Thorax,-0.002780138049274683,-0.4076610803604126,-0.027701478451490402
55,3,Head,-0.020257331430912018,-0.5457237958908081,-0.2558990716934204
55,4,LShoulder,0.017755499109625816,-0.3817870318889618,-0.19267728924751282
55,5,LElbow,-0.020104680210351944,-0.20325857400894165,-0.2785436511039734
55,6,LWrist,-0.031001191586256027,0.0201499592512846,-0.3018381595611572
55,7,RShoulder,0.04342562332749367,-0.34965062141418457,-0.16433373093605042
55,8,RElbow,0.004407944157719612,-0.21244673430919647,-0.2813906967639923
55,9,RWrist,-0.006524082273244858,0.020110446959733963,-0.263436496257782
55,10,LHip,-0.052727606147527695,0.019019439816474915,-0.1537872850894928
55,11,LKnee,-0.027623098343610764,0.32123467326164246,-0.022535495460033417
55,12,LAnkle,-0.015323789790272713,0.6714316606521606,-0.03260655701160431
55,13,RHip,0.0314972810447216,0.025475285947322845,0.09964050352573395
55,14,RKnee,0.07612389326095581,0.31172192096710205,0.24885934591293335
55,15,RAnkle,-0.006879453081637621,0.6436904668807983,0.24759531021118164
56,0,Pelvis,0.0,0.0,0.0
56,1,Spine,0.037883125245571136,-0.17010661959648132,-0.05618853121995926
56,2,Thorax,0.009694816544651985,-0.4067336320877075,-0.02966119349002838
56,3,Head,-0.025322936475276947,-0.531828761100769,-0.2606344521045685
56,4,LShoulder,0.06167517974972725,-0.38155627250671387,-0.18232081830501556
56,5,LElbow,0.03410634398460388,-0.20732665061950684,-0.25261175632476807
56,6,LWrist,0.045518193393945694,0.023365801200270653,-0.27740126848220825
56,7,RShoulder,0.03666377067565918,-0.3425787091255188,-0.16601379215717316
56,8,RElbow,-0.04711315780878067,-0.20864464342594147,-0.2836010754108429
56,9,RWrist,-0.06821367144584656,0.005487666465342045,-0.23834939301013947
56,10,LHip,-0.06110334396362305,0.021118180826306343,-0.14995300769805908
56,11,LKnee,-0.037083953619003296,0.3198135793209076,-0.019857048988342285
56,12,LAnkle,-0.022960174828767776,0.6659760475158691,-0.03392094373703003
56,13,RHip,0.03200379014015198,0.02450966089963913,0.09705275297164917
56,14,RKnee,0.07180111110210419,0.3038914203643799,0.2579596936702728
56,15,RAnkle,0.0023660333827137947,0.644047737121582,0.25006186962127686
57,0,Pelvis,0.0,0.0,0.0
57,1,Spine,0.0336243137717247,-0.1729910671710968,-0.05773346871137619
57,2,Thorax,0.0022598695941269398,-0.4168054461479187,-0.034542445093393326
57,3,Head,-0.016202399507164955,-0.5392181277275085,-0.24617528915405273
57,4,LShoulder,0.011109299957752228,-0.3795223832130432,-0.17625443637371063
57,5,LElbow,-0.08207067847251892,-0.205719456076622,-0.2340978980064392
57,6,LWrist,-0.0382734090089798,0.02221369370818138,-0.30795907974243164
57,7,RShoulder,0.05631263926625252,-0.3474962115287781,-0.16542036831378937
57,8,RElbow,0.07359041273593903,-0.2119932472705841,-0.2812659740447998
57,9,RWrist,0.10293979942798615,0.007034458220005035,-0.21059352159500122
57,10,LHip,-0.06823237985372543,0.020296428352594376,-0.14488065242767334
57,11,LKnee,-0.03987919166684151,0.3160245418548584,-0.019024983048439026
57,12,LAnkle,-0.020475970581173897,0.664455235004425,-0.03167477250099182
57,13,RHip,0.03701880946755409,0.024577796459197998,0.09432249516248703
57,14,RKnee,0.07460953295230865,0.31164997816085815,0.2547255754470825
57,15,RAnkle,0.005910927429795265,0.6512678861618042,0.2441297322511673
58,0,Pelvis,0.0,0.0,0.0
58,1,Spine,0.033959321677684784,-0.17359811067581177,-0.057591114193201065
58,2,Thorax,0.0028170226141810417,-0.4194207191467285,-0.030642012134194374
58,3,Head,-0.015901021659374237,-0.5363594889640808,-0.23380504548549652
58,4,LShoulder,-0.013311842456459999,-0.3793843388557434,-0.17482584714889526
58,5,LElbow,-0.12215713411569595,-0.2058376967906952,-0.2385498434305191
58,6,LWrist,-0.10052186250686646,0.019174698740243912,-0.2978382110595703
58,7,RShoulder,0.07562287896871567,-0.3518608510494232,-0.15853387117385864
58,8,RElbow,0.15098348259925842,-0.21335095167160034,-0.25575584173202515
58,9,RWrist,0.13107144832611084,0.00806736946105957,-0.2024019956588745
58,10,LHip,-0.0744529590010643,0.023481886833906174,-0.14390236139297485
58,11,LKnee,-0.047834087163209915,0.32472217082977295,-0.013231448829174042
58,12,LAnkle,-0.02372927777469158,0.6706229448318481,-0.02741371840238571
58,13,RHip,0.04037423059344292,0.02433113008737564,0.09752063453197479
58,14,RKnee,0.07054358720779419,0.3115239143371582,0.2586701512336731
58,15,RAnkle,0.00635420111939311,0.6594644784927368,0.24529051780700684
59,0,Pelvis,0.0,0.0,0.0
59,1,Spine,0.02051275037229061,-0.18192368745803833,-0.0588364452123642
59,2,Thorax,-0.0003603682853281498,-0.4374714493751526,-0.03784358873963356
59,3,Head,-0.006680684629827738,-0.5597639083862305,-0.24043993651866913
59,4,LShoulder,-0.023500043898820877,-0.39778661727905273,-0.18326155841350555
59,5,LElbow,-0.16674566268920898,-0.22430260479450226,-0.24666446447372437
59,6,LWrist,-0.09629733860492706,0.006861642003059387,-0.2955968976020813
59,7,RShoulder,0.07385549694299698,-0.366248220205307,-0.1650678962469101
59,8,RElbow,0.16712550818920135,-0.22754564881324768,-0.26228147745132446
59,9,RWrist,0.07070504128932953,-0.004270588047802448,-0.227568119764328
59,10,LHip,-0.0737038403749466,0.02249736338853836,-0.14646899700164795
59,11,LKnee,-0.06288062781095505,0.32831722497940063,-0.008660227060317993
59,12,LAnkle,-0.01769796386361122,0.6900715827941895,-0.025751248002052307
59,13,RHip,0.04428904876112938,0.025544296950101852,0.10056935995817184
59,14,RKnee,0.0691743716597557,0.33045336604118347,0.24792951345443726
59,15,RAnkle,0.01045295875519514,0.678984522819519,0.24341629445552826
60,0,Pelvis,0.0,0.0,0.0
60,1,Spine,-0.0009103954071179032,-0.18478181958198547,-0.060205474495887756
60,2,Thorax,-0.007301243022084236,-0.44921445846557617,-0.04869221895933151
60,3,Head,-0.017569728195667267,-0.5782297849655151,-0.2699398994445801
60,4,LShoulder,0.0067568751983344555,-0.4103253185749054,-0.19639408588409424
60,5,LElbow,-0.03309377282857895,-0.23003292083740234,-0.2642696499824524
60,6,LWrist,0.05866359919309616,0.001741550862789154,-0.2956535816192627
60,7,RShoulder,0.024705491960048676,-0.3670414090156555,-0.17591971158981323
60,8,RElbow,-0.059803690761327744,-0.23197594285011292,-0.3038519024848938
60,9,RWrist,-0.1677384227514267,-0.05046864226460457,-0.31127405166625977
60,10,LHip,-0.06391717493534088,0.02319369465112686,-0.14975902438163757
60,11,LKnee,-0.06409014016389847,0.3302844762802124,-0.012591172009706497
60,12,LAnkle,-0.019283002242445946,0.6938859224319458,-0.02041582018136978
60,13,RHip,0.04148482903838158,0.023295078426599503,0.10335016250610352
60,14,RKnee,0.05463589355349541,0.3393033444881439,0.23635485768318176
60,15,RAnkle,0.010171107947826385,0.7014373540878296,0.24144458770751953
61,0,Pelvis,0.0,0.0,0.0
61,1,Spine,-0.012058206833899021,-0.18715378642082214,-0.05848843604326248
61,2,Thorax,-0.011394485831260681,-0.45996737480163574,-0.0556110255420208
61,3,Head,-0.018842019140720367,-0.5827194452285767,-0.2733651399612427
61,4,LShoulder,0.0017728684470057487,-0.41042089462280273,-0.19684487581253052
61,5,LElbow,-0.025837138295173645,-0.23355090618133545,-0.25468331575393677
61,6,LWrist,0.06524398177862167,-0.003608487546443939,-0.29870134592056274
61,7,RShoulder,0.022564999759197235,-0.37131020426750183,-0.179190993309021
61,8,RElbow,-0.0657106563448906,-0.23495182394981384,-0.3094647526741028
61,9,RWrist,-0.1664096862077713,-0.06864587217569351,-0.3255150318145752
61,10,LHip,-0.06027543544769287,0.02581719309091568,-0.15293678641319275
61,11,LKnee,-0.05065611004829407,0.33675873279571533,-0.015636321157217026
61,12,LAnkle,-0.020673386752605438,0.6942040920257568,-0.014989882707595825
61,13,RHip,0.04074970260262489,0.022507622838020325,0.10610146075487137
61,14,RKnee,0.04247326776385307,0.34383511543273926,0.22741344571113586
61,15,RAnkle,0.010222510434687138,0.7173211574554443,0.23142997920513153
62,0,Pelvis,0.0,0.0,0.0
62,1,Spine,-0.010003959760069847,-0.18662886321544647,-0.06231924518942833
62,2,Thorax,-0.005056928843259811,-0.46022462844848633,-0.05535449832677841
62,3,Head,-0.0038145077414810658,-0.5864351987838745,-0.2638108730316162
62,4,LShoulder,-0.015244310721755028,-0.4089539647102356,-0.19209671020507812
62,5,LElbow,-0.09844018518924713,-0.2309955358505249,-0.253403902053833
62,6,LWrist,0.03893395513296127,-0.003459096886217594,-0.30567508935928345
62,7,RShoulder,0.050788260996341705,-0.3707001805305481,-0.18264742195606232
62,8,RElbow,0.04731404781341553,-0.22867470979690552,-0.3090325593948364
62,9,RWrist,-0.08333033323287964,-0.044010840356349945,-0.3163844347000122
62,10,LHip,-0.06993136554956436,0.02541395276784897,-0.14853861927986145
62,11,LKnee,-0.0455498993396759,0.33955156803131104,-0.017280884087085724
62,12,LAnkle,-0.014779476448893547,0.6976514458656311,-0.01497437059879303
62,13,RHip,0.046506766229867935,0.023472782224416733,0.10140535235404968
62,14,RKnee,0.04242589324712753,0.35258057713508606,0.21629425883293152
62,15,RAnkle,0.014292346313595772,0.7260652780532837,0.225240096449852
63,0,Pelvis,0.0,0.0,0.0
63,1,Spine,-0.008121536113321781,-0.18676170706748962,-0.06061980128288269
63,2,Thorax,0.00389863271266222,-0.45762136578559875,-0.04779912903904915
63,3,Head,0.007320181932300329,-0.5838481187820435,-0.25438106060028076
63,4,LShoulder,-0.038786713033914566,-0.40753185749053955,-0.19045120477676392
63,5,LElbow,-0.17337217926979065,-0.2315962314605713,-0.2543654143810272
63,6,LWrist,-0.09209877252578735,-0.009656552225351334,-0.31817448139190674
63,7,RShoulder,0.08243657648563385,-0.37672245502471924,-0.18018224835395813
63,8,RElbow,0.1720774620771408,-0.2200048565864563,-0.27535584568977356
63,9,RWrist,0.054157573729753494,-0.020539775490760803,-0.24279657006263733
63,10,LHip,-0.07861338555812836,0.025599468499422073,-0.14659768342971802
63,11,LKnee,-0.043010883033275604,0.3449179530143738,-0.021180544048547745
63,12,LAnkle,-0.010680414736270905,0.6988315582275391,-0.011043190956115723
63,13,RHip,0.050924841314554214,0.024555085226893425,0.09995684772729874
63,14,RKnee,0.044042401015758514,0.36121678352355957,0.21150636672973633
63,15,RAnkle,0.01624031364917755,0.7364481091499329,0.22054070234298706
64,0,Pelvis,0.0,0.0,0.0
64,1,Spine,-0.008762482553720474,-0.18649721145629883,-0.06067850813269615
64,2,Thorax,0.006772670429199934,-0.4586416184902191,-0.046293843537569046
64,3,Head,0.011893355287611485,-0.5782562494277954,-0.24851438403129578
64,4,LShoulder,-0.04274439439177513,-0.4078027606010437,-0.18811415135860443
64,5,LElbow,-0.17690995335578918,-0.23064768314361572,-0.24394109845161438
64,6,LWrist,-0.09524621069431305,-0.011715445667505264,-0.318592369556427
64,7,RShoulder,0.08895426988601685,-0.3790131211280823,-0.17997907102108002
64,8,RElbow,0.1979289948940277,-0.21826788783073425,-0.26175999641418457
64,9,RWrist,0.09290633350610733,-0.011982892639935017,-0.21028046309947968
64,10,LHip,-0.07963554561138153,0.026199407875537872,-0.1484626829624176
64,11,LKnee,-0.04654471576213837,0.3469119668006897,-0.022597987204790115
64,12,LAnkle,-0.010602490045130253,0.6974836587905884,-0.01150752604007721
64,13,RHip,0.05140058323740959,0.024845536798238754,0.10167712718248367
64,14,RKnee,0.04106441140174866,0.3632407784461975,0.21099449694156647
64,15,RAnkle,0.012560786679387093,0.7397488951683044,0.22626835107803345
65,0,Pelvis,0.0,0.0,0.0
65,1,Spine,-0.01393965631723404,-0.18934351205825806,-0.05971529707312584
65,2,Thorax,0.00805696565657854,-0.4739598035812378,-0.05382738634943962
65,3,Head,0.02084089256823063,-0.5904735326766968,-0.24881958961486816
65,4,LShoulder,-0.04552414268255234,-0.41851747035980225,-0.194338858127594
65,5,LElbow,-0.15726986527442932,-0.23370127379894257,-0.25379490852355957
65,6,LWrist,-0.08139564841985703,-0.021474488079547882,-0.3415091037750244
65,7,RShoulder,0.09458781778812408,-0.3863985538482666,-0.1823039948940277
65,8,RElbow,0.21625402569770813,-0.2135675996541977,-0.24694079160690308
65,9,RWrist,0.13775326311588287,-0.009163632988929749,-0.17011234164237976
65,10,LHip,-0.07654853165149689,0.023743152618408203,-0.14879006147384644
65,11,LKnee,-0.03632825240492821,0.3508226275444031,-0.026172339916229248
65,12,LAnkle,-0.006123019382357597,0.7067892551422119,-0.01255200058221817
65,13,RHip,0.050170108675956726,0.027023056522011757,0.10729055106639862
65,14,RKnee,0.03677871823310852,0.36278149485588074,0.2108788937330246
65,15,RAnkle,0.002548428252339363,0.7489516139030457,0.21790052950382233
66,0,Pelvis,0.0,0.0,0.0
66,1,Spine,-0.018505960702896118,-0.19006365537643433,-0.05904002487659454
66,2,Thorax,0.0025912956334650517,-0.4705270528793335,-0.053672753274440765
66,3,Head,0.015109444037079811,-0.5885282158851624,-0.2500676214694977
66,4,LShoulder,-0.03369276225566864,-0.4195474684238434,-0.19209587574005127
66,5,LElbow,-0.11092228442430496,-0.23518528044223785,-0.24160990118980408
66,6,LWrist,-0.043494872748851776,-0.017323631793260574,-0.34116020798683167
66,7,RShoulder,0.08155671507120132,-0.3849716782569885,-0.18310673534870148
66,8,RElbow,0.21864260733127594,-0.20822833478450775,-0.23483334481716156
66,9,RWrist,0.14581412076950073,-0.014816626906394958,-0.15323792397975922
66,10,LHip,-0.06629472225904465,0.029553884640336037,-0.15077626705169678
66,11,LKnee,-0.028236253187060356,0.34767359495162964,-0.020921681076288223
66,12,LAnkle,-0.00801435299217701,0.713429868221283,-0.015771232545375824
66,13,RHip,0.04346497356891632,0.022558551281690598,0.10673736035823822
66,14,RKnee,0.016024725511670113,0.35347455739974976,0.21629008650779724
66,15,RAnkle,-0.02004951238632202,0.7309005260467529,0.22745613753795624
67,0,Pelvis,0.0,0.0,0.0
67,1,Spine,-0.011580412276089191,-0.19320595264434814,-0.053198572248220444
67,2,Thorax,0.009096150286495686,-0.4830213189125061,-0.051639657467603683
67,3,Head,0.024529678747057915,-0.6060887575149536,-0.24557965993881226
67,4,LShoulder,-0.028161875903606415,-0.42889404296875,-0.19000712037086487
67,5,LElbow,-0.09001519531011581,-0.24530117213726044,-0.2523805499076843
67,6,LWrist,-0.025913136079907417,-0.03418952226638794,-0.3555395305156708
67,7,RShoulder,0.09166879206895828,-0.39870771765708923,-0.17896738648414612
67,8,RElbow,0.23463840782642365,-0.2158513367176056,-0.2267986536026001
67,9,RWrist,0.16836291551589966,-0.02343619056046009,-0.14744797348976135
67,10,LHip,-0.05751362442970276,0.025885092094540596,-0.15198305249214172
67,11,LKnee,-0.019016649574041367,0.3428381681442261,-0.01781337335705757
67,12,LAnkle,-0.003973362967371941,0.7173395752906799,-0.018116846680641174
67,13,RHip,0.039760805666446686,0.02897082082927227,0.11796419322490692
67,14,RKnee,0.02273988164961338,0.3501379191875458,0.22296471893787384
67,15,RAnkle,-0.028816144913434982,0.7361407279968262,0.22861076891422272
68,0,Pelvis,0.0,0.0,0.0
68,1,Spine,0.039870500564575195,-0.16018059849739075,-0.05463353171944618
68,2,Thorax,0.025010842829942703,-0.38811391592025757,-0.018785199150443077
68,3,Head,-0.004452368710190058,-0.46815550327301025,-0.21687105298042297
68,4,LShoulder,-0.021833764389157295,-0.35477414727211,-0.15868668258190155
68,5,LElbow,-0.17168962955474854,-0.20121857523918152,-0.17241814732551575
68,6,LWrist,-0.16798430681228638,-0.004052804782986641,-0.2005140334367752
68,7,RShoulder,0.11221557855606079,-0.32989656925201416,-0.1535191386938095
68,8,RElbow,0.16365428268909454,-0.1862659603357315,-0.23722463846206665
68,9,RWrist,0.11998510360717773,-0.04056897014379501,-0.2068762332201004
68,10,LHip,-0.07714863866567612,0.028869304805994034,-0.13565993309020996
68,11,LKnee,-0.013544575311243534,0.3084527254104614,0.007642757147550583
68,12,LAnkle,-0.011928383260965347,0.5980736613273621,0.0379314050078392
68,13,RHip,0.03916000574827194,0.022799402475357056,0.08541575074195862
68,14,RKnee,0.034385714679956436,0.2916269302368164,0.24961334466934204
68,15,RAnkle,-0.02080901525914669,0.5706067085266113,0.35875403881073
69,0,Pelvis,0.0,0.0,0.0
69,1,Spine,0.043491315096616745,-0.16023904085159302,-0.05481348931789398
69,2,Thorax,0.023073261603713036,-0.39328187704086304,-0.021338047459721565
69,3,Head,-0.0060376375913619995,-0.4768354892730713,-0.21445897221565247
69,4,LShoulder,-0.026651300489902496,-0.3589829206466675,-0.16128385066986084
69,5,LElbow,-0.17522943019866943,-0.20688863098621368,-0.1739666759967804
69,6,LWrist,-0.1723417043685913,-0.00854436680674553,-0.20609799027442932
69,7,RShoulder,0.11288735270500183,-0.33264851570129395,-0.15168027579784393
69,8,RElbow,0.17317458987236023,-0.19517171382904053,-0.23013490438461304
69,9,RWrist,0.10330269485712051,-0.035518769174814224,-0.1941922903060913
69,10,LHip,-0.07405249774456024,0.02849634736776352,-0.1368536800146103
69,11,LKnee,-0.017009947448968887,0.30830684304237366,0.0072951726615428925
69,12,LAnkle,-0.011982872150838375,0.6009520888328552,0.03349488973617554
69,13,RHip,0.035328689962625504,0.02177206054329872,0.08775193989276886
69,14,RKnee,0.033174216747283936,0.2886434495449066,0.25535207986831665
69,15,RAnkle,-0.026344716548919678,0.5697489976882935,0.36635440587997437
70,0,Pelvis,0.0,0.0,0.0
70,1,Spine,0.046331532299518585,-0.16026759147644043,-0.05502905324101448
70,2,Thorax,0.02721366286277771,-0.3945077657699585,-0.02127719856798649
70,3,Head,-0.003123772330582142,-0.47619497776031494,-0.2142850160598755
70,4,LShoulder,-0.025304581969976425,-0.35682573914527893,-0.15862905979156494
70,5,LElbow,-0.18341079354286194,-0.2049529254436493,-0.16839465498924255
70,6,LWrist,-0.17845776677131653,-0.007625928148627281,-0.19317197799682617
70,7,RShoulder,0.11823494732379913,-0.3346436321735382,-0.15305952727794647
70,8,RElbow,0.1748344600200653,-0.18862321972846985,-0.23026859760284424
70,9,RWrist,0.10462501645088196,-0.01902107149362564,-0.1855878233909607
70,10,LHip,-0.0733306035399437,0.02541712298989296,-0.13829483091831207
70,11,LKnee,-0.017235059291124344,0.3055823743343353,0.007995817810297012
70,12,LAnkle,-0.013525417074561119,0.5965556502342224,0.03070976585149765
70,13,RHip,0.03483869135379791,0.02345973253250122,0.08868054300546646
70,14,RKnee,0.0343463309109211,0.2911103367805481,0.25285542011260986
70,15,RAnkle,-0.028340185061097145,0.5749107599258423,0.360103577375412
71,0,Pelvis,0.0,0.0,0.0
71,1,Spine,0.04851163923740387,-0.1588105708360672,-0.055401116609573364
71,2,Thorax,0.024849427863955498,-0.39279070496559143,-0.021886242553591728
71,3,Head,-0.004823831841349602,-0.4754675328731537,-0.21603110432624817
71,4,LShoulder,-0.02624676562845707,-0.35746580362319946,-0.16077359020709991
71,5,LElbow,-0.18556368350982666,-0.20539718866348267,-0.16347098350524902
71,6,LWrist,-0.18895074725151062,-0.0038479119539260864,-0.1875963658094406
71,7,RShoulder,0.11641835421323776,-0.3311464786529541,-0.15514089167118073
71,8,RElbow,0.17035208642482758,-0.18354842066764832,-0.2271602302789688
71,9,RWrist,0.08159200847148895,-0.005382698494940996,-0.17242243885993958
71,10,LHip,-0.06996900588274002,0.02480998821556568,-0.14023829996585846
71,11,LKnee,-0.022631067782640457,0.3065575957298279,0.0038252361118793488
71,12,LAnkle,-0.013989538885653019,0.6019235849380493,0.02652674913406372
71,13,RHip,0.031326159834861755,0.0242563895881176,0.08989283442497253
71,14,RKnee,0.03146563470363617,0.2922346591949463,0.2506906986236572
71,15,RAnkle,-0.03687991201877594,0.5778440833091736,0.35537225008010864
72,0,Pelvis,0.0,0.0,0.0
72,1,Spine,0.05357784777879715,-0.15690124034881592,-0.05442377179861069
72,2,Thorax,0.029394127428531647,-0.3835125267505646,-0.01839347928762436
72,3,Head,0.0029840641655027866,-0.46723321080207825,-0.21382039785385132
72,4,LShoulder,-0.023817865177989006,-0.3500150442123413,-0.15848198533058167
72,5,LElbow,-0.189381405711174,-0.20165374875068665,-0.15600386261940002
72,6,LWrist,-0.19624772667884827,-0.0008058100938796997,-0.1648731529712677
72,7,RShoulder,0.12467926740646362,-0.32552117109298706,-0.15391035377979279
72,8,RElbow,0.1738888919353485,-0.1719750463962555,-0.21912609040737152
72,9,RWrist,0.08842214941978455,0.010461624711751938,-0.15980198979377747
72,10,LHip,-0.07474703341722488,0.01862681284546852,-0.13980206847190857
72,11,LKnee,-0.03364818915724754,0.3073972463607788,-0.002872530370950699
72,12,LAnkle,-0.010554212145507336,0.5996972918510437,0.019630633294582367
72,13,RHip,0.03261723741889,0.027084145694971085,0.08935695886611938
72,14,RKnee,0.035379208624362946,0.2998706102371216,0.2451968938112259
72,15,RAnkle,-0.03370241820812225,0.5867921113967896,0.34127700328826904
73,0,Pelvis,0.0,0.0,0.0
73,1,Spine,0.05237104743719101,-0.15735012292861938,-0.05717075243592262
73,2,Thorax,0.028158891946077347,-0.3842398524284363,-0.020597202703356743
73,3,Head,0.003724671434611082,-0.471625417470932,-0.21653404831886292
73,4,LShoulder,-0.02511180192232132,-0.3517796993255615,-0.15987282991409302
73,5,LElbow,-0.1885739266872406,-0.20261168479919434,-0.15838682651519775
73,6,LWrist,-0.19901219010353088,0.0003742128610610962,-0.1750919073820114
73,7,RShoulder,0.12103502452373505,-0.3241523504257202,-0.15658679604530334
73,8,RElbow,0.1767839789390564,-0.17334812879562378,-0.2212066799402237
73,9,RWrist,0.0729554295539856,0.01523188129067421,-0.15562757849693298
73,10,LHip,-0.07417183369398117,0.017903175204992294,-0.1410987377166748
73,11,LKnee,-0.03208942711353302,0.3076745271682739,-0.00414218008518219
73,12,LAnkle,-0.016085367649793625,0.6046189069747925,0.015404626727104187
73,13,RHip,0.03354804217815399,0.02680005133152008,0.08709365129470825
73,14,RKnee,0.0342697836458683,0.30259212851524353,0.2409369796514511
73,15,RAnkle,-0.039239197969436646,0.5878621935844421,0.33177709579467773
74,0,Pelvis,0.0,0.0,0.0
74,1,Spine,0.0495796874165535,-0.15776190161705017,-0.05738038569688797
74,2,Thorax,0.024276137351989746,-0.38327980041503906,-0.019897647202014923
74,3,Head,0.001991842407733202,-0.471462219953537,-0.2195155918598175
74,4,LShoulder,-0.027206391096115112,-0.35827383399009705,-0.16354680061340332
74,5,LElbow,-0.1899930238723755,-0.20482665300369263,-0.16284611821174622
74,6,LWrist,-0.2087024748325348,0.002438358962535858,-0.17416559159755707
74,7,RShoulder,0.11425332725048065,-0.3230822682380676,-0.15857462584972382
74,8,RElbow,0.1633012294769287,-0.17351780831813812,-0.22738204896450043
74,9,RWrist,0.051594868302345276,0.01676492765545845,-0.17750360071659088
74,10,LHip,-0.07105398178100586,0.01976069062948227,-0.14226746559143066
74,11,LKnee,-0.03549451380968094,0.3126215934753418,-0.004358239471912384
74,12,LAnkle,-0.018596820533275604,0.6154666543006897,0.011276483535766602
74,13,RHip,0.03143313527107239,0.027147304266691208,0.08883322775363922
74,14,RKnee,0.03136001527309418,0.3055017590522766,0.23396560549736023
74,15,RAnkle,-0.04347192123532295,0.5918804407119751,0.31814485788345337
75,0,Pelvis,0.0,0.0,0.0
75,1,Spine,0.05306302011013031,-0.15783622860908508,-0.05848013609647751
75,2,Thorax,0.026296673342585564,-0.3778175115585327,-0.017919505015015602
75,3,Head,0.0076326471753418446,-0.4715580642223358,-0.2147824615240097
75,4,LShoulder,-0.03053499199450016,-0.350159227848053,-0.16050106287002563
75,5,LElbow,-0.1934392750263214,-0.2036149948835373,-0.15704889595508575
75,6,LWrist,-0.21307052671909332,0.005489131435751915,-0.16859744489192963
75,7,RShoulder,0.12370322644710541,-0.3246311843395233,-0.1563197523355484
75,8,RElbow,0.18350617587566376,-0.17296361923217773,-0.21802987158298492
75,9,RWrist,0.09331126511096954,0.01381997112184763,-0.15623264014720917
75,10,LHip,-0.07751426100730896,0.016279056668281555,-0.14242997765541077
75,11,LKnee,-0.05559463053941727,0.3146969974040985,-0.014343097805976868
75,12,LAnkle,-0.02206846885383129,0.6156452894210815,-0.004237852990627289
75,13,RHip,0.035226088017225266,0.02771953120827675,0.08593712002038956
75,14,RKnee,0.035770121961832047,0.31298261880874634,0.23213686048984528
75,15,RAnkle,-0.03716924786567688,0.6011722087860107,0.30821841955184937
76,0,Pelvis,0.0,0.0,0.0
76,1,Spine,0.05158548057079315,-0.1585187017917633,-0.059621721506118774
76,2,Thorax,0.024167701601982117,-0.37852010130882263,-0.020047666504979134
76,3,Head,0.007256540469825268,-0.47212547063827515,-0.21477153897285461
76,4,LShoulder,-0.031004086136817932,-0.3517644703388214,-0.1625993847846985
76,5,LElbow,-0.19448673725128174,-0.20403467118740082,-0.15898633003234863
76,6,LWrist,-0.2143203765153885,0.009020719677209854,-0.17465849220752716
76,7,RShoulder,0.1198742613196373,-0.32179707288742065,-0.15862171351909637
76,8,RElbow,0.1866118609905243,-0.17456844449043274,-0.21958047151565552
76,9,RWrist,0.09220357984304428,0.012903156690299511,-0.1569855809211731
76,10,LHip,-0.07905113697052002,0.01649000495672226,-0.14130720496177673
76,11,LKnee,-0.0461580753326416,0.317400723695755,-0.014551021158695221
76,12,LAnkle,-0.023343492299318314,0.6247425079345703,-0.0024280622601509094
76,13,RHip,0.037299927324056625,0.02720082551240921,0.0839308425784111
76,14,RKnee,0.036232247948646545,0.3149569034576416,0.22886890172958374
76,15,RAnkle,-0.034455034881830215,0.6069632768630981,0.30076199769973755
77,0,Pelvis,0.0,0.0,0.0
77,1,Spine,0.0515255406498909,-0.1601516753435135,-0.061223387718200684
77,2,Thorax,0.021685272455215454,-0.37873774766921997,-0.021459991112351418
77,3,Head,0.0064190044067800045,-0.4759022295475006,-0.21605661511421204
77,4,LShoulder,-0.030191214755177498,-0.3537254333496094,-0.16678361594676971
77,5,LElbow,-0.19629493355751038,-0.2063303142786026,-0.16787564754486084
77,6,LWrist,-0.21581478416919708,0.012542422860860825,-0.186286062002182
77,7,RShoulder,0.11856712400913239,-0.32441776990890503,-0.15948253870010376
77,8,RElbow,0.19592511653900146,-0.17972734570503235,-0.21894223988056183
77,9,RWrist,0.09664542973041534,0.006748910993337631,-0.16316187381744385
77,10,LHip,-0.08033888041973114,0.016418594866991043,-0.14354939758777618
77,11,LKnee,-0.05677977204322815,0.3218512237071991,-0.023992270231246948
77,12,LAnkle,-0.027310149744153023,0.6385477781295776,-0.017900429666042328
77,13,RHip,0.038711175322532654,0.027456559240818024,0.08382739126682281
77,14,RKnee,0.037052422761917114,0.31781160831451416,0.2265245020389557
77,15,RAnkle,-0.030049443244934082,0.6162798404693604,0.297717422246933
78,0,Pelvis,0.0,0.0,0.0
78,1,Spine,0.05035606026649475,-0.16135990619659424,-0.061650630086660385
78,2,Thorax,0.017585240304470062,-0.37920331954956055,-0.022113755345344543
78,3,Head,0.005120117217302322,-0.47859328985214233,-0.21611708402633667
78,4,LShoulder,-0.03424485772848129,-0.3522200584411621,-0.16870948672294617
78,5,LElbow,-0.1977081298828125,-0.20636743307113647,-0.17497369647026062
78,6,LWrist,-0.21424731612205505,0.014544056728482246,-0.19211798906326294
78,7,RShoulder,0.11553911864757538,-0.32640540599823,-0.1584787368774414
78,8,RElbow,0.20259392261505127,-0.18236088752746582,-0.21501865983009338
78,9,RWrist,0.1132194995880127,-0.00049610435962677,-0.16830167174339294
78,10,LHip,-0.08167897164821625,0.016413237899541855,-0.14307665824890137
78,11,LKnee,-0.0651317834854126,0.3263641595840454,-0.029765667393803596
78,12,LAnkle,-0.02850699983537197,0.6452205181121826,-0.02627207338809967
78,13,RHip,0.03935883194208145,0.027667347341775894,0.08487649261951447
78,14,RKnee,0.03713066130876541,0.3224641680717468,0.2270631492137909
78,15,RAnkle,-0.02049209736287594,0.6251013278961182,0.294907808303833
79,0,Pelvis,0.0,0.0,0.0
79,1,Spine,0.046440575271844864,-0.16152909398078918,-0.061881378293037415
79,2,Thorax,0.0108334394171834,-0.3782898485660553,-0.0227920301258564
79,3,Head,0.0005969582125544548,-0.4771394729614258,-0.215849369764328
79,4,LShoulder,-0.0331234373152256,-0.3529611825942993,-0.1708051860332489
79,5,LElbow,-0.19864381849765778,-0.20344582200050354,-0.17992930114269257
79,6,LWrist,-0.2030315101146698,0.01798226498067379,-0.20363768935203552
79,7,RShoulder,0.1031779870390892,-0.31982383131980896,-0.15839841961860657
79,8,RElbow,0.20156896114349365,-0.1812478005886078,-0.21306639909744263
79,9,RWrist,0.0965161919593811,-0.0011636028066277504,-0.16632281243801117
79,10,LHip,-0.08044508099555969,0.01757020130753517,-0.14484257996082306
79,11,LKnee,-0.057249754667282104,0.32891491055488586,-0.03542868047952652
79,12,LAnkle,-0.028041623532772064,0.6472773551940918,-0.027885086834430695
79,13,RHip,0.0400320403277874,0.02775164693593979,0.08496744930744171
79,14,RKnee,0.03274807333946228,0.32458072900772095,0.22458729147911072
79,15,RAnkle,-0.023710574954748154,0.6264827251434326,0.2865449786186218
80,0,Pelvis,0.0,0.0,0.0
80,1,Spine,0.04368441179394722,-0.16251899302005768,-0.06143556535243988
80,2,Thorax,0.005044180434197187,-0.3799701929092407,-0.023898886516690254
80,3,Head,-0.004012676887214184,-0.4765934646129608,-0.21596263349056244
80,4,LShoulder,-0.036181241273880005,-0.3518666923046112,-0.1730712503194809
80,5,LElbow,-0.2014653980731964,-0.2013249397277832,-0.18645331263542175
80,6,LWrist,-0.20013034343719482,0.023918895050883293,-0.2087128609418869
80,7,RShoulder,0.09674102067947388,-0.32156094908714294,-0.15876898169517517
80,8,RElbow,0.200269877910614,-0.18004310131072998,-0.2099204957485199
80,9,RWrist,0.09154612571001053,-0.002554412931203842,-0.16984206438064575
80,10,LHip,-0.08162131905555725,0.018750129267573357,-0.14446160197257996
80,11,LKnee,-0.07471659034490585,0.33597737550735474,-0.034961968660354614
80,12,LAnkle,-0.03187049925327301,0.6524195671081543,-0.035606496036052704
80,13,RHip,0.04058133810758591,0.0270829014480114,0.08661100268363953
80,14,RKnee,0.03741297870874405,0.32482749223709106,0.2244586944580078
80,15,RAnkle,-0.010415779426693916,0.6335567235946655,0.2899417281150818
81,0,Pelvis,0.0,0.0,0.0
81,1,Spine,0.03245685622096062,-0.1646278202533722,-0.06242499500513077
81,2,Thorax,-0.010239003226161003,-0.3866259455680847,-0.02678760141134262
81,3,Head,-0.01949567347764969,-0.486356645822525,-0.2238522469997406
81,4,LShoulder,-0.03929251804947853,-0.35339057445526123,-0.18012133240699768
81,5,LElbow,-0.20024116337299347,-0.1986861526966095,-0.2134544551372528
81,6,LWrist,-0.16157056391239166,0.025530194863677025,-0.2287432849407196
81,7,RShoulder,0.07633480429649353,-0.3268999457359314,-0.15898923575878143
81,8,RElbow,0.17359423637390137,-0.17918260395526886,-0.22125276923179626
81,9,RWrist,0.06067465618252754,-0.004929879680275917,-0.1984870433807373
81,10,LHip,-0.07332870364189148,0.020258385688066483,-0.14923562109470367
81,11,LKnee,-0.07254880666732788,0.3360585868358612,-0.03444838523864746
81,12,LAnkle,-0.031658463180065155,0.6561669111251831,-0.03564558923244476
81,13,RHip,0.03777926787734032,0.02618386782705784,0.08964329212903976
81,14,RKnee,0.03534378483891487,0.3248743712902069,0.22771239280700684
81,15,RAnkle,-0.007580036297440529,0.6342523097991943,0.2906549274921417
82,0,Pelvis,0.0,0.0,0.0
82,1,Spine,0.02190333604812622,-0.16589175164699554,-0.06036008149385452
82,2,Thorax,-0.02382408082485199,-0.3957307040691376,-0.03689003363251686
82,3,Head,-0.05176042020320892,-0.4954756498336792,-0.2581031918525696
82,4,LShoulder,-0.00650649843737483,-0.36107054352760315,-0.19496600329875946
82,5,LElbow,-0.052622146904468536,-0.19176827371120453,-0.28153926134109497
82,6,LWrist,-0.03969703987240791,0.00956552755087614,-0.3023751974105835
82,7,RShoulder,0.016754742711782455,-0.3270123302936554,-0.17037467658519745
82,8,RElbow,-0.09844689071178436,-0.17791977524757385,-0.2724543809890747
82,9,RWrist,-0.13389042019844055,0.00945967435836792,-0.25348690152168274
82,10,LHip,-0.05387745797634125,0.020965944975614548,-0.15321071445941925
82,11,LKnee,-0.062237247824668884,0.3304700553417206,-0.03218022733926773
82,12,LAnkle,-0.03070647269487381,0.6473090052604675,-0.02993123233318329
82,13,RHip,0.031056400388479233,0.024377353489398956,0.09388552606105804
82,14,RKnee,0.03241599723696709,0.3214157223701477,0.22955520451068878
82,15,RAnkle,-0.008513408713042736,0.631237268447876,0.2951970100402832
83,0,Pelvis,0.0,0.0,0.0
83,1,Spine,0.019494274631142616,-0.16667309403419495,-0.06115390360355377
83,2,Thorax,-0.023917600512504578,-0.39538800716400146,-0.03292655199766159
83,3,Head,-0.04748251661658287,-0.49369174242019653,-0.2400718480348587
83,4,LShoulder,-0.018408503383398056,-0.3663049638271332,-0.18928247690200806
83,5,LElbow,-0.12837056815624237,-0.2024250328540802,-0.2731102406978607
83,6,LWrist,-0.08062167465686798,0.01243953313678503,-0.29519447684288025
83,7,RShoulder,0.038566190749406815,-0.3298604488372803,-0.16183879971504211
83,8,RElbow,0.04192272573709488,-0.18089187145233154,-0.2745998501777649
83,9,RWrist,-0.02614370733499527,0.0036175837740302086,-0.2486875355243683
83,10,LHip,-0.054387167096138,0.022020667791366577,-0.15421050786972046
83,11,LKnee,-0.06679205596446991,0.33129483461380005,-0.028680358082056046
83,12,LAnkle,-0.032254867255687714,0.6572524309158325,-0.0285491943359375
83,13,RHip,0.030606906861066818,0.02318122610449791,0.0929545909166336
83,14,RKnee,0.03444628417491913,0.32030242681503296,0.23731648921966553
83,15,RAnkle,-0.005832375027239323,0.630805492401123,0.2981971502304077
84,0,Pelvis,0.0,0.0,0.0
84,1,Spine,0.012433254159986973,-0.16759437322616577,-0.06541793048381805
84,2,Thorax,-0.035388000309467316,-0.4006862938404083,-0.041207700967788696
84,3,Head,-0.07425538450479507,-0.5083168148994446,-0.27334070205688477
84,4,LShoulder,0.015074500814080238,-0.3679129481315613,-0.1928544044494629
84,5,LElbow,-0.021910935640335083,-0.2016763985157013,-0.26810234785079956
84,6,LWrist,0.04978054016828537,0.013378853909671307,-0.2837076485157013
84,7,RShoulder,-0.030539486557245255,-0.3261101245880127,-0.17083600163459778
84,8,RElbow,-0.1876322329044342,-0.1820153146982193,-0.2516934871673584
84,9,RWrist,-0.21187277138233185,0.010025682859122753,-0.2042074054479599
84,10,LHip,-0.04362413287162781,0.023206334561109543,-0.15842390060424805
84,11,LKnee,-0.058322079479694366,0.3271937370300293,-0.02614109218120575
84,12,LAnkle,-0.032133713364601135,0.6554986238479614,-0.026229247450828552
84,13,RHip,0.026772381737828255,0.021390553563833237,0.09447476267814636
84,14,RKnee,0.03185627609491348,0.31728681921958923,0.24439361691474915
84,15,RAnkle,-0.011206524446606636,0.6295384168624878,0.3054153025150299
85,0,Pelvis,0.0,0.0,0.0
85,1,Spine,0.01019770372658968,-0.16793793439865112,-0.06449386477470398
85,2,Thorax,-0.039757102727890015,-0.3998689651489258,-0.040483634918928146
85,3,Head,-0.07849092036485672,-0.5088896155357361,-0.2734663486480713
85,4,LShoulder,0.02483263798058033,-0.3680753707885742,-0.19100315868854523
85,5,LElbow,0.0015341565012931824,-0.20160335302352905,-0.25959932804107666
85,6,LWrist,0.053977835923433304,0.015081357210874557,-0.27354419231414795
85,7,RShoulder,-0.038844034075737,-0.32766613364219666,-0.16944141685962677
85,8,RElbow,-0.19112026691436768,-0.1835050731897354,-0.2524964511394501
85,9,RWrist,-0.2205786556005478,0.010843594558537006,-0.20264920592308044
85,10,LHip,-0.04240032285451889,0.02436874806880951,-0.1587570309638977
85,11,LKnee,-0.05876627564430237,0.3274917006492615,-0.024853214621543884
85,12,LAnkle,-0.033918868750333786,0.660336434841156,-0.027564145624637604
85,13,RHip,0.026561900973320007,0.02036779746413231,0.09547372162342072
85,14,RKnee,0.03498147428035736,0.3151310086250305,0.2480393946170807
85,15,RAnkle,-0.011612960137426853,0.629072904586792,0.3033643364906311
86,0,Pelvis,0.0,0.0,0.0
86,1,Spine,0.022016044706106186,-0.16961264610290527,-0.057493194937705994
86,2,Thorax,-0.028738968074321747,-0.3999294340610504,-0.037885356694459915
86,3,Head,-0.06950753927230835,-0.5109635591506958,-0.2715807557106018
86,4,LShoulder,0.04754575714468956,-0.3730226159095764,-0.1887287199497223
86,5,LElbow,0.02000337839126587,-0.20205442607402802,-0.2482144683599472
86,6,LWrist,0.06645537912845612,0.019485725089907646,-0.2649679183959961
86,7,RShoulder,-0.031268518418073654,-0.32858723402023315,-0.16668850183486938
86,8,RElbow,-0.17429782450199127,-0.18740950524806976,-0.25516563653945923
86,9,RWrist,-0.19946837425231934,0.014537125825881958,-0.2003067582845688
86,10,LHip,-0.025992637500166893,0.02589670941233635,-0.16395625472068787
86,11,LKnee,-0.04308375343680382,0.33263275027275085,-0.029386883601546288
86,12,LAnkle,-0.02457067370414734,0.6623267531394958,-0.028754286468029022
86,13,RHip,0.015637263655662537,0.021809954196214676,0.09859132766723633
86,14,RKnee,0.03466855362057686,0.3150717616081238,0.2591000199317932
86,15,RAnkle,-0.016177846118807793,0.6288766264915466,0.29882290959358215
87,0,Pelvis,0.0,0.0,0.0
87,1,Spine,0.02176055870950222,-0.17036043107509613,-0.05947259068489075
87,2,Thorax,-0.032189372926950455,-0.4041861295700073,-0.03968754783272743
87,3,Head,-0.06939397752285004,-0.5072177648544312,-0.2643766403198242
87,4,LShoulder,0.03775422275066376,-0.37759286165237427,-0.1906161904335022
87,5,LElbow,0.013353414833545685,-0.20198705792427063,-0.2538270056247711
87,6,LWrist,0.048096366226673126,0.02215799316763878,-0.2603147625923157
87,7,RShoulder,-0.029269717633724213,-0.329943984746933,-0.1648479402065277
87,8,RElbow,-0.14331619441509247,-0.18457677960395813,-0.26180341839790344
87,9,RWrist,-0.17963024973869324,0.020328432321548462,-0.21644124388694763
87,10,LHip,-0.03644851595163345,0.025795333087444305,-0.16039130091667175
87,11,LKnee,-0.054829906672239304,0.3331844210624695,-0.024904761463403702
87,12,LAnkle,-0.0292363204061985,0.6695801019668579,-0.028826437890529633
87,13,RHip,0.021103857085108757,0.019937869161367416,0.09626990556716919
87,14,RKnee,0.04657183215022087,0.3080669641494751,0.2595973610877991
87,15,RAnkle,-0.006798044312745333,0.6313402652740479,0.2943650782108307
88,0,Pelvis,0.0,0.0,0.0
88,1,Spine,0.023522380739450455,-0.1715574860572815,-0.05958794802427292
88,2,Thorax,-0.03200187534093857,-0.4115448594093323,-0.044912174344062805
88,3,Head,-0.06664659082889557,-0.5046710968017578,-0.260781466960907
88,4,LShoulder,0.03397625312209129,-0.3780003786087036,-0.19151532649993896
88,5,LElbow,0.01287570595741272,-0.20405805110931396,-0.2632105350494385
88,6,LWrist,0.032198816537857056,0.024254880845546722,-0.2644236981868744
88,7,RShoulder,-0.02293669804930687,-0.33007052540779114,-0.16476212441921234
88,8,RElbow,-0.11906808614730835,-0.18567439913749695,-0.27047857642173767
88,9,RWrist,-0.14644044637680054,0.022869843989610672,-0.23360541462898254
88,10,LHip,-0.042789701372385025,0.025630995631217957,-0.15899796783924103
88,11,LKnee,-0.05805542320013046,0.33404767513275146,-0.02601342648267746
88,12,LAnkle,-0.03155536949634552,0.6719280481338501,-0.033881813287734985
88,13,RHip,0.02385728619992733,0.019484736025333405,0.09568832069635391
88,14,RKnee,0.05220731720328331,0.31033647060394287,0.261038213968277
88,15,RAnkle,-0.0048675332218408585,0.6332507133483887,0.2829456329345703
89,0,Pelvis,0.0,0.0,0.0
89,1,Spine,0.030298497527837753,-0.172960564494133,-0.05843612924218178
89,2,Thorax,-0.026793889701366425,-0.41794419288635254,-0.044719960540533066
89,3,Head,-0.06133256480097771,-0.49862509965896606,-0.24528664350509644
89,4,LShoulder,-0.0002090217312797904,-0.3766465187072754,-0.1889984905719757
89,5,LElbow,-0.06647620350122452,-0.20035859942436218,-0.26990705728530884
89,6,LWrist,-0.054193634539842606,0.04045642539858818,-0.2995724081993103
89,7,RShoulder,0.01660553179681301,-0.3396188020706177,-0.1647331863641739
89,8,RElbow,0.012053972110152245,-0.19280540943145752,-0.2846594452857971
89,9,RWrist,0.0738263800740242,0.027306033298373222,-0.22077393531799316
89,10,LHip,-0.05424389988183975,0.025987695902585983,-0.15559273958206177
89,11,LKnee,-0.0678815171122551,0.3412488102912903,-0.02325884997844696
89,12,LAnkle,-0.032159142196178436,0.6831073760986328,-0.0330326110124588
89,13,RHip,0.029125891625881195,0.01950545608997345,0.09449226409196854
89,14,RKnee,0.05684175342321396,0.3112328350543976,0.25960639119148254
89,15,RAnkle,-0.0010100100189447403,0.6449688673019409,0.27076804637908936
90,0,Pelvis,0.0,0.0,0.0
90,1,Spine,0.03344535827636719,-0.17364317178726196,-0.059955090284347534
90,2,Thorax,-0.02327416092157364,-0.4232568144798279,-0.05052119120955467
90,3,Head,-0.055276334285736084,-0.4994165003299713,-0.24860656261444092
90,4,LShoulder,0.013503285124897957,-0.3764542043209076,-0.19201281666755676
90,5,LElbow,-0.035885170102119446,-0.20403140783309937,-0.27365642786026
90,6,LWrist,-0.015305489301681519,0.03154411166906357,-0.29140347242355347
90,7,RShoulder,0.013350745663046837,-0.3372901380062103,-0.16683053970336914
90,8,RElbow,5.237013101577759e-05,-0.1893027126789093,-0.2853900194168091
90,9,RWrist,0.05434200540184975,0.026536747813224792,-0.24161279201507568
90,10,LHip,-0.05703993886709213,0.02509339153766632,-0.15475955605506897
90,11,LKnee,-0.07250913977622986,0.3412078022956848,-0.02542973682284355
90,12,LAnkle,-0.03398466110229492,0.6856986284255981,-0.04029277339577675
90,13,RHip,0.03105631098151207,0.019864805042743683,0.09530007839202881
90,14,RKnee,0.061608538031578064,0.313421368598938,0.25793755054473877
90,15,RAnkle,0.003496555145829916,0.6528420448303223,0.26149728894233704
91,0,Pelvis,0.0,0.0,0.0
91,1,Spine,0.03480835631489754,-0.17516085505485535,-0.05848541855812073
91,2,Thorax,-0.022763878107070923,-0.4291161000728607,-0.04658444598317146
91,3,Head,-0.050515297800302505,-0.4976590871810913,-0.23373888432979584
91,4,LShoulder,-0.008198135532438755,-0.38001322746276855,-0.18718156218528748
91,5,LElbow,-0.07131779938936234,-0.1978129893541336,-0.2674737572669983
91,6,LWrist,-0.08572961390018463,0.04558402672410011,-0.3021124303340912
91,7,RShoulder,0.02741006761789322,-0.33819183707237244,-0.16294512152671814
91,8,RElbow,0.09691131114959717,-0.19213661551475525,-0.26367348432540894
91,9,RWrist,0.14910337328910828,0.025883212685585022,-0.2098684012889862
91,10,LHip,-0.06482530385255814,0.027394942939281464,-0.15184254944324493
91,11,LKnee,-0.09023790061473846,0.34627920389175415,-0.021292436867952347
91,12,LAnkle,-0.03619140759110451,0.6940056681632996,-0.043960656970739365
91,13,RHip,0.034084685146808624,0.02036958560347557,0.09708374738693237
91,14,RKnee,0.059386685490608215,0.3192419707775116,0.25729525089263916
91,15,RAnkle,0.0032369601540267467,0.6634299755096436,0.25277766585350037
92,0,Pelvis,0.0,0.0,0.0
92,1,Spine,0.03429023548960686,-0.17775413393974304,-0.059284575283527374
92,2,Thorax,-0.02055531181395054,-0.4303447902202606,-0.04814304783940315
92,3,Head,-0.0437411367893219,-0.5060040950775146,-0.24217288196086884
92,4,LShoulder,-0.004894508048892021,-0.3836738169193268,-0.18510429561138153
92,5,LElbow,-0.07143890112638474,-0.20580661296844482,-0.2561119496822357
92,6,LWrist,-0.028078753501176834,0.0355830192565918,-0.2970775365829468
92,7,RShoulder,0.026188267394900322,-0.34232887625694275,-0.16613076627254486
92,8,RElbow,0.0986388772726059,-0.191847026348114,-0.26604384183883667
92,9,RWrist,0.14081621170043945,0.025533407926559448,-0.19921958446502686
92,10,LHip,-0.06375427544116974,0.02517678774893284,-0.15147534012794495
92,11,LKnee,-0.09641019999980927,0.3454483151435852,-0.02659367024898529
92,12,LAnkle,-0.033378906548023224,0.6995317339897156,-0.050899259746074677
92,13,RHip,0.03303596377372742,0.0200673658400774,0.09797319769859314
92,14,RKnee,0.05612744763493538,0.33061426877975464,0.2486412078142166
92,15,RAnkle,0.004202782642096281,0.6742133498191833,0.24679136276245117
93,0,Pelvis,0.0,0.0,0.0
93,1,Spine,0.03125970810651779,-0.18213021755218506,-0.05892335623502731
93,2,Thorax,-0.020414087921380997,-0.4418930113315582,-0.05001808702945709
93,3,Head,-0.03834504261612892,-0.5209954380989075,-0.24288038909435272
93,4,LShoulder,-0.012019315734505653,-0.39594560861587524,-0.19492436945438385
93,5,LElbow,-0.05253400281071663,-0.21413671970367432,-0.27937209606170654
93,6,LWrist,-0.047692932188510895,0.029415441676974297,-0.3140517473220825
93,7,RShoulder,0.027989797294139862,-0.35083720088005066,-0.16736996173858643
93,8,RElbow,0.11564034223556519,-0.19893665611743927,-0.2644284963607788
93,9,RWrist,0.1574893593788147,0.018376264721155167,-0.22141717374324799
93,10,LHip,-0.06038706749677658,0.025685522705316544,-0.1530349999666214
93,11,LKnee,-0.09340149164199829,0.3452240526676178,-0.02278222143650055
93,12,LAnkle,-0.03112969920039177,0.7046873569488525,-0.0420018695294857
93,13,RHip,0.03174271062016487,0.02003871276974678,0.10128768533468246
93,14,RKnee,0.0440971739590168,0.3422902822494507,0.2409021258354187
93,15,RAnkle,0.0009636390022933483,0.690009593963623,0.24994918704032898
94,0,Pelvis,0.0,0.0,0.0
94,1,Spine,0.02566046640276909,-0.18761590123176575,-0.059675559401512146
94,2,Thorax,-0.017088405787944794,-0.45631253719329834,-0.05378352478146553
94,3,Head,-0.026367800310254097,-0.5421606302261353,-0.2492506355047226
94,4,LShoulder,-0.007134692277759314,-0.41008955240249634,-0.19558899104595184
94,5,LElbow,-0.04913739114999771,-0.23114395141601562,-0.2736342251300812
94,6,LWrist,0.02516539767384529,0.010728860273957253,-0.3181193768978119
94,7,RShoulder,0.025875763967633247,-0.35889625549316406,-0.17438003420829773
94,8,RElbow,0.12121061235666275,-0.20784689486026764,-0.27278631925582886
94,9,RWrist,0.15128469467163086,0.006505636498332024,-0.20921075344085693
94,10,LHip,-0.055239442735910416,0.024820037186145782,-0.15851134061813354
94,11,LKnee,-0.0783611312508583,0.34681782126426697,-0.02259022369980812
94,12,LAnkle,-0.022588640451431274,0.7091543674468994,-0.037190333008766174
94,13,RHip,0.030519302934408188,0.021945513784885406,0.10669966042041779
94,14,RKnee,0.03422218933701515,0.34834185242652893,0.22893552482128143
94,15,RAnkle,-0.0008003955008462071,0.7082016468048096,0.23894721269607544
95,0,Pelvis,0.0,0.0,0.0
95,1,Spine,0.019680382683873177,-0.19000957906246185,-0.06122615933418274
95,2,Thorax,-0.020079614594578743,-0.4661068320274353,-0.05866880714893341
95,3,Head,-0.024245353415608406,-0.5584100484848022,-0.25737953186035156
95,4,LShoulder,-0.008452963083982468,-0.4138704538345337,-0.20309874415397644
95,5,LElbow,-0.02275199070572853,-0.24228286743164062,-0.29295265674591064
95,6,LWrist,0.047247666865587234,-0.0008652415126562119,-0.3160879611968994
95,7,RShoulder,0.024260099977254868,-0.36824846267700195,-0.18153788149356842
95,8,RElbow,0.105725958943367,-0.21568866074085236,-0.2861219048500061
95,9,RWrist,0.13115611672401428,-0.007269273512065411,-0.2528562545776367
95,10,LHip,-0.052517056465148926,0.02660331502556801,-0.1603308618068695
95,11,LKnee,-0.05574450641870499,0.34871771931648254,-0.024702798575162888
95,12,LAnkle,-0.01865052618086338,0.7059321403503418,-0.022753305733203888
95,13,RHip,0.02944156527519226,0.0208609476685524,0.10741971433162689
95,14,RKnee,0.027663223445415497,0.35132673382759094,0.2209770679473877
95,15,RAnkle,-0.011391554027795792,0.7227863073348999,0.22622492909431458
96,0,Pelvis,0.0,0.0,0.0
96,1,Spine,0.01683860272169113,-0.19238345324993134,-0.05916273593902588
96,2,Thorax,-0.01577913761138916,-0.4740334451198578,-0.05864863470196724
96,3,Head,-0.01613607443869114,-0.5694461464881897,-0.25514572858810425
96,4,LShoulder,-0.015251767821609974,-0.42149579524993896,-0.204187273979187
96,5,LElbow,-0.023212607949972153,-0.2389998733997345,-0.2945364713668823
96,6,LWrist,0.027970923110842705,-0.0028306245803833008,-0.3311980962753296
96,7,RShoulder,0.030886808410286903,-0.37407419085502625,-0.18048922717571259
96,8,RElbow,0.13362836837768555,-0.21832478046417236,-0.27778130769729614
96,9,RWrist,0.15640944242477417,-0.005003083497285843,-0.2301391363143921
96,10,LHip,-0.054412052035331726,0.0278000645339489,-0.1619899719953537
96,11,LKnee,-0.042853474617004395,0.3514963388442993,-0.0250079445540905
96,12,LAnkle,-0.012475255876779556,0.710476279258728,-0.013618618249893188
96,13,RHip,0.030723366886377335,0.021969158202409744,0.11266948282718658
96,14,RKnee,0.028870996087789536,0.3542633652687073,0.21938556432724
96,15,RAnkle,-0.006133267655968666,0.7291232347488403,0.22103384137153625
97,0,Pelvis,0.0,0.0,0.0
97,1,Spine,0.007016495335847139,-0.19070810079574585,-0.06106632202863693
97,2,Thorax,-0.004813580773770809,-0.46183544397354126,-0.05448992922902107
97,3,Head,0.00024981051683425903,-0.5650032758712769,-0.26063859462738037
97,4,LShoulder,0.00298891868442297,-0.4211515188217163,-0.1974046230316162
97,5,LElbow,-0.021298114210367203,-0.24175786972045898,-0.2708636522293091
97,6,LWrist,0.11290284991264343,-0.00348682701587677,-0.2969421148300171
97,7,RShoulder,0.024826068431138992,-0.3639877736568451,-0.18919850885868073
97,8,RElbow,0.1352125108242035,-0.21088740229606628,-0.284932017326355
97,9,RWrist,0.1541139781475067,0.004261352121829987,-0.20664997398853302
97,10,LHip,-0.053551770746707916,0.028065374121069908,-0.15855008363723755
97,11,LKnee,-0.02306688204407692,0.3554735779762268,-0.0381120964884758
97,12,LAnkle,-3.6600977182388306e-05,0.7052208185195923,-0.013312458992004395
97,13,RHip,0.0357067734003067,0.022803302854299545,0.10810358822345734
97,14,RKnee,0.030379008501768112,0.36175209283828735,0.20065908133983612
97,15,RAnkle,-0.008806505240499973,0.7369300127029419,0.20565438270568848
98,0,Pelvis,0.0,0.0,0.0
98,1,Spine,0.0005213501863181591,-0.1899622082710266,-0.06135907769203186
98,2,Thorax,-0.004121353384107351,-0.4452291429042816,-0.04068053513765335
98,3,Head,0.00200478732585907,-0.556111752986908,-0.2548604905605316
98,4,LShoulder,-0.00042255502194166183,-0.41151270270347595,-0.1944762021303177
98,5,LElbow,-0.016936108469963074,-0.23637329041957855,-0.2807599604129791
98,6,LWrist,0.12107191979885101,-0.007822972722351551,-0.29210594296455383
98,7,RShoulder,0.028360333293676376,-0.3619646430015564,-0.18655282258987427
98,8,RElbow,0.14256933331489563,-0.2087017446756363,-0.2813684344291687
98,9,RWrist,0.16193142533302307,0.005447504110634327,-0.2122591733932495
98,10,LHip,-0.05904770269989967,0.02904149889945984,-0.15236933529376984
98,11,LKnee,-0.017694346606731415,0.35398897528648376,-0.038393743336200714
98,12,LAnkle,0.005081679206341505,0.6944659948348999,-0.0073904916644096375
98,13,RHip,0.037830695509910583,0.021394506096839905,0.10392320156097412
98,14,RKnee,0.03867460787296295,0.3620140254497528,0.19767720997333527
98,15,RAnkle,-0.004026398994028568,0.734460711479187,0.20638507604599
99,0,Pelvis,0.0,0.0,0.0
99,1,Spine,-0.0022451234981417656,-0.18947947025299072,-0.06162891536951065
99,2,Thorax,-0.0004495230969041586,-0.43908050656318665,-0.036314696073532104
99,3,Head,0.00694512901827693,-0.552230954170227,-0.25222212076187134
99,4,LShoulder,0.0015271822921931744,-0.4122177064418793,-0.1929689645767212
99,5,LElbow,-0.029219185933470726,-0.2365572154521942,-0.27500712871551514
99,6,LWrist,0.12435733526945114,-0.010679236613214016,-0.2923333942890167
99,7,RShoulder,0.037189021706581116,-0.3646789491176605,-0.18933799862861633
99,8,RElbow,0.15249815583229065,-0.2072179615497589,-0.28197115659713745
99,9,RWrist,0.1635613590478897,0.006626832764595747,-0.20293138921260834
99,10,LHip,-0.06189386546611786,0.030193272978067398,-0.15138863027095795
99,11,LKnee,-0.009815424680709839,0.35490238666534424,-0.04066848009824753
99,12,LAnkle,0.008142689242959023,0.6913123726844788,-0.0064505040645599365
99,13,RHip,0.040154654532670975,0.021431291475892067,0.1032692939043045
99,14,RKnee,0.0410781130194664,0.3615089952945709,0.1961299329996109
99,15,RAnkle,-0.009168872609734535,0.7361242771148682,0.20329704880714417
100,0,Pelvis,0.0,0.0,0.0
100,1,Spine,-0.0013653570786118507,-0.1891569197177887,-0.05845154821872711
100,2,Thorax,0.0014425087720155716,-0.4415152072906494,-0.0376422256231308
100,3,Head,0.003522011451423168,-0.5489338636398315,-0.26305580139160156
100,4,LShoulder,0.01572197861969471,-0.4173964262008667,-0.20216472446918488
100,5,LElbow,0.0014995075762271881,-0.23487049341201782,-0.2854712903499603
100,6,LWrist,0.12804384529590607,-0.013320735655725002,-0.2943801283836365
100,7,RShoulder,0.025145109742879868,-0.36969369649887085,-0.19317100942134857
100,8,RElbow,0.06257032603025436,-0.22489191591739655,-0.31652843952178955
100,9,RWrist,0.0572364442050457,-0.03122631087899208,-0.3283962905406952
100,10,LHip,-0.05554845929145813,0.030089054256677628,-0.15581026673316956
100,11,LKnee,-0.003614000976085663,0.35389161109924316,-0.04031893610954285
100,12,LAnkle,0.007401471491903067,0.6920965909957886,-0.005559861660003662
100,13,RHip,0.03584681823849678,0.02132238820195198,0.10897977650165558
100,14,RKnee,0.03169872984290123,0.35673776268959045,0.1995214819908142
100,15,RAnkle,-0.01212841272354126,0.7355232238769531,0.20131047070026398
101,0,Pelvis,0.0,0.0,0.0
101,1,Spine,0.0011735860025510192,-0.19114947319030762,-0.055458102375268936
101,2,Thorax,-0.00010497216135263443,-0.4358532130718231,-0.023520050570368767
101,3,Head,0.008045101538300514,-0.5635514259338379,-0.25594085454940796
101,4,LShoulder,-0.011410313658416271,-0.41868528723716736,-0.1991269886493683
101,5,LElbow,-0.05405040457844734,-0.23675435781478882,-0.2989211678504944
101,6,LWrist,0.010269596241414547,-0.033026453107595444,-0.3383029103279114
101,7,RShoulder,0.06050099804997444,-0.37905260920524597,-0.1837022304534912
101,8,RElbow,0.17998188734054565,-0.21640080213546753,-0.2725486755371094
101,9,RWrist,0.16341173648834229,-0.0005440255627036095,-0.21808341145515442
101,10,LHip,-0.06914453953504562,0.025995371863245964,-0.15311765670776367
101,11,LKnee,-0.009524879977107048,0.3481147289276123,-0.03660719096660614
101,12,LAnkle,0.0038047945126891136,0.6757193803787231,-0.0009987950325012207
101,13,RHip,0.04294607788324356,0.02544691227376461,0.11072127521038055
101,14,RKnee,0.04787442833185196,0.3542073369026184,0.20449267327785492
101,15,RAnkle,-0.0006491048261523247,0.7400579452514648,0.2010735273361206
102,0,Pelvis,0.0,0.0,0.0
102,1,Spine,0.04479231312870979,-0.1633531153202057,-0.05072767287492752
102,2,Thorax,-0.005410636775195599,-0.35856494307518005,0.012652086094021797
102,3,Head,-0.018783850595355034,-0.4698534905910492,-0.2118718922138214
102,4,LShoulder,-0.005078190006315708,-0.3747214674949646,-0.165279358625412
102,5,LElbow,-0.12978777289390564,-0.21940234303474426,-0.2156514823436737
102,6,LWrist,-0.12888243794441223,-0.022564277052879333,-0.28247421979904175
102,7,RShoulder,0.05699162930250168,-0.32867205142974854,-0.15607436001300812
102,8,RElbow,0.16180026531219482,-0.21170881390571594,-0.24567930400371552
102,9,RWrist,0.12475011497735977,0.013417545706033707,-0.181430846452713
102,10,LHip,-0.07152492552995682,0.03397725895047188,-0.1394064873456955
102,11,LKnee,-0.006742211990058422,0.3052758574485779,0.002296876162290573
102,12,LAnkle,0.0037897126749157906,0.5838747024536133,0.02453373372554779
102,13,RHip,0.03465710207819939,0.024521205574274063,0.10005068778991699
102,14,RKnee,0.0638025552034378,0.28680452704429626,0.25358372926712036
102,15,RAnkle,-0.015873368829488754,0.5642668008804321,0.3324357569217682
103,0,Pelvis,0.0,0.0,0.0
103,1,Spine,0.047104574739933014,-0.16539987921714783,-0.05261733755469322
103,2,Thorax,0.018066149204969406,-0.4047209322452545,-0.02276960387825966
103,3,Head,-0.007928771898150444,-0.47898077964782715,-0.2074432075023651
103,4,LShoulder,-0.009295091032981873,-0.36703741550445557,-0.16167595982551575
103,5,LElbow,-0.13561788201332092,-0.20665572583675385,-0.21737849712371826
103,6,LWrist,-0.1430288553237915,-0.016977708786725998,-0.265809565782547
103,7,RShoulder,0.0750945582985878,-0.3348510265350342,-0.15177668631076813
103,8,RElbow,0.17917080223560333,-0.20607882738113403,-0.23180346190929413
103,9,RWrist,0.13439936935901642,0.011703340336680412,-0.17906732857227325
103,10,LHip,-0.07215792685747147,0.03155824542045593,-0.1368836760520935
103,11,LKnee,-0.00792315136641264,0.30585071444511414,0.009566914290189743
103,12,LAnkle,-3.599841147661209e-05,0.5883919596672058,0.03366465121507645
103,13,RHip,0.03316100686788559,0.02274654433131218,0.09358422458171844
103,14,RKnee,0.06533083319664001,0.28839606046676636,0.2588801085948944
103,15,RAnkle,-0.01943906582891941,0.563827633857727,0.34054505825042725
104,0,Pelvis,0.0,0.0,0.0
104,1,Spine,0.05208935588598251,-0.16297167539596558,-0.052684858441352844
104,2,Thorax,0.02284761518239975,-0.3938564658164978,-0.018677571788430214
104,3,Head,-0.00413378095254302,-0.47438085079193115,-0.21191386878490448
104,4,LShoulder,-0.004742192570120096,-0.3618379831314087,-0.15926796197891235
104,5,LElbow,-0.14308017492294312,-0.20119531452655792,-0.20163819193840027
104,6,LWrist,-0.15932849049568176,-0.011066407896578312,-0.24763986468315125
104,7,RShoulder,0.0821288600564003,-0.330157995223999,-0.1540379524230957
104,8,RElbow,0.1764715015888214,-0.19236235320568085,-0.2279788851737976
104,9,RWrist,0.14684319496154785,0.01725986786186695,-0.16350458562374115
104,10,LHip,-0.07372190803289413,0.029283054172992706,-0.13627274334430695
104,11,LKnee,-0.013249627314507961,0.3025587201118469,0.012588590383529663
104,12,LAnkle,-0.0039283717051148415,0.5869312286376953,0.031207717955112457
104,13,RHip,0.03242705762386322,0.023058198392391205,0.0917416512966156
104,14,RKnee,0.06365395337343216,0.2882024049758911,0.25678354501724243
104,15,RAnkle,-0.02508431486785412,0.566466212272644,0.33901309967041016
105,0,Pelvis,0.0,0.0,0.0
105,1,Spine,0.05592411011457443,-0.1620749831199646,-0.053758278489112854
105,2,Thorax,0.026063736528158188,-0.39312005043029785,-0.019150687381625175
105,3,Head,-0.0018965867348015308,-0.4724019765853882,-0.21401822566986084
105,4,LShoulder,-0.001902454998344183,-0.3594011664390564,-0.15952125191688538
105,5,LElbow,-0.14517226815223694,-0.19883786141872406,-0.19498787820339203
105,6,LWrist,-0.16755487024784088,-0.004934124648571014,-0.24022147059440613
105,7,RShoulder,0.08815383166074753,-0.327716588973999,-0.15709534287452698
105,8,RElbow,0.17272236943244934,-0.18137313425540924,-0.22514966130256653
105,9,RWrist,0.15067660808563232,0.01787068136036396,-0.15882278978824615
105,10,LHip,-0.07361209392547607,0.024593736976385117,-0.13750270009040833
105,11,LKnee,-0.018322588875889778,0.30151957273483276,0.009503070265054703
105,12,LAnkle,-0.004206815734505653,0.5919324159622192,0.027781516313552856
105,13,RHip,0.03168093413114548,0.023847848176956177,0.09062929451465607
105,14,RKnee,0.06127067655324936,0.2908895015716553,0.25711315870285034
105,15,RAnkle,-0.031544286757707596,0.5696579217910767,0.3392980992794037
106,0,Pelvis,0.0,0.0,0.0
106,1,Spine,0.05990877375006676,-0.15961919724941254,-0.05418019741773605
106,2,Thorax,0.030765321105718613,-0.3842924237251282,-0.017070770263671875
106,3,Head,0.002552664838731289,-0.46771401166915894,-0.21716570854187012
106,4,LShoulder,0.0027196709997951984,-0.35626310110092163,-0.15925119817256927
106,5,LElbow,-0.14625325798988342,-0.1959877908229828,-0.18564322590827942
106,6,LWrist,-0.17795270681381226,0.001217082142829895,-0.2235110104084015
106,7,RShoulder,0.09332791715860367,-0.3220879137516022,-0.1590648740530014
106,8,RElbow,0.16830196976661682,-0.17178186774253845,-0.223176509141922
106,9,RWrist,0.15294119715690613,0.020150871947407722,-0.15290018916130066
106,10,LHip,-0.07570888847112656,0.021925214678049088,-0.13772299885749817
106,11,LKnee,-0.024155262857675552,0.3047218322753906,0.008702646940946579
106,12,LAnkle,-0.00702914223074913,0.5989712476730347,0.021029241383075714
106,13,RHip,0.032037440687417984,0.025906439870595932,0.0899694487452507
106,14,RKnee,0.060376204550266266,0.296786904335022,0.24930083751678467
106,15,RAnkle,-0.03701234608888626,0.5753775238990784,0.32781147956848145
107,0,Pelvis,0.0,0.0,0.0
107,1,Spine,0.06078576296567917,-0.15871645510196686,-0.055174026638269424
107,2,Thorax,0.03167631849646568,-0.3808630108833313,-0.017582019791007042
107,3,Head,0.003807824570685625,-0.4681035280227661,-0.22007988393306732
107,4,LShoulder,0.0020413920283317566,-0.35074225068092346,-0.16046395897865295
107,5,LElbow,-0.1465141475200653,-0.1955973505973816,-0.18573437631130219
107,6,LWrist,-0.1786346286535263,0.004857011139392853,-0.2213817685842514
107,7,RShoulder,0.09859516471624374,-0.32098227739334106,-0.16037264466285706
107,8,RElbow,0.1683623194694519,-0.1670975685119629,-0.2222146838903427
107,9,RWrist,0.15541473031044006,0.020133014768362045,-0.1514788269996643
107,10,LHip,-0.07717727869749069,0.01900067925453186,-0.13916730880737305
107,11,LKnee,-0.027912244200706482,0.307453989982605,0.0036529600620269775
107,12,LAnkle,-0.007232648320496082,0.6067690253257751,0.013294242322444916
107,13,RHip,0.03280629217624664,0.026896614581346512,0.08878793567419052
107,14,RKnee,0.058748457580804825,0.30273008346557617,0.24348144233226776
107,15,RAnkle,-0.03937400504946709,0.5849136114120483,0.31328311562538147
108,0,Pelvis,0.0,0.0,0.0
108,1,Spine,0.061441127210855484,-0.15838883817195892,-0.05539073050022125
108,2,Thorax,0.032085247337818146,-0.37684184312820435,-0.017454203218221664
108,3,Head,0.006482174154371023,-0.46485593914985657,-0.2214256227016449
108,4,LShoulder,0.001993129961192608,-0.34859052300453186,-0.16188675165176392
108,5,LElbow,-0.14453600347042084,-0.19463127851486206,-0.18846802413463593
108,6,LWrist,-0.17815552651882172,0.008888591080904007,-0.2195597141981125
108,7,RShoulder,0.09979724884033203,-0.31661689281463623,-0.16103102266788483
108,8,RElbow,0.16701433062553406,-0.1634843349456787,-0.22342246770858765
108,9,RWrist,0.15286824107170105,0.02049354650080204,-0.1483645737171173
108,10,LHip,-0.07887342572212219,0.016321910545229912,-0.1398906111717224
108,11,LKnee,-0.03441089391708374,0.3101818561553955,-0.00157865509390831
108,12,LAnkle,-0.00873901229351759,0.6111608743667603,0.006223045289516449
108,13,RHip,0.03399301692843437,0.02816065028309822,0.08636955916881561
108,14,RKnee,0.05852331221103668,0.3087339401245117,0.23750293254852295
108,15,RAnkle,-0.04047684371471405,0.5931978821754456,0.29741740226745605
109,0,Pelvis,0.0,0.0,0.0
109,1,Spine,0.06179945543408394,-0.15960636734962463,-0.0568871796131134
109,2,Thorax,0.032139524817466736,-0.37680360674858093,-0.01878616027534008
109,3,Head,0.009105538949370384,-0.4637533724308014,-0.21864861249923706
109,4,LShoulder,0.00041575077921152115,-0.3511907458305359,-0.16724292933940887
109,5,LElbow,-0.14694088697433472,-0.1971651017665863,-0.1941617876291275
109,6,LWrist,-0.180982768535614,0.013114048168063164,-0.2298651784658432
109,7,RShoulder,0.10964509844779968,-0.3206203579902649,-0.16086995601654053
109,8,RElbow,0.17721027135849,-0.15910637378692627,-0.21706441044807434
109,9,RWrist,0.1598072648048401,0.02188102714717388,-0.14678025245666504
109,10,LHip,-0.08068053424358368,0.013077870011329651,-0.1417788565158844
109,11,LKnee,-0.047709763050079346,0.3115193247795105,-0.007084164768457413
109,12,LAnkle,-0.011728349141776562,0.6143499612808228,-0.0019413307309150696
109,13,RHip,0.03501001372933388,0.029152099043130875,0.0846492201089859
109,14,RKnee,0.056371718645095825,0.31631943583488464,0.23574499785900116
109,15,RAnkle,-0.037735115736722946,0.6105602979660034,0.28274697065353394
110,0,Pelvis,0.0,0.0,0.0
110,1,Spine,0.0611073337495327,-0.16050684452056885,-0.05687343329191208
110,2,Thorax,0.03092716820538044,-0.37638819217681885,-0.018620116636157036
110,3,Head,0.01026296615600586,-0.4660729169845581,-0.21820053458213806
110,4,LShoulder,-0.001381106674671173,-0.3525163233280182,-0.16837041079998016
110,5,LElbow,-0.147343710064888,-0.2004363089799881,-0.19862619042396545
110,6,LWrist,-0.17701686918735504,0.013850443065166473,-0.23659159243106842
110,7,RShoulder,0.11258839070796967,-0.32239827513694763,-0.15842196345329285
110,8,RElbow,0.1844857633113861,-0.1596182882785797,-0.21351055800914764
110,9,RWrist,0.159770205616951,0.01864815130829811,-0.14762039482593536
110,10,LHip,-0.08093800395727158,0.01162058673799038,-0.14355455338954926
110,11,LKnee,-0.05147741734981537,0.3132184147834778,-0.011414211243391037
110,12,LAnkle,-0.013095292262732983,0.6191935539245605,-0.007894031703472137
110,13,RHip,0.03566691651940346,0.029696181416511536,0.08361242711544037
110,14,RKnee,0.05596068874001503,0.321297824382782,0.23294013738632202
110,15,RAnkle,-0.03442247211933136,0.6216276288032532,0.26976466178894043
111,0,Pelvis,0.0,0.0,0.0
111,1,Spine,0.05791670083999634,-0.1614454686641693,-0.0588674359023571
111,2,Thorax,0.029303811490535736,-0.3784499168395996,-0.020966358482837677
111,3,Head,0.007232197094708681,-0.4769307076931,-0.23130588233470917
111,4,LShoulder,0.01156084705144167,-0.35934263467788696,-0.16943389177322388
111,5,LElbow,-0.13800987601280212,-0.21122992038726807,-0.19992323219776154
111,6,LWrist,-0.14062151312828064,0.007759133353829384,-0.2525619566440582
111,7,RShoulder,0.10387509316205978,-0.3196145296096802,-0.16628879308700562
111,8,RElbow,0.16699999570846558,-0.16668032109737396,-0.23489877581596375
111,9,RWrist,0.14824318885803223,0.013836877420544624,-0.17296439409255981
111,10,LHip,-0.07624970376491547,0.011628367938101292,-0.14631180465221405
111,11,LKnee,-0.043462928384542465,0.3189764618873596,-0.017942361533641815
111,12,LAnkle,-0.012298829853534698,0.6362334489822388,-0.01255124807357788
111,13,RHip,0.03601262718439102,0.02899506688117981,0.08513544499874115
111,14,RKnee,0.05620695650577545,0.3207710385322571,0.22988808155059814
111,15,RAnkle,-0.029720056802034378,0.6261723041534424,0.26582351326942444
112,0,Pelvis,0.0,0.0,0.0
112,1,Spine,0.054025813937187195,-0.16370335221290588,-0.05717448890209198
112,2,Thorax,0.022027410566806793,-0.38155215978622437,-0.019739026203751564
112,3,Head,0.0075111971236765385,-0.47546863555908203,-0.2184402048587799
112,4,LShoulder,-0.008753975853323936,-0.3595430254936218,-0.17072069644927979
112,5,LElbow,-0.15186923742294312,-0.2073933333158493,-0.2109820544719696
112,6,LWrist,-0.1477578580379486,0.015223003923892975,-0.2510382831096649
112,7,RShoulder,0.10633718967437744,-0.32195550203323364,-0.15213064849376678
112,8,RElbow,0.19786959886550903,-0.16859130561351776,-0.20389023423194885
112,9,RWrist,0.15192420780658722,0.007192098535597324,-0.1504383087158203
112,10,LHip,-0.07600053399801254,0.011970752850174904,-0.14727453887462616
112,11,LKnee,-0.04504519701004028,0.3206355571746826,-0.02217181771993637
112,12,LAnkle,-0.01143207959830761,0.6349818706512451,-0.012439340353012085
112,13,RHip,0.03459123522043228,0.02851523458957672,0.08707475662231445
112,14,RKnee,0.05304580181837082,0.32361215353012085,0.22899433970451355
112,15,RAnkle,-0.02711661532521248,0.6332732439041138,0.26317059993743896
113,0,Pelvis,0.0,0.0,0.0
113,1,Spine,0.04930878430604935,-0.16524210572242737,-0.05735207721590996
113,2,Thorax,0.015704510733485222,-0.3839661777019501,-0.020638978108763695
113,3,Head,0.004124355036765337,-0.4814299941062927,-0.21812427043914795
113,4,LShoulder,-0.01292900089174509,-0.36086079478263855,-0.17127519845962524
113,5,LElbow,-0.15018530189990997,-0.20995530486106873,-0.21880191564559937
113,6,LWrist,-0.12298627942800522,0.013410121202468872,-0.25822481513023376
113,7,RShoulder,0.09992799162864685,-0.3234022259712219,-0.1494305431842804
113,8,RElbow,0.20086687803268433,-0.17271602153778076,-0.1991167664527893
113,9,RWrist,0.1426035463809967,0.0010193027555942535,-0.15279607474803925
113,10,LHip,-0.07173297554254532,0.012985766865313053,-0.14958970248699188
113,11,LKnee,-0.04003395885229111,0.323022723197937,-0.024775855243206024
113,12,LAnkle,-0.011115056462585926,0.6431406736373901,-0.012011714279651642
113,13,RHip,0.03351904824376106,0.027905281633138657,0.08862675726413727
113,14,RKnee,0.0503111258149147,0.3241778612136841,0.22973839938640594
113,15,RAnkle,-0.025759447365999222,0.6356856822967529,0.26493558287620544
114,0,Pelvis,0.0,0.0,0.0
114,1,Spine,0.04438955336809158,-0.16605114936828613,-0.05693937838077545
114,2,Thorax,0.009541948325932026,-0.3867075443267822,-0.020728876814246178
114,3,Head,0.0019243555143475533,-0.48487457633018494,-0.21641312539577484
114,4,LShoulder,-0.019791042432188988,-0.36079663038253784,-0.17179396748542786
114,5,LElbow,-0.1537051945924759,-0.2097204327583313,-0.2217274159193039
114,6,LWrist,-0.10752812772989273,0.013235721737146378,-0.2553628981113434
114,7,RShoulder,0.09446239471435547,-0.32628828287124634,-0.14653295278549194
114,8,RElbow,0.20515426993370056,-0.17621421813964844,-0.18988928198814392
114,9,RWrist,0.13877785205841064,-0.005912601947784424,-0.15387046337127686
114,10,LHip,-0.06897344440221786,0.013498028740286827,-0.15212321281433105
114,11,LKnee,-0.038755182176828384,0.3248696029186249,-0.027435559779405594
114,12,LAnkle,-0.010484575293958187,0.6417636275291443,-0.013721607625484467
114,13,RHip,0.031745463609695435,0.027773264795541763,0.08979406952857971
114,14,RKnee,0.047129951417446136,0.32588666677474976,0.22896406054496765
114,15,RAnkle,-0.024714648723602295,0.6368714570999146,0.2646433115005493
115,0,Pelvis,0.0,0.0,0.0
115,1,Spine,0.032633956521749496,-0.16769623756408691,-0.058795951306819916
115,2,Thorax,-0.006211677100509405,-0.39297518134117126,-0.031318556517362595
115,3,Head,-0.027113310992717743,-0.4995418190956116,-0.25376737117767334
115,4,LShoulder,0.02048451639711857,-0.36410531401634216,-0.18383976817131042
115,5,LElbow,0.004037141799926758,-0.20526379346847534,-0.24587883055210114
115,6,LWrist,0.07621099054813385,0.01790734753012657,-0.2762969732284546
115,7,RShoulder,0.03823710232973099,-0.32877495884895325,-0.17061525583267212
115,8,RElbow,-0.039261363446712494,-0.18222202360630035,-0.26675546169281006
115,9,RWrist,-0.05939912796020508,0.0033731991425156593,-0.24149475991725922
115,10,LHip,-0.04783088341355324,0.01562143862247467,-0.1606379896402359
115,11,LKnee,-0.027263594791293144,0.327920526266098,-0.030418168753385544
115,12,LAnkle,-0.010345629416406155,0.6495426893234253,-0.014924518764019012
115,13,RHip,0.02301928773522377,0.024605732411146164,0.09395138919353485
115,14,RKnee,0.029468394815921783,0.3286927342414856,0.22736690938472748
115,15,RAnkle,-0.030445877462625504,0.6387425065040588,0.25843560695648193
116,0,Pelvis,0.0,0.0,0.0
116,1,Spine,0.029924295842647552,-0.16709473729133606,-0.058029159903526306
116,2,Thorax,-0.006978874560445547,-0.3898870348930359,-0.022481948137283325
116,3,Head,-0.015153622254729271,-0.496700644493103,-0.22547414898872375
116,4,LShoulder,-0.014473965391516685,-0.3630242943763733,-0.18095090985298157
116,5,LElbow,-0.09932053089141846,-0.2039707899093628,-0.26088881492614746
116,6,LWrist,-0.049891047179698944,0.016290023922920227,-0.2639995813369751
116,7,RShoulder,0.06717176735401154,-0.3286890983581543,-0.15115806460380554
116,8,RElbow,0.16870565712451935,-0.182417631149292,-0.21408399939537048
116,9,RWrist,0.10897217690944672,-0.00811708439141512,-0.19963927567005157
116,10,LHip,-0.05209098383784294,0.016503453254699707,-0.15941616892814636
116,11,LKnee,-0.028651630505919456,0.3284384310245514,-0.02879929542541504
116,12,LAnkle,-0.01040361262857914,0.654203474521637,-0.014961622655391693
116,13,RHip,0.02589421533048153,0.02566514164209366,0.09373097121715546
116,14,RKnee,0.03587395325303078,0.324535608291626,0.22898821532726288
116,15,RAnkle,-0.021759524941444397,0.6358885765075684,0.27287837862968445
117,0,Pelvis,0.0,0.0,0.0
117,1,Spine,0.026568379253149033,-0.167699933052063,-0.06079231575131416
117,2,Thorax,-0.008824696764349937,-0.3894861042499542,-0.025516698136925697
117,3,Head,-0.019590429961681366,-0.5008426904678345,-0.2309098094701767
117,4,LShoulder,0.004295749124139547,-0.3637005090713501,-0.17689195275306702
117,5,LElbow,-0.0814167708158493,-0.2080027163028717,-0.23957853019237518
117,6,LWrist,0.06326209753751755,0.01599125564098358,-0.2854355275630951
117,7,RShoulder,0.052500203251838684,-0.3300378620624542,-0.1614534556865692
117,8,RElbow,0.12123995274305344,-0.1830127239227295,-0.2549787759780884
117,9,RWrist,0.06370951235294342,0.00012353155761957169,-0.22821775078773499
117,10,LHip,-0.051238514482975006,0.016993487253785133,-0.15984073281288147
117,11,LKnee,-0.027523284777998924,0.3291717767715454,-0.02820516750216484
117,12,LAnkle,-0.010055869817733765,0.6508471965789795,-0.01581384241580963
117,13,RHip,0.026501549407839775,0.024478133767843246,0.09353334456682205
117,14,RKnee,0.03551917150616646,0.32283878326416016,0.23148943483829498
117,15,RAnkle,-0.01680196076631546,0.6354972124099731,0.2775643467903137
118,0,Pelvis,0.0,0.0,0.0
118,1,Spine,0.012565606273710728,-0.16666872799396515,-0.06328019499778748
118,2,Thorax,-0.020462505519390106,-0.3936210572719574,-0.0332864485681057
118,3,Head,-0.05187073349952698,-0.514073371887207,-0.27654409408569336
118,4,LShoulder,0.04584786295890808,-0.3703228235244751,-0.18620887398719788
118,5,LElbow,0.042308323085308075,-0.20621703565120697,-0.22441086173057556
118,6,LWrist,0.12658223509788513,0.02333696372807026,-0.24213001132011414
118,7,RShoulder,-0.021319381892681122,-0.3265024423599243,-0.17352330684661865
118,8,RElbow,-0.1542537957429886,-0.17910230159759521,-0.2581365406513214
118,9,RWrist,-0.11039743572473526,0.010869719088077545,-0.2104475349187851
118,10,LHip,-0.030777357518672943,0.019469037652015686,-0.16852065920829773
118,11,LKnee,-0.025776535272598267,0.32685622572898865,-0.028440754860639572
118,12,LAnkle,-0.01239745318889618,0.6528741121292114,-0.017441168427467346
118,13,RHip,0.01742243766784668,0.022018635645508766,0.09553021937608719
118,14,RKnee,0.019422020763158798,0.3269183337688446,0.23497623205184937
118,15,RAnkle,-0.029421916231513023,0.6419861912727356,0.27181607484817505
119,0,Pelvis,0.0,0.0,0.0
119,1,Spine,0.009373834356665611,-0.1676895022392273,-0.06238303706049919
119,2,Thorax,-0.021004987880587578,-0.39439642429351807,-0.0320662185549736
119,3,Head,-0.05521760880947113,-0.5220547318458557,-0.2827100157737732
119,4,LShoulder,0.054834507405757904,-0.37305086851119995,-0.18753933906555176
119,5,LElbow,0.05282096564769745,-0.20799313485622406,-0.2235836684703827
119,6,LWrist,0.14215968549251556,0.022038787603378296,-0.23670989274978638
119,7,RShoulder,-0.03214670717716217,-0.3288320302963257,-0.17432233691215515
119,8,RElbow,-0.1750553548336029,-0.18212252855300903,-0.2585606873035431
119,9,RWrist,-0.11954282224178314,0.012591690756380558,-0.21394461393356323
119,10,LHip,-0.026340242475271225,0.01925329491496086,-0.17147290706634521
119,11,LKnee,-0.024145551025867462,0.3279128670692444,-0.029635071754455566
119,12,LAnkle,-0.010879057459533215,0.6584099531173706,-0.020444564521312714
119,13,RHip,0.017182040959596634,0.02350318431854248,0.09913365542888641
119,14,RKnee,0.0209858026355505,0.3279704749584198,0.23859186470508575
119,15,RAnkle,-0.029395656660199165,0.6468793749809265,0.2762216329574585
120,0,Pelvis,0.0,0.0,0.0
120,1,Spine,0.007869325578212738,-0.16766420006752014,-0.06178224831819534
120,2,Thorax,-0.02915758639574051,-0.3925881087779999,-0.029123229905962944
120,3,Head,-0.058912478387355804,-0.5175391435623169,-0.2742767333984375
120,4,LShoulder,0.03273416683077812,-0.3725525140762329,-0.18903079628944397
120,5,LElbow,0.035489633679389954,-0.20351643860340118,-0.2511889338493347
120,6,LWrist,0.10318908840417862,0.03048229217529297,-0.25051695108413696
120,7,RShoulder,-0.03289385139942169,-0.3272545635700226,-0.1693190038204193
120,8,RElbow,-0.1539909392595291,-0.17766743898391724,-0.2654951214790344
120,9,RWrist,-0.08422523736953735,0.01565476879477501,-0.23156137764453888
120,10,LHip,-0.037932347506284714,0.021507244557142258,-0.16545981168746948
120,11,LKnee,-0.033844124525785446,0.330003559589386,-0.025594275444746017
120,12,LAnkle,-0.01726619154214859,0.6639097332954407,-0.025759994983673096
120,13,RHip,0.023392613977193832,0.022177603095769882,0.09594687819480896
120,14,RKnee,0.04061652719974518,0.3193287253379822,0.2402704954147339
120,15,RAnkle,-0.013767499476671219,0.633865237236023,0.28805285692214966
121,0,Pelvis,0.0,0.0,0.0
121,1,Spine,0.00966169685125351,-0.16900178790092468,-0.061503712087869644
121,2,Thorax,-0.027056246995925903,-0.3962405025959015,-0.03139577433466911
121,3,Head,-0.055876076221466064,-0.5168169736862183,-0.27114468812942505
121,4,LShoulder,0.03939025104045868,-0.3763388395309448,-0.18859639763832092
121,5,LElbow,0.04152490943670273,-0.20588913559913635,-0.24799591302871704
121,6,LWrist,0.09158330410718918,0.029989974573254585,-0.2555246949195862
121,7,RShoulder,-0.03017943911254406,-0.32934629917144775,-0.1701357662677765
121,8,RElbow,-0.13681116700172424,-0.18051990866661072,-0.26974058151245117
121,9,RWrist,-0.06928727775812149,0.012343895621597767,-0.2397371083498001
121,10,LHip,-0.04209021478891373,0.020190749317407608,-0.1638185679912567
121,11,LKnee,-0.03864028677344322,0.32947295904159546,-0.027420509606599808
121,12,LAnkle,-0.020761307328939438,0.6711772680282593,-0.0347081795334816
121,13,RHip,0.025384843349456787,0.021919405087828636,0.09629417210817337
121,14,RKnee,0.05156661197543144,0.316703200340271,0.24799320101737976
121,15,RAnkle,-0.011088118888437748,0.6322857737541199,0.2877770960330963
122,0,Pelvis,0.0,0.0,0.0
122,1,Spine,0.011581704020500183,-0.17035996913909912,-0.061362460255622864
122,2,Thorax,-0.028092309832572937,-0.404133141040802,-0.0354854017496109
122,3,Head,-0.05535320192575455,-0.5115774273872375,-0.2659616470336914
122,4,LShoulder,0.03198234736919403,-0.3764178156852722,-0.18723425269126892
122,5,LElbow,0.030494116246700287,-0.20302727818489075,-0.250308632850647
122,6,LWrist,0.049779072403907776,0.03446735441684723,-0.2646147906780243
122,7,RShoulder,-0.026449646800756454,-0.32966935634613037,-0.168190136551857
122,8,RElbow,-0.12225405871868134,-0.1816219687461853,-0.27380436658859253
122,9,RWrist,-0.055689021944999695,0.010261252522468567,-0.2467104196548462
122,10,LHip,-0.05248364433646202,0.021701402962207794,-0.15832510590553284
122,11,LKnee,-0.05257623642683029,0.32976073026657104,-0.021705612540245056
122,12,LAnkle,-0.02766266278922558,0.6722478270530701,-0.03443890064954758
122,13,RHip,0.030916009098291397,0.02191491797566414,0.09483640640974045
122,14,RKnee,0.05439462512731552,0.316559374332428,0.25313812494277954
122,15,RAnkle,-0.010197167284786701,0.6326061487197876,0.29030194878578186
123,0,Pelvis,0.0,0.0,0.0
123,1,Spine,0.018384719267487526,-0.17457501590251923,-0.06108922138810158
123,2,Thorax,-0.01638018898665905,-0.4092317819595337,-0.03318937495350838
123,3,Head,-0.038306824862957,-0.5118768215179443,-0.24438171088695526
123,4,LShoulder,0.00828210636973381,-0.38007286190986633,-0.17771188914775848
123,5,LElbow,-0.058520570397377014,-0.20601528882980347,-0.23965075612068176
123,6,LWrist,0.008725110441446304,0.03034019283950329,-0.29851484298706055
123,7,RShoulder,0.01661103032529354,-0.3411163091659546,-0.17005035281181335
123,8,RElbow,0.031036579981446266,-0.20338469743728638,-0.2919849157333374
123,9,RWrist,0.1196821853518486,-0.0007297135889530182,-0.220070481300354
123,10,LHip,-0.06478613615036011,0.019458800554275513,-0.1547478884458542
123,11,LKnee,-0.06189373880624771,0.3293757438659668,-0.020385149866342545
123,12,LAnkle,-0.02667967975139618,0.6741929054260254,-0.040301479399204254
123,13,RHip,0.038062404841184616,0.024230986833572388,0.09759414196014404
123,14,RKnee,0.06314464658498764,0.3149116635322571,0.25625666975975037
123,15,RAnkle,-0.005658230744302273,0.6339004635810852,0.28419196605682373
124,0,Pelvis,0.0,0.0,0.0
124,1,Spine,0.017609653994441032,-0.17443999648094177,-0.059208549559116364
124,2,Thorax,-0.02449849806725979,-0.41709867119789124,-0.032643698155879974
124,3,Head,-0.042741332203149796,-0.501177966594696,-0.225202277302742
124,4,LShoulder,-0.02540450170636177,-0.3741952180862427,-0.17738115787506104
124,5,LElbow,-0.11734868586063385,-0.1903274804353714,-0.2436637580394745
124,6,LWrist,-0.15350225567817688,0.05589628219604492,-0.27851003408432007
124,7,RShoulder,0.03109923005104065,-0.338139146566391,-0.16174153983592987
124,8,RElbow,0.12112921476364136,-0.20632235705852509,-0.2583158016204834
124,9,RWrist,0.15016695857048035,0.00848393514752388,-0.20283249020576477
124,10,LHip,-0.08240967988967896,0.027823418378829956,-0.14006230235099792
124,11,LKnee,-0.09903982281684875,0.33733516931533813,-0.00985582172870636
124,12,LAnkle,-0.03998662531375885,0.6858612298965454,-0.04800071939826012
124,13,RHip,0.04901689663529396,0.021039627492427826,0.09550854563713074
124,14,RKnee,0.05422952398657799,0.3155922293663025,0.262582391500473
124,15,RAnkle,-0.008563417010009289,0.6415916681289673,0.2848113775253296
125,0,Pelvis,0.0,0.0,0.0
125,1,Spine,0.02049117162823677,-0.175694540143013,-0.059588782489299774
125,2,Thorax,-0.018412280827760696,-0.4188297390937805,-0.03268952667713165
125,3,Head,-0.03367675840854645,-0.5033202767372131,-0.22797530889511108
125,4,LShoulder,-0.029960883781313896,-0.3785494267940521,-0.17657192051410675
125,5,LElbow,-0.14276474714279175,-0.19216732680797577,-0.23259873688220978
125,6,LWrist,-0.17917954921722412,0.05397488549351692,-0.2673141062259674
125,7,RShoulder,0.04669823497533798,-0.3423583507537842,-0.16294315457344055
125,8,RElbow,0.14467938244342804,-0.20757153630256653,-0.25331246852874756
125,9,RWrist,0.14866027235984802,0.00848289206624031,-0.19376254081726074
125,10,LHip,-0.0884031280875206,0.028476014733314514,-0.13903161883354187
125,11,LKnee,-0.10929721593856812,0.3394741714000702,-0.009542353451251984
125,12,LAnkle,-0.04039563983678818,0.6879668235778809,-0.052610721439123154
125,13,RHip,0.05331654101610184,0.02088277041912079,0.09470464289188385
125,14,RKnee,0.0566115602850914,0.3168482184410095,0.2637948989868164
125,15,RAnkle,-0.003455020487308502,0.6495236754417419,0.2806660830974579
126,0,Pelvis,0.0,0.0,0.0
126,1,Spine,0.023525523021817207,-0.17773783206939697,-0.059832364320755005
126,2,Thorax,-0.014601407572627068,-0.42788010835647583,-0.03798675909638405
126,3,Head,-0.02933661825954914,-0.5051923394203186,-0.22729544341564178
126,4,LShoulder,-0.03796183317899704,-0.3832920789718628,-0.17650483548641205
126,5,LElbow,-0.17719894647598267,-0.19769270718097687,-0.22128523886203766
126,6,LWrist,-0.19423171877861023,0.048923883587121964,-0.26009953022003174
126,7,RShoulder,0.056153349578380585,-0.34364745020866394,-0.16393211483955383
126,8,RElbow,0.16097748279571533,-0.2087133228778839,-0.24849021434783936
126,9,RWrist,0.12001211196184158,0.006791835650801659,-0.19386324286460876
126,10,LHip,-0.09031230211257935,0.028090115636587143,-0.13722515106201172
126,11,LKnee,-0.11600323021411896,0.34182268381118774,-0.009829048067331314
126,12,LAnkle,-0.04093550145626068,0.691689133644104,-0.05413583293557167
126,13,RHip,0.05432005971670151,0.02107982710003853,0.09546917676925659
126,14,RKnee,0.054952044039964676,0.32335808873176575,0.26426273584365845
126,15,RAnkle,-0.001756555400788784,0.6568439602851868,0.2741768956184387
127,0,Pelvis,0.0,0.0,0.0
127,1,Spine,0.028858214616775513,-0.18035927414894104,-0.06191326305270195
127,2,Thorax,-0.0027652308344841003,-0.4354325234889984,-0.044189877808094025
127,3,Head,-0.01433335430920124,-0.5140789151191711,-0.23542889952659607
127,4,LShoulder,-0.042921602725982666,-0.38841599225997925,-0.18081912398338318
127,5,LElbow,-0.20482878386974335,-0.20691078901290894,-0.21824881434440613
127,6,LWrist,-0.19768157601356506,0.037589751183986664,-0.24642091989517212
127,7,RShoulder,0.07825542986392975,-0.3544851541519165,-0.16850537061691284
127,8,RElbow,0.18311598896980286,-0.20687919855117798,-0.2456260323524475
127,9,RWrist,0.0626634955406189,0.0036087073385715485,-0.20556756854057312
127,10,LHip,-0.0910947173833847,0.02821476012468338,-0.14170405268669128
127,11,LKnee,-0.11204588413238525,0.3437374532222748,-0.009088784456253052
127,12,LAnkle,-0.034114331007003784,0.7007730007171631,-0.05210529640316963
127,13,RHip,0.055165041238069534,0.022677524015307426,0.096668541431427
127,14,RKnee,0.05862324684858322,0.33508408069610596,0.2570500075817108
127,15,RAnkle,0.008868083357810974,0.6727395057678223,0.26568013429641724
128,0,Pelvis,0.0,0.0,0.0
128,1,Spine,0.016582123935222626,-0.18459995090961456,-0.05896483361721039
128,2,Thorax,-0.00866264570504427,-0.4449537396430969,-0.041270911693573
128,3,Head,-0.023872554302215576,-0.5303061604499817,-0.2374936193227768
128,4,LShoulder,-0.0464702770113945,-0.4042363166809082,-0.18841734528541565
128,5,LElbow,-0.18014702200889587,-0.21961519122123718,-0.24363815784454346
128,6,LWrist,-0.18334896862506866,0.01603018119931221,-0.28620797395706177
128,7,RShoulder,0.06600330770015717,-0.36025190353393555,-0.16517633199691772
128,8,RElbow,0.11769197881221771,-0.2128259837627411,-0.2661864161491394
128,9,RWrist,-0.030581645667552948,-0.014297009445726871,-0.24938851594924927
128,10,LHip,-0.0768786296248436,0.02894674986600876,-0.14267486333847046
128,11,LKnee,-0.11337607353925705,0.3441591262817383,-0.004912305623292923
128,12,LAnkle,-0.0381326824426651,0.6958933472633362,-0.026055216789245605
128,13,RHip,0.047329291701316833,0.020758438855409622,0.1051812544465065
128,14,RKnee,0.03908426687121391,0.3333930969238281,0.259856253862381
128,15,RAnkle,-0.0018867519684135914,0.684109091758728,0.2717316150665283
129,0,Pelvis,0.0,0.0,0.0
129,1,Spine,0.0046548740938305855,-0.19141724705696106,-0.059277575463056564
129,2,Thorax,-0.01138201542198658,-0.4714195132255554,-0.05616602301597595
129,3,Head,-0.023948581889271736,-0.5678483247756958,-0.25950461626052856
129,4,LShoulder,-0.030638176947832108,-0.4231158494949341,-0.19188149273395538
129,5,LElbow,-0.14275941252708435,-0.2409689724445343,-0.2443762719631195
129,6,LWrist,-0.0668402835726738,-0.008284016512334347,-0.32680031657218933
129,7,RShoulder,0.04030335694551468,-0.376626193523407,-0.18102502822875977
129,8,RElbow,0.014256492257118225,-0.2430194765329361,-0.31577837467193604
129,9,RWrist,-0.17156049609184265,-0.08455629646778107,-0.3163521885871887
129,10,LHip,-0.060816727578639984,0.02814183197915554,-0.15657950937747955
129,11,LKnee,-0.07270750403404236,0.343839168548584,-0.007647566497325897
129,12,LAnkle,-0.029839158058166504,0.6930382251739502,0.0034043341875076294
129,13,RHip,0.03844866529107094,0.023064536973834038,0.11177793145179749
129,14,RKnee,0.01599845476448536,0.3424628674983978,0.2422078251838684
129,15,RAnkle,-0.009316863492131233,0.7148150205612183,0.2368224710226059
130,0,Pelvis,0.0,0.0,0.0
130,1,Spine,0.003942562732845545,-0.19104063510894775,-0.057145632803440094
130,2,Thorax,-0.008774254471063614,-0.46559959650039673,-0.0424228310585022
130,3,Head,-0.020993728190660477,-0.5612277984619141,-0.238968625664711
130,4,LShoulder,-0.058148328214883804,-0.4237353801727295,-0.18713752925395966
130,5,LElbow,-0.20366373658180237,-0.25198352336883545,-0.2290985882282257
130,6,LWrist,-0.1798064261674881,-0.02905677631497383,-0.31131336092948914
130,7,RShoulder,0.07397733628749847,-0.38049641251564026,-0.17122671008110046
130,8,RElbow,0.12155207991600037,-0.22943426668643951,-0.27654778957366943
130,9,RWrist,-0.06823647767305374,-0.049661457538604736,-0.26514932513237
130,10,LHip,-0.06537334620952606,0.02876831218600273,-0.1540241837501526
130,11,LKnee,-0.08650392293930054,0.3458181619644165,-0.005281973630189896
130,12,LAnkle,-0.03413031995296478,0.6876282095909119,0.008851021528244019
130,13,RHip,0.04021263122558594,0.021777018904685974,0.1135319322347641
130,14,RKnee,0.022382788360118866,0.34567347168922424,0.24226966500282288
130,15,RAnkle,0.002221861854195595,0.7259856462478638,0.23546141386032104
131,0,Pelvis,0.0,0.0,0.0
131,1,Spine,0.00141107605304569,-0.1914047747850418,-0.05949578434228897
131,2,Thorax,0.004164797253906727,-0.47123095393180847,-0.04369497671723366
131,3,Head,-0.005162467248737812,-0.5707647800445557,-0.24006733298301697
131,4,LShoulder,-0.06291520595550537,-0.4282993674278259,-0.18095393478870392
131,5,LElbow,-0.22385242581367493,-0.25235429406166077,-0.20750662684440613
131,6,LWrist,-0.19070279598236084,-0.03406158462166786,-0.2999625504016876
131,7,RShoulder,0.09448888897895813,-0.3864934742450714,-0.17495006322860718
131,8,RElbow,0.1806269735097885,-0.23216596245765686,-0.26816290616989136
131,9,RWrist,0.007692806422710419,-0.04269398748874664,-0.1856689453125
131,10,LHip,-0.07999265193939209,0.024981364607810974,-0.1521228551864624
131,11,LKnee,-0.06773711740970612,0.3480842709541321,-0.005686726421117783
131,12,LAnkle,-0.02725273184478283,0.6899580359458923,0.019368119537830353
131,13,RHip,0.04966108500957489,0.02555815875530243,0.11282776296138763
131,14,RKnee,0.04214932769536972,0.35358327627182007,0.2354181706905365
131,15,RAnkle,0.016705462709069252,0.7397993206977844,0.22121217846870422
132,0,Pelvis,0.0,0.0,0.0
132,1,Spine,0.0008043346460908651,-0.18797597289085388,-0.06013401225209236
132,2,Thorax,-0.0007350016385316849,-0.4545419216156006,-0.037689849734306335
132,3,Head,-0.013356486335396767,-0.5534167885780334,-0.23374854028224945
132,4,LShoulder,-0.06140168011188507,-0.4174722731113434,-0.182084858417511
132,5,LElbow,-0.21334734559059143,-0.2499953806400299,-0.2160222828388214
132,6,LWrist,-0.18484526872634888,-0.032474156469106674,-0.2947885990142822
132,7,RShoulder,0.08626429736614227,-0.37501949071884155,-0.17284487187862396
132,8,RElbow,0.15168873965740204,-0.2159525454044342,-0.26362043619155884
132,9,RWrist,-0.03958342224359512,-0.03633452579379082,-0.24014264345169067
132,10,LHip,-0.07245774567127228,0.028274402022361755,-0.1482463777065277
132,11,LKnee,-0.06267876923084259,0.34766244888305664,-0.005561228841543198
132,12,LAnkle,-0.02718566544353962,0.6744915246963501,0.0243493914604187
132,13,RHip,0.04534158110618591,0.02402156963944435,0.10808264464139938
132,14,RKnee,0.034066908061504364,0.35154035687446594,0.23488552868366241
132,15,RAnkle,0.012349903583526611,0.7323737740516663,0.23074378073215485
133,0,Pelvis,0.0,0.0,0.0
133,1,Spine,-0.0028666905127465725,-0.19045843183994293,-0.06074054166674614
133,2,Thorax,0.007086905185133219,-0.46107375621795654,-0.03667706251144409
133,3,Head,-0.00040281936526298523,-0.5670549273490906,-0.23707987368106842
133,4,LShoulder,-0.06496365368366241,-0.4286413788795471,-0.17961233854293823
133,5,LElbow,-0.22284606099128723,-0.26008540391921997,-0.204585999250412
133,6,LWrist,-0.19462445378303528,-0.04251265898346901,-0.3035246729850769
133,7,RShoulder,0.10204422473907471,-0.38369232416152954,-0.17741505801677704
133,8,RElbow,0.20054498314857483,-0.21776963770389557,-0.2544482946395874
133,9,RWrist,0.023740500211715698,-0.03931744024157524,-0.15809810161590576
133,10,LHip,-0.08169491589069366,0.026001304388046265,-0.1485711932182312
133,11,LKnee,-0.050367049872875214,0.35089731216430664,-0.00639745220541954
133,12,LAnkle,-0.024959782138466835,0.6804131269454956,0.027667708694934845
133,13,RHip,0.05117616057395935,0.025825275108218193,0.1112794578075409
133,14,RKnee,0.0492665097117424,0.3510383367538452,0.23458342254161835
133,15,RAnkle,0.022745881229639053,0.7431814670562744,0.21546682715415955
134,0,Pelvis,0.0,0.0,0.0
134,1,Spine,-0.003939849324524403,-0.19065657258033752,-0.06074785068631172
134,2,Thorax,0.004798323847353458,-0.456421822309494,-0.03221600502729416
134,3,Head,-0.0045903692953288555,-0.5693051218986511,-0.23819059133529663
134,4,LShoulder,-0.06852878630161285,-0.4338178038597107,-0.18330615758895874
134,5,LElbow,-0.2246323823928833,-0.26544901728630066,-0.2088899463415146
134,6,LWrist,-0.20379295945167542,-0.05063337832689285,-0.3128712475299835
134,7,RShoulder,0.10050195455551147,-0.3879298269748688,-0.1809721738100052
134,8,RElbow,0.20115815103054047,-0.2141212821006775,-0.25172919034957886
134,9,RWrist,0.03898259997367859,-0.03414049372076988,-0.152104914188385
134,10,LHip,-0.07717150449752808,0.026097731664776802,-0.14790597558021545
134,11,LKnee,-0.049098286777734756,0.349240779876709,-0.0055162422358989716
134,12,LAnkle,-0.028253717347979546,0.6929016709327698,0.023030303418636322
134,13,RHip,0.04833240061998367,0.024540206417441368,0.1123126745223999
134,14,RKnee,0.04503881186246872,0.3420948386192322,0.24173256754875183
134,15,RAnkle,0.017910204827785492,0.7379549741744995,0.2180812954902649
135,0,Pelvis,0.0,0.0,0.0
135,1,Spine,0.0008248410886153579,-0.19112104177474976,-0.057859085500240326
135,2,Thorax,0.010692408308386803,-0.4569970965385437,-0.028801752254366875
135,3,Head,-0.0027987281791865826,-0.5650891661643982,-0.2364634871482849
135,4,LShoulder,-0.062210530042648315,-0.4315749406814575,-0.17786245048046112
135,5,LElbow,-0.2212304025888443,-0.26609373092651367,-0.20409545302391052
135,6,LWrist,-0.19957931339740753,-0.04825907200574875,-0.3029128909111023
135,7,RShoulder,0.10771903395652771,-0.3879486918449402,-0.17697909474372864
135,8,RElbow,0.20751547813415527,-0.21718373894691467,-0.24992680549621582
135,9,RWrist,0.04847420006990433,-0.03462302312254906,-0.15524590015411377
135,10,LHip,-0.08204121142625809,0.0251042190939188,-0.14699338376522064
135,11,LKnee,-0.04095885530114174,0.35242241621017456,-0.008644763380289078
135,12,LAnkle,-0.027066776528954506,0.6741938591003418,0.03426559269428253
135,13,RHip,0.051428280770778656,0.027189888060092926,0.11424420773983002
135,14,RKnee,0.05574032664299011,0.34504902362823486,0.2377827763557434
135,15,RAnkle,0.02812730334699154,0.7514108419418335,0.20976519584655762
136,0,Pelvis,0.0,0.0,0.0
136,1,Spine,0.04529660940170288,-0.16343049705028534,-0.05048563331365585
136,2,Thorax,0.0006576934829354286,-0.360831618309021,0.01383904553949833
136,3,Head,-0.03245740756392479,-0.45829617977142334,-0.2065962553024292
136,4,LShoulder,-0.02977602556347847,-0.3793078660964966,-0.16697345674037933
136,5,LElbow,-0.18928126990795135,-0.22261664271354675,-0.17926761507987976
136,6,LWrist,-0.1695868968963623,-0.019294284284114838,-0.2190360575914383
136,7,RShoulder,0.09278073906898499,-0.33388593792915344,-0.15738445520401
136,8,RElbow,0.14378970861434937,-0.20098352432250977,-0.2472081184387207
136,9,RWrist,0.032011307775974274,-0.006923486478626728,-0.2002766728401184
136,10,LHip,-0.06702319532632828,0.030017711222171783,-0.1444200575351715
136,11,LKnee,-0.013360890559852123,0.3033401370048523,0.004341244697570801
136,12,LAnkle,-0.009255130775272846,0.5827142000198364,0.029750511050224304
136,13,RHip,0.030549919232726097,0.025876127183437347,0.10100335627794266
136,14,RKnee,0.028329476714134216,0.29202133417129517,0.2585223317146301
136,15,RAnkle,-0.0352310873568058,0.576694905757904,0.35017091035842896
137,0,Pelvis,0.0,0.0,0.0
137,1,Spine,0.045877136290073395,-0.16294993460178375,-0.051802732050418854
137,2,Thorax,0.02005510963499546,-0.3885687589645386,-0.013224897906184196
137,3,Head,-0.025005947798490524,-0.4660428464412689,-0.21041935682296753
137,4,LShoulder,-0.02741546928882599,-0.36698293685913086,-0.163678377866745
137,5,LElbow,-0.18388047814369202,-0.21100977063179016,-0.16629739105701447
137,6,LWrist,-0.16792678833007812,-0.014945478178560734,-0.20247986912727356
137,7,RShoulder,0.1009819507598877,-0.3344382047653198,-0.15384480357170105
137,8,RElbow,0.15046334266662598,-0.19498246908187866,-0.23716290295124054
137,9,RWrist,0.05598507821559906,-0.0006619319319725037,-0.18667981028556824
137,10,LHip,-0.06447604298591614,0.02846725657582283,-0.1400296986103058
137,11,LKnee,-0.014251457527279854,0.3020411729812622,0.010451756417751312
137,12,LAnkle,-0.0121318893507123,0.586637020111084,0.03786291182041168
137,13,RHip,0.02835976704955101,0.02386714145541191,0.09519586712121964
137,14,RKnee,0.03165251389145851,0.2898606061935425,0.26153257489204407
137,15,RAnkle,-0.03623081371188164,0.5648412108421326,0.3675174117088318
138,0,Pelvis,0.0,0.0,0.0
138,1,Spine,0.048390477895736694,-0.16175225377082825,-0.05286449193954468
138,2,Thorax,0.025073066353797913,-0.39133042097091675,-0.01605425775051117
138,3,Head,-0.02102728560566902,-0.4677291512489319,-0.21244311332702637
138,4,LShoulder,-0.027170773595571518,-0.3599090576171875,-0.1606149673461914
138,5,LElbow,-0.18393725156784058,-0.20440322160720825,-0.1655096411705017
138,6,LWrist,-0.17449767887592316,-0.010631958954036236,-0.19538068771362305
138,7,RShoulder,0.10793812572956085,-0.33381056785583496,-0.15571510791778564
138,8,RElbow,0.15192486345767975,-0.18601369857788086,-0.2351834774017334
138,9,RWrist,0.09140840172767639,0.009341618977487087,-0.17757901549339294
138,10,LHip,-0.06472666561603546,0.02717566303908825,-0.14234310388565063
138,11,LKnee,-0.018537575379014015,0.29919424653053284,0.00902261957526207
138,12,LAnkle,-0.013268904760479927,0.583363950252533,0.03404006361961365
138,13,RHip,0.027401210740208626,0.023167937994003296,0.09307541698217392
138,14,RKnee,0.03526165336370468,0.291704922914505,0.2586256265640259
138,15,RAnkle,-0.038327597081661224,0.568673849105835,0.3626532554626465
139,0,Pelvis,0.0,0.0,0.0
139,1,Spine,0.05145998299121857,-0.16204270720481873,-0.05345625430345535
139,2,Thorax,0.026276547461748123,-0.3933640122413635,-0.016885612159967422
139,3,Head,-0.020948780700564384,-0.46792417764663696,-0.21481060981750488
139,4,LShoulder,-0.022038020193576813,-0.3628399968147278,-0.16416804492473602
139,5,LElbow,-0.1812753975391388,-0.20699696242809296,-0.16483625769615173
139,6,LWrist,-0.1747499406337738,-0.00804854929447174,-0.19255930185317993
139,7,RShoulder,0.1066414937376976,-0.3332307040691376,-0.15846510231494904
139,8,RElbow,0.14854058623313904,-0.18138280510902405,-0.23630589246749878
139,9,RWrist,0.08441000431776047,0.011408761143684387,-0.17803025245666504
139,10,LHip,-0.061776891350746155,0.025820184499025345,-0.1449936032295227
139,11,LKnee,-0.014894277788698673,0.29963254928588867,0.009973805397748947
139,12,LAnkle,-0.012232804670929909,0.5890724062919617,0.03585883975028992
139,13,RHip,0.025064706802368164,0.02331913262605667,0.09354469180107117
139,14,RKnee,0.03168350085616112,0.29511862993240356,0.25856420397758484
139,15,RAnkle,-0.0375853069126606,0.5778696537017822,0.36181849241256714
140,0,Pelvis,0.0,0.0,0.0
140,1,Spine,0.05482622981071472,-0.15948361158370972,-0.05462852865457535
140,2,Thorax,0.02803339622914791,-0.38520073890686035,-0.015688950195908546
140,3,Head,-0.016443641856312752,-0.4689857065677643,-0.21941348910331726
140,4,LShoulder,-0.023332718759775162,-0.35392332077026367,-0.16292035579681396
140,5,LElbow,-0.17885467410087585,-0.19968067109584808,-0.16382542252540588
140,6,LWrist,-0.17925719916820526,-0.002636536955833435,-0.18290641903877258
140,7,RShoulder,0.11300156265497208,-0.3286248445510864,-0.16021879017353058
140,8,RElbow,0.1496502161026001,-0.17344553768634796,-0.23082458972930908
140,9,RWrist,0.11236005276441574,0.01869244873523712,-0.16659213602542877
140,10,LHip,-0.06402210891246796,0.023622773587703705,-0.14430132508277893
140,11,LKnee,-0.02026415802538395,0.30142512917518616,0.008429929614067078
140,12,LAnkle,-0.012180681340396404,0.591478705406189,0.028867803514003754
140,13,RHip,0.024764852598309517,0.023970816284418106,0.09265026450157166
140,14,RKnee,0.03398505598306656,0.2977859377861023,0.25120609998703003
140,15,RAnkle,-0.03865724429488182,0.5844709873199463,0.3542425036430359
141,0,Pelvis,0.0,0.0,0.0
141,1,Spine,0.05964750051498413,-0.1594415158033371,-0.05557737872004509
141,2,Thorax,0.034229621291160583,-0.38555121421813965,-0.01884717121720314
141,3,Head,-0.009529435075819492,-0.47184598445892334,-0.22843775153160095
141,4,LShoulder,-0.0008398517966270447,-0.3618333339691162,-0.16852042078971863
141,5,LElbow,-0.17022447288036346,-0.2006050944328308,-0.17620190978050232
141,6,LWrist,-0.1764666736125946,-0.004049316979944706,-0.22329428791999817
141,7,RShoulder,0.11147725582122803,-0.3271593451499939,-0.16683891415596008
141,8,RElbow,0.14554539322853088,-0.17438018321990967,-0.2401876449584961
141,9,RWrist,0.05079306662082672,0.019697677344083786,-0.20114663243293762
141,10,LHip,-0.06219378858804703,0.02161158062517643,-0.14291174709796906
141,11,LKnee,-0.01312638632953167,0.30587080121040344,0.010839153081178665
141,12,LAnkle,-0.009916351176798344,0.611148476600647,0.0253872349858284
141,13,RHip,0.02562335692346096,0.027680616825819016,0.09546557813882828
141,14,RKnee,0.03585195541381836,0.3024664521217346,0.24639892578125
141,15,RAnkle,-0.03530968725681305,0.5873048305511475,0.34742653369903564
142,0,Pelvis,0.0,0.0,0.0
142,1,Spine,0.05732756108045578,-0.1583295464515686,-0.057458557188510895
142,2,Thorax,0.02956552244722843,-0.3828625977039337,-0.019236721098423004
142,3,Head,-0.010393869131803513,-0.4672616124153137,-0.22344925999641418
142,4,LShoulder,-0.02515389956533909,-0.34770870208740234,-0.16387176513671875
142,5,LElbow,-0.17551353573799133,-0.19517427682876587,-0.161956787109375
142,6,LWrist,-0.18345023691654205,0.006306365132331848,-0.1793310046195984
142,7,RShoulder,0.11555854231119156,-0.3229686915874481,-0.16577765345573425
142,8,RElbow,0.15229740738868713,-0.16441494226455688,-0.22938396036624908
142,9,RWrist,0.11989433318376541,0.022809695452451706,-0.15765300393104553
142,10,LHip,-0.06958529353141785,0.019659820944070816,-0.1429167091846466
142,11,LKnee,-0.025466958060860634,0.3048465847969055,0.0066980719566345215
142,12,LAnkle,-0.013401857577264309,0.604521632194519,0.02041967213153839
142,13,RHip,0.027112849056720734,0.025584440678358078,0.08989554643630981
142,14,RKnee,0.0344168096780777,0.3065471351146698,0.2378310114145279
142,15,RAnkle,-0.041147492825984955,0.5940832495689392,0.3326931595802307
143,0,Pelvis,0.0,0.0,0.0
143,1,Spine,0.056333988904953,-0.15956297516822815,-0.06005041301250458
143,2,Thorax,0.028758302330970764,-0.38446125388145447,-0.021189996972680092
143,3,Head,-0.008296364918351173,-0.4713137745857239,-0.2232912927865982
143,4,LShoulder,-0.030073801055550575,-0.35247117280960083,-0.1665586531162262
143,5,LElbow,-0.1803210824728012,-0.19906599819660187,-0.1640762835741043
143,6,LWrist,-0.19158872961997986,0.010924149304628372,-0.18138593435287476
143,7,RShoulder,0.11538365483283997,-0.3220294713973999,-0.16591264307498932
143,8,RElbow,0.16250412166118622,-0.1657247394323349,-0.22634601593017578
143,9,RWrist,0.12896516919136047,0.01957445591688156,-0.15457555651664734
143,10,LHip,-0.07319790124893188,0.018063150346279144,-0.1432311236858368
143,11,LKnee,-0.029252225533127785,0.3081783354282379,0.0040352195501327515
143,12,LAnkle,-0.014630483463406563,0.6187002062797546,0.015139631927013397
143,13,RHip,0.030458787456154823,0.025298859924077988,0.08715438097715378
143,14,RKnee,0.035239145159721375,0.3120770752429962,0.23493176698684692
143,15,RAnkle,-0.04280858114361763,0.6042159795761108,0.32294541597366333
144,0,Pelvis,0.0,0.0,0.0
144,1,Spine,0.055407024919986725,-0.16041964292526245,-0.062073275446891785
144,2,Thorax,0.026978516951203346,-0.3852980136871338,-0.023455267772078514
144,3,Head,-0.007173673715442419,-0.4751884341239929,-0.22611787915229797
144,4,LShoulder,-0.03342949226498604,-0.35202741622924805,-0.16885784268379211
144,5,LElbow,-0.18390962481498718,-0.1990915685892105,-0.1693582832813263
144,6,LWrist,-0.19867335259914398,0.014784842729568481,-0.1918935775756836
144,7,RShoulder,0.11529438942670822,-0.3241383135318756,-0.16761742532253265
144,8,RElbow,0.1712661236524582,-0.16698583960533142,-0.22768540680408478
144,9,RWrist,0.13522464036941528,0.015458989888429642,-0.15990956127643585
144,10,LHip,-0.07553483545780182,0.017333118245005608,-0.14398467540740967
144,11,LKnee,-0.03903378173708916,0.31153666973114014,-0.004068925976753235
144,12,LAnkle,-0.018840264528989792,0.6301907300949097,0.0030621513724327087
144,13,RHip,0.03317556157708168,0.02584230527281761,0.08580618351697922
144,14,RKnee,0.03475593775510788,0.31871384382247925,0.2307514250278473
144,15,RAnkle,-0.04206092655658722,0.6167312860488892,0.3147199749946594
145,0,Pelvis,0.0,0.0,0.0
145,1,Spine,0.05496903508901596,-0.16144239902496338,-0.06125960499048233
145,2,Thorax,0.02229308895766735,-0.3819504976272583,-0.023079505190253258
145,3,Head,-0.006016208324581385,-0.474202424287796,-0.22411198914051056
145,4,LShoulder,-0.04081995040178299,-0.3451542556285858,-0.1706782877445221
145,5,LElbow,-0.18799331784248352,-0.19677495956420898,-0.1728164702653885
145,6,LWrist,-0.19976934790611267,0.01812867447733879,-0.1923048049211502
145,7,RShoulder,0.11286504566669464,-0.3272913098335266,-0.16786561906337738
145,8,RElbow,0.1825425624847412,-0.17056353390216827,-0.22369712591171265
145,9,RWrist,0.13304740190505981,0.010352595709264278,-0.16257889568805695
145,10,LHip,-0.07682473212480545,0.017033236101269722,-0.14879727363586426
145,11,LKnee,-0.06193351745605469,0.31601202487945557,-0.014445513486862183
145,12,LAnkle,-0.022404473274946213,0.6357535719871521,-0.014698624610900879
145,13,RHip,0.03357326239347458,0.027618445456027985,0.0875886082649231
145,14,RKnee,0.033317215740680695,0.32489490509033203,0.2253049910068512
145,15,RAnkle,-0.036772049963474274,0.6274296641349792,0.3067348301410675
146,0,Pelvis,0.0,0.0,0.0
146,1,Spine,0.05231282487511635,-0.16360364854335785,-0.0618336945772171
146,2,Thorax,0.018707383424043655,-0.38504618406295776,-0.024827152490615845
146,3,Head,-0.006642303895205259,-0.4791085124015808,-0.22467046976089478
146,4,LShoulder,-0.0402216836810112,-0.3518033027648926,-0.1734587848186493
146,5,LElbow,-0.1926899552345276,-0.199329674243927,-0.1731901317834854
146,6,LWrist,-0.2042045295238495,0.02154798060655594,-0.19462834298610687
146,7,RShoulder,0.10729324817657471,-0.32796162366867065,-0.16525542736053467
146,8,RElbow,0.19389782845973969,-0.17756418883800507,-0.21805334091186523
146,9,RWrist,0.12900681793689728,0.0025428044609725475,-0.1620933711528778
146,10,LHip,-0.07595217227935791,0.01803641766309738,-0.14863115549087524
146,11,LKnee,-0.06865335255861282,0.32099029421806335,-0.016536220908164978
146,12,LAnkle,-0.025744449347257614,0.6447626948356628,-0.02314835786819458
146,13,RHip,0.03373920917510986,0.026354525238275528,0.08869217336177826
146,14,RKnee,0.02961462363600731,0.3276359438896179,0.2236734926700592
146,15,RAnkle,-0.03244335204362869,0.632822573184967,0.3022245168685913
147,0,Pelvis,0.0,0.0,0.0
147,1,Spine,0.04813281446695328,-0.1658344864845276,-0.06321059167385101
147,2,Thorax,0.01160516869276762,-0.3909726142883301,-0.027361784130334854
147,3,Head,-0.010881436057388783,-0.4872974157333374,-0.22596357762813568
147,4,LShoulder,-0.042720213532447815,-0.35763537883758545,-0.17677807807922363
147,5,LElbow,-0.19861797988414764,-0.20254451036453247,-0.17632704973220825
147,6,LWrist,-0.20961260795593262,0.023474670946598053,-0.19982978701591492
147,7,RShoulder,0.09860509634017944,-0.33403345942497253,-0.16611456871032715
147,8,RElbow,0.1964205801486969,-0.18405790627002716,-0.217627614736557
147,9,RWrist,0.12455310672521591,-0.007312272675335407,-0.17210260033607483
147,10,LHip,-0.071398064494133,0.020005522295832634,-0.1521923542022705
147,11,LKnee,-0.06604859232902527,0.3263799548149109,-0.01926140859723091
147,12,LAnkle,-0.027416842058300972,0.6492559313774109,-0.021171875298023224
147,13,RHip,0.03218000382184982,0.0253593809902668,0.08945180475711823
147,14,RKnee,0.022179245948791504,0.33034494519233704,0.22357314825057983
147,15,RAnkle,-0.03923281282186508,0.6364332437515259,0.29669779539108276
148,0,Pelvis,0.0,0.0,0.0
148,1,Spine,0.042080946266651154,-0.16695170104503632,-0.05889493227005005
148,2,Thorax,0.001047397032380104,-0.3922070860862732,-0.03196924924850464
148,3,Head,-0.030907578766345978,-0.4889279007911682,-0.2507852613925934
148,4,LShoulder,-0.012986192479729652,-0.3573863208293915,-0.18458591401576996
148,5,LElbow,-0.12068675458431244,-0.18131782114505768,-0.22067178785800934
148,6,LWrist,-0.16893602907657623,0.013166195712983608,-0.2696900963783264
148,7,RShoulder,0.053020451217889786,-0.3272126317024231,-0.17585143446922302
148,8,RElbow,0.017480723559856415,-0.1812751442193985,-0.27930259704589844
148,9,RWrist,0.0036170585080981255,-0.008816846646368504,-0.23461803793907166
148,10,LHip,-0.05685921758413315,0.02256503328680992,-0.1522582471370697
148,11,LKnee,-0.04757493734359741,0.32916387915611267,-0.02338670939207077
148,12,LAnkle,-0.026526184752583504,0.6506979465484619,-0.018307335674762726
148,13,RHip,0.02702026441693306,0.02453441545367241,0.0918506532907486
148,14,RKnee,0.009151759557425976,0.33446693420410156,0.21642279624938965
148,15,RAnkle,-0.04722747579216957,0.6397329568862915,0.2866136431694031
149,0,Pelvis,0.0,0.0,0.0
149,1,Spine,0.037743572145700455,-0.16839513182640076,-0.06138816848397255
149,2,Thorax,-0.004580102860927582,-0.39759209752082825,-0.028610048815608025
149,3,Head,-0.02302914671599865,-0.4966127276420593,-0.23055492341518402
149,4,LShoulder,-0.038644541054964066,-0.36348384618759155,-0.17964453995227814
149,5,LElbow,-0.19948163628578186,-0.19781936705112457,-0.1755739152431488
149,6,LWrist,-0.20285826921463013,0.024610470980405807,-0.20230692625045776
149,7,RShoulder,0.06733883917331696,-0.33219659328460693,-0.16447977721691132
149,8,RElbow,0.17597216367721558,-0.18620991706848145,-0.22186501324176788
149,9,RWrist,0.10138978064060211,-0.01684095710515976,-0.17762374877929688
149,10,LHip,-0.05829842388629913,0.022168295457959175,-0.15471842885017395
149,11,LKnee,-0.05298060178756714,0.33065876364707947,-0.02323463186621666
149,12,LAnkle,-0.02918878197669983,0.6550315022468567,-0.017693743109703064
149,13,RHip,0.0276343896985054,0.024049125611782074,0.0937647596001625
149,14,RKnee,0.002267308533191681,0.3332105278968811,0.2219853550195694
149,15,RAnkle,-0.04525861516594887,0.6414528489112854,0.2897471785545349
150,0,Pelvis,0.0,0.0,0.0
150,1,Spine,0.033323779702186584,-0.16903308033943176,-0.06120673567056656
150,2,Thorax,-0.01068592444062233,-0.399718701839447,-0.029751883819699287
150,3,Head,-0.0310704093426466,-0.4986172914505005,-0.234986811876297
150,4,LShoulder,-0.03466381877660751,-0.3648233413696289,-0.18011894822120667
150,5,LElbow,-0.1962018609046936,-0.19665491580963135,-0.18039777874946594
150,6,LWrist,-0.1987297534942627,0.027037277817726135,-0.2074717879295349
150,7,RShoulder,0.05366051569581032,-0.3311169445514679,-0.16258957982063293
150,8,RElbow,0.15455110371112823,-0.18469691276550293,-0.22567622363567352
150,9,RWrist,0.0984572321176529,-0.02066439390182495,-0.1792939007282257
150,10,LHip,-0.05498024821281433,0.022776927798986435,-0.15398213267326355
150,11,LKnee,-0.05260380357503891,0.33052101731300354,-0.021918952465057373
150,12,LAnkle,-0.02915479615330696,0.6522123217582703,-0.01645667850971222
150,13,RHip,0.026071110740303993,0.023205015808343887,0.09559287875890732
150,14,RKnee,0.007090772036463022,0.3290542960166931,0.22616097331047058
150,15,RAnkle,-0.02915794774889946,0.6406190395355225,0.291523814201355
151,0,Pelvis,0.0,0.0,0.0
151,1,Spine,0.03191990405321121,-0.16809752583503723,-0.05961289256811142
151,2,Thorax,-0.011074574664235115,-0.4000505208969116,-0.028159042820334435
151,3,Head,-0.030016370117664337,-0.49876922369003296,-0.23427855968475342
151,4,LShoulder,-0.032757773995399475,-0.36292728781700134,-0.17868857085704803
151,5,LElbow,-0.19296494126319885,-0.1953568160533905,-0.18475773930549622
151,6,LWrist,-0.2027265727519989,0.0313408300280571,-0.21438658237457275
151,7,RShoulder,0.05512488633394241,-0.33629995584487915,-0.16264571249485016
151,8,RElbow,0.15713323652744293,-0.18394070863723755,-0.22877012193202972
151,9,RWrist,0.11011122167110443,-0.02038465067744255,-0.18567433953285217
151,10,LHip,-0.05666959658265114,0.02588633820414543,-0.15525934100151062
151,11,LKnee,-0.0557376965880394,0.32924920320510864,-0.01712796837091446
151,12,LAnkle,-0.03084978461265564,0.6562049388885498,-0.013879097998142242
151,13,RHip,0.026736915111541748,0.023442190140485764,0.09510162472724915
151,14,RKnee,0.013265224173665047,0.32802605628967285,0.2336738258600235
151,15,RAnkle,-0.023365629836916924,0.6407226920127869,0.29306021332740784
152,0,Pelvis,0.0,0.0,0.0
152,1,Spine,0.02511659637093544,-0.16899347305297852,-0.058269891887903214
152,2,Thorax,-0.021058673039078712,-0.403026282787323,-0.03882165253162384
152,3,Head,-0.07156460732221603,-0.5194926261901855,-0.2818722724914551
152,4,LShoulder,0.0554497092962265,-0.3751786947250366,-0.1908205896615982
152,5,LElbow,-0.005032896995544434,-0.19849500060081482,-0.24197480082511902
152,6,LWrist,0.009427543729543686,0.017945826053619385,-0.3042183518409729
152,7,RShoulder,-0.0350455567240715,-0.32807034254074097,-0.17101719975471497
152,8,RElbow,-0.20575162768363953,-0.18185175955295563,-0.23451359570026398
152,9,RWrist,-0.1823865920305252,0.0004741419106721878,-0.20660990476608276
152,10,LHip,-0.025274233892560005,0.026073433458805084,-0.1614742875099182
152,11,LKnee,-0.04312264919281006,0.3273877501487732,-0.016393445432186127
152,12,LAnkle,-0.028455790132284164,0.6535661816596985,-0.009094536304473877
152,13,RHip,0.01594083569943905,0.020657122135162354,0.09792691469192505
152,14,RKnee,-0.015950841829180717,0.33152449131011963,0.22923481464385986
152,15,RAnkle,-0.04754038527607918,0.6511741876602173,0.2765135169029236
153,0,Pelvis,0.0,0.0,0.0
153,1,Spine,0.02274215593934059,-0.16963055729866028,-0.05903621017932892
153,2,Thorax,-0.023630507290363312,-0.4056755304336548,-0.04042584449052811
153,3,Head,-0.07292311638593674,-0.5226136445999146,-0.2821812629699707
153,4,LShoulder,0.055187858641147614,-0.37640249729156494,-0.19308505952358246
153,5,LElbow,-0.0035752803087234497,-0.20066560804843903,-0.24361377954483032
153,6,LWrist,0.018407270312309265,0.019556239247322083,-0.2996253967285156
153,7,RShoulder,-0.04263271018862724,-0.32924556732177734,-0.16930192708969116
153,8,RElbow,-0.21181072294712067,-0.1861916035413742,-0.23606324195861816
153,9,RWrist,-0.18113896250724792,0.0014124410226941109,-0.20560625195503235
153,10,LHip,-0.02208727039396763,0.026953332126140594,-0.15978844463825226
153,11,LKnee,-0.04314873367547989,0.3277425765991211,-0.015088118612766266
153,12,LAnkle,-0.026587016880512238,0.653984010219574,-0.006870165467262268
153,13,RHip,0.01412617415189743,0.01958448812365532,0.09877631068229675
153,14,RKnee,-0.0007125991396605968,0.324646919965744,0.24256466329097748
153,15,RAnkle,-0.032725267112255096,0.6490923166275024,0.2857195734977722
154,0,Pelvis,0.0,0.0,0.0
154,1,Spine,0.0241328664124012,-0.1704176813364029,-0.054872799664735794
154,2,Thorax,-0.021936804056167603,-0.40405094623565674,-0.03673980012536049
154,3,Head,-0.06913390010595322,-0.5334125757217407,-0.28375789523124695
154,4,LShoulder,0.07974972575902939,-0.38293418288230896,-0.19310277700424194
154,5,LElbow,0.021334074437618256,-0.20600080490112305,-0.242064967751503
154,6,LWrist,0.03669058531522751,0.016727913171052933,-0.29416534304618835
154,7,RShoulder,-0.043867193162441254,-0.3326314091682434,-0.16484984755516052
154,8,RElbow,-0.21418121457099915,-0.19789564609527588,-0.2366919070482254
154,9,RWrist,-0.19297903776168823,-0.0005260733887553215,-0.21090975403785706
154,10,LHip,-0.003839814569801092,0.02736838534474373,-0.16259756684303284
154,11,LKnee,-0.028807152062654495,0.32557567954063416,-0.017256908118724823
154,12,LAnkle,-0.021791694685816765,0.6571010947227478,-0.0055694133043289185
154,13,RHip,0.006959014572203159,0.021430883556604385,0.10286164283752441
154,14,RKnee,-0.019120724871754646,0.33223390579223633,0.24057358503341675
154,15,RAnkle,-0.047476932406425476,0.6604524254798889,0.26851028203964233
155,0,Pelvis,0.0,0.0,0.0
155,1,Spine,0.023749466985464096,-0.17084449529647827,-0.05612379312515259
155,2,Thorax,-0.02142724022269249,-0.40803247690200806,-0.03757477179169655
155,3,Head,-0.06752146780490875,-0.5297567844390869,-0.2848001718521118
155,4,LShoulder,0.07750100642442703,-0.3890504539012909,-0.19394075870513916
155,5,LElbow,0.01634235680103302,-0.2068907618522644,-0.24271216988563538
155,6,LWrist,0.02490677684545517,0.020566441118717194,-0.29550206661224365
155,7,RShoulder,-0.03931298479437828,-0.33348649740219116,-0.16953648626804352
155,8,RElbow,-0.19724176824092865,-0.19769202172756195,-0.2497953474521637
155,9,RWrist,-0.18403616547584534,0.002167961560189724,-0.21902883052825928
155,10,LHip,-0.006800869945436716,0.028281625360250473,-0.16224405169487
155,11,LKnee,-0.03553291782736778,0.32651984691619873,-0.014925584197044373
155,12,LAnkle,-0.024266427382826805,0.6605114936828613,-0.007792763411998749
155,13,RHip,0.00865565612912178,0.01998203992843628,0.10019615292549133
155,14,RKnee,-0.005945543758571148,0.32644152641296387,0.2481200397014618
155,15,RAnkle,-0.04228862002491951,0.6607167720794678,0.26294293999671936
156,0,Pelvis,0.0,0.0,0.0
156,1,Spine,0.02550445683300495,-0.17200735211372375,-0.053344711661338806
156,2,Thorax,-0.02058541029691696,-0.4110735058784485,-0.03959343209862709
156,3,Head,-0.06266231089830399,-0.5345170497894287,-0.2839464545249939
156,4,LShoulder,0.0729311853647232,-0.38937637209892273,-0.19172951579093933
156,5,LElbow,0.0008129477500915527,-0.20885685086250305,-0.24328359961509705
156,6,LWrist,0.013044819235801697,0.018071306869387627,-0.2953411936759949
156,7,RShoulder,-0.03531120717525482,-0.336574912071228,-0.16852550208568573
156,8,RElbow,-0.18525823950767517,-0.20292788743972778,-0.2570209503173828
156,9,RWrist,-0.14432543516159058,-0.00015467684715986252,-0.21988055109977722
156,10,LHip,-0.007702217437326908,0.027376899495720863,-0.16072583198547363
156,11,LKnee,-0.036033328622579575,0.3264406621456146,-0.02016950026154518
156,12,LAnkle,-0.02123759314417839,0.6704350709915161,-0.015931427478790283
156,13,RHip,0.00842912308871746,0.02058108150959015,0.10322266817092896
156,14,RKnee,0.03812021389603615,0.31088787317276,0.26161277294158936
156,15,RAnkle,-0.03043549880385399,0.6528248190879822,0.25398632884025574
157,0,Pelvis,0.0,0.0,0.0
157,1,Spine,0.03222867473959923,-0.1717747151851654,-0.05822370946407318
157,2,Thorax,-0.010051875375211239,-0.4157828092575073,-0.034206293523311615
157,3,Head,-0.036961525678634644,-0.5193618535995483,-0.24456094205379486
157,4,LShoulder,-0.005103172268718481,-0.3861851096153259,-0.17667801678180695
157,5,LElbow,-0.16960301995277405,-0.20597678422927856,-0.19789080321788788
157,6,LWrist,-0.19559359550476074,0.03635472431778908,-0.2371346354484558
157,7,RShoulder,0.03698984906077385,-0.3437941074371338,-0.164012610912323
157,8,RElbow,0.10397534817457199,-0.19967243075370789,-0.2633898854255676
157,9,RWrist,0.18168765306472778,-0.007029809523373842,-0.1697598099708557
157,10,LHip,-0.0469190776348114,0.028610965237021446,-0.15691667795181274
157,11,LKnee,-0.05203830450773239,0.3256361484527588,-0.01406407356262207
157,12,LAnkle,-0.02552451379597187,0.668333888053894,-0.018877848982810974
157,13,RHip,0.02483924850821495,0.019300952553749084,0.09728370606899261
157,14,RKnee,0.05552428960800171,0.3015298843383789,0.26755866408348083
157,15,RAnkle,-0.01483035460114479,0.6485604047775269,0.2498159408569336
158,0,Pelvis,0.0,0.0,0.0
158,1,Spine,0.03235357254743576,-0.17199265956878662,-0.05756363272666931
158,2,Thorax,-0.014327723532915115,-0.42179352045059204,-0.038179315626621246
158,3,Head,-0.04068232700228691,-0.5153792500495911,-0.24170173704624176
158,4,LShoulder,-0.009365499950945377,-0.38931214809417725,-0.17748892307281494
158,5,LElbow,-0.17001572251319885,-0.20453745126724243,-0.2009434849023819
158,6,LWrist,-0.19894737005233765,0.03841764107346535,-0.23926372826099396
158,7,RShoulder,0.03369242697954178,-0.3414468765258789,-0.16318753361701965
158,8,RElbow,0.10207656025886536,-0.19718578457832336,-0.25823578238487244
158,9,RWrist,0.18108783662319183,-0.004618503153324127,-0.1673329770565033
158,10,LHip,-0.04979889094829559,0.029484998434782028,-0.15087807178497314
158,11,LKnee,-0.06974555552005768,0.3267775774002075,-0.011538319289684296
158,12,LAnkle,-0.02993343025445938,0.6669706106185913,-0.02089603990316391
158,13,RHip,0.026341263204813004,0.019052088260650635,0.09833233803510666
158,14,RKnee,0.058476902544498444,0.2987405061721802,0.2723853588104248
158,15,RAnkle,-0.01238065492361784,0.6503440737724304,0.24860970675945282
159,0,Pelvis,0.0,0.0,0.0
159,1,Spine,0.033649276942014694,-0.1755961924791336,-0.05741660296916962
159,2,Thorax,-0.014659259468317032,-0.425278902053833,-0.03761271387338638
159,3,Head,-0.03618116304278374,-0.5272703170776367,-0.24568691849708557
159,4,LShoulder,-0.014367248862981796,-0.39551350474357605,-0.1775127500295639
159,5,LElbow,-0.17619115114212036,-0.2091691792011261,-0.20107705891132355
159,6,LWrist,-0.20198222994804382,0.03567052632570267,-0.24017927050590515
159,7,RShoulder,0.044878724962472916,-0.3500996530056,-0.16494402289390564
159,8,RElbow,0.1189294308423996,-0.2032351940870285,-0.25403130054473877
159,9,RWrist,0.18714198470115662,-0.009866882115602493,-0.1657889187335968
159,10,LHip,-0.053030841052532196,0.027662666514515877,-0.1505132019519806
159,11,LKnee,-0.08120634406805038,0.3285667598247528,-0.01151982694864273
159,12,LAnkle,-0.03018641471862793,0.6758474111557007,-0.028201118111610413
159,13,RHip,0.027074985206127167,0.01969939097762108,0.1019904613494873
159,14,RKnee,0.06123333424329758,0.3017383813858032,0.27507469058036804
159,15,RAnkle,-0.01227298192679882,0.6568037867546082,0.24138318002223969
160,0,Pelvis,0.0,0.0,0.0
160,1,Spine,0.0351206436753273,-0.17447513341903687,-0.05860138684511185
160,2,Thorax,-0.014492003247141838,-0.427670419216156,-0.03802042454481125
160,3,Head,-0.03204783797264099,-0.516816258430481,-0.23549115657806396
160,4,LShoulder,-0.026188760995864868,-0.3920520544052124,-0.17328786849975586
160,5,LElbow,-0.1857837736606598,-0.20763739943504333,-0.19376984238624573
160,6,LWrist,-0.2122117429971695,0.03915096074342728,-0.23484168946743011
160,7,RShoulder,0.05646578222513199,-0.3477426767349243,-0.16379348933696747
160,8,RElbow,0.15112775564193726,-0.19710075855255127,-0.23701710999011993
160,9,RWrist,0.19225025177001953,-0.002921708859503269,-0.1478262096643448
160,10,LHip,-0.06821302324533463,0.03172789514064789,-0.1442340910434723
160,11,LKnee,-0.09626726806163788,0.33167764544487,-0.005072101950645447
160,12,LAnkle,-0.03579065948724747,0.6775406002998352,-0.036038175225257874
160,13,RHip,0.03603890538215637,0.019361384212970734,0.10020878911018372
160,14,RKnee,0.06062649190425873,0.300312876701355,0.2771986424922943
160,15,RAnkle,-0.009495051577687263,0.6599763631820679,0.24497371912002563
161,0,Pelvis,0.0,0.0,0.0
161,1,Spine,0.030087310820817947,-0.1824546754360199,-0.05966251343488693
161,2,Thorax,-0.011655598878860474,-0.44492805004119873,-0.04580983892083168
161,3,Head,-0.02395087480545044,-0.5396043062210083,-0.2436840683221817
161,4,LShoulder,-0.033113665878772736,-0.40497565269470215,-0.18165528774261475
161,5,LElbow,-0.18140068650245667,-0.22149017453193665,-0.21848925948143005
161,6,LWrist,-0.18821008503437042,0.021236874163150787,-0.27801913022994995
161,7,RShoulder,0.06563379615545273,-0.3646475076675415,-0.16794481873512268
161,8,RElbow,0.15815745294094086,-0.21295124292373657,-0.24897751212120056
161,9,RWrist,0.17759524285793304,-0.013275926001369953,-0.1698777973651886
161,10,LHip,-0.05786251649260521,0.029103290289640427,-0.15080340206623077
161,11,LKnee,-0.08344223350286484,0.3371019959449768,-0.010076094418764114
161,12,LAnkle,-0.026767548173666,0.6924879550933838,-0.028107352554798126
161,13,RHip,0.029866008087992668,0.019518382847309113,0.10427109152078629
161,14,RKnee,0.05001065135002136,0.32879674434661865,0.2560192942619324
161,15,RAnkle,-0.014303028583526611,0.696885347366333,0.22656208276748657
162,0,Pelvis,0.0,0.0,0.0
162,1,Spine,0.019519058987498283,-0.18368852138519287,-0.055821869522333145
162,2,Thorax,-0.01690731942653656,-0.44688862562179565,-0.055925458669662476
162,3,Head,-0.03810407593846321,-0.5534453988075256,-0.27440688014030457
162,4,LShoulder,0.009700068272650242,-0.4044541120529175,-0.1942068636417389
162,5,LElbow,-0.07210375368595123,-0.21588915586471558,-0.24990352988243103
162,6,LWrist,-0.0020190179347991943,0.020930606871843338,-0.30276554822921753
162,7,RShoulder,0.007576418574899435,-0.35923078656196594,-0.17329764366149902
162,8,RElbow,-0.10141284763813019,-0.229142427444458,-0.2998146116733551
162,9,RWrist,-0.17073863744735718,-0.05685241520404816,-0.31517162919044495
162,10,LHip,-0.029225513339042664,0.02930257096886635,-0.15525834262371063
162,11,LKnee,-0.04895177483558655,0.34507429599761963,-0.018942590802907944
162,12,LAnkle,-0.02037753351032734,0.7023352980613708,-0.014668785035610199
162,13,RHip,0.016543259844183922,0.01944434642791748,0.10573938488960266
162,14,RKnee,0.03203238546848297,0.3385368585586548,0.23901990056037903
162,15,RAnkle,-0.01884799636900425,0.7090314626693726,0.22877764701843262
163,0,Pelvis,0.0,0.0,0.0
163,1,Spine,0.009883417747914791,-0.18231749534606934,-0.058346305042505264
163,2,Thorax,-0.023216888308525085,-0.447277307510376,-0.04688579589128494
163,3,Head,-0.0336829274892807,-0.5454972982406616,-0.2504277229309082
163,4,LShoulder,-0.04603394493460655,-0.40637850761413574,-0.18859454989433289
163,5,LElbow,-0.17367258667945862,-0.22011226415634155,-0.23281912505626678
163,6,LWrist,-0.16235142946243286,0.010021600872278214,-0.30885910987854004
163,7,RShoulder,0.04665038362145424,-0.3638154864311218,-0.1677870899438858
163,8,RElbow,0.11668690294027328,-0.20753437280654907,-0.2639545202255249
163,9,RWrist,0.10986718535423279,-0.028732802718877792,-0.20890606939792633
163,10,LHip,-0.04859359189867973,0.03136555105447769,-0.14853017032146454
163,11,LKnee,-0.07636603713035583,0.3461516499519348,-0.012709688395261765
163,12,LAnkle,-0.029262296855449677,0.7072402238845825,-0.019011780619621277
163,13,RHip,0.025528911501169205,0.018261216580867767,0.10595469921827316
163,14,RKnee,0.022220510989427567,0.3442094326019287,0.24008557200431824
163,15,RAnkle,-0.024375034496188164,0.7150169610977173,0.23180565237998962
164,0,Pelvis,0.0,0.0,0.0
164,1,Spine,0.00294868485070765,-0.1880045235157013,-0.05365896224975586
164,2,Thorax,-0.006129961460828781,-0.46458113193511963,-0.06301969289779663
164,3,Head,-0.022871125489473343,-0.576678454875946,-0.2838224172592163
164,4,LShoulder,0.009695563465356827,-0.41603487730026245,-0.1979629248380661
164,5,LElbow,-0.03805975615978241,-0.22746101021766663,-0.24526850879192352
164,6,LWrist,0.06834516674280167,0.007435062900185585,-0.29600924253463745
164,7,RShoulder,0.0181092731654644,-0.3723659813404083,-0.17734749615192413
164,8,RElbow,-0.1166512742638588,-0.23866969347000122,-0.3127521276473999
164,9,RWrist,-0.19876891374588013,-0.08877471089363098,-0.3421468734741211
164,10,LHip,-0.023294126614928246,0.028873685747385025,-0.1595144420862198
164,11,LKnee,-0.014684952795505524,0.35553663969039917,-0.028097916394472122
164,12,LAnkle,-0.005331389605998993,0.7109166383743286,-0.0052028074860572815
164,13,RHip,0.01901836134493351,0.01990983635187149,0.11327391862869263
164,14,RKnee,0.020816704258322716,0.3535124957561493,0.21737094223499298
164,15,RAnkle,-0.013824963010847569,0.744991660118103,0.20140954852104187
165,0,Pelvis,0.0,0.0,0.0
165,1,Spine,-0.005780923180282116,-0.18649029731750488,-0.058595020323991776
165,2,Thorax,-0.008568044751882553,-0.458526074886322,-0.05892488732933998
165,3,Head,-0.01670755445957184,-0.5693811178207397,-0.26830554008483887
165,4,LShoulder,-0.01932401768863201,-0.4083772301673889,-0.19044634699821472
165,5,LElbow,-0.13293281197547913,-0.22615939378738403,-0.2446066439151764
165,6,LWrist,0.002551952376961708,0.001366443932056427,-0.3118085563182831
165,7,RShoulder,0.03669857978820801,-0.3682992458343506,-0.1822696179151535
165,8,RElbow,0.010258487425744534,-0.22353172302246094,-0.3175681233406067
165,9,RWrist,-0.08903437107801437,-0.06610628962516785,-0.3529554307460785
165,10,LHip,-0.038756366819143295,0.028698500245809555,-0.15537306666374207
165,11,LKnee,-0.020877311006188393,0.3549156188964844,-0.023002956062555313
165,12,LAnkle,-0.00924041960388422,0.708161473274231,-0.0038589760661125183
165,13,RHip,0.027813412249088287,0.01786687970161438,0.10379679501056671
165,14,RKnee,0.03043130785226822,0.34883028268814087,0.21651557087898254
165,15,RAnkle,-0.018404563888907433,0.7314494848251343,0.20691081881523132
166,0,Pelvis,0.0,0.0,0.0
166,1,Spine,-0.006851240061223507,-0.1855703890323639,-0.05656392499804497
166,2,Thorax,0.0016651507467031479,-0.45634621381759644,-0.05857115611433983
166,3,Head,-0.012144708074629307,-0.5701227784156799,-0.27928224205970764
166,4,LShoulder,-0.005310556385666132,-0.41401293873786926,-0.1951882243156433
166,5,LElbow,-0.06808707118034363,-0.22593042254447937,-0.24644383788108826
166,6,LWrist,0.06135842949151993,-0.0011661071330308914,-0.2995685338973999
166,7,RShoulder,0.02975127287209034,-0.3697952330112457,-0.18412409722805023
166,8,RElbow,-0.054530512541532516,-0.23109424114227295,-0.3261287808418274
166,9,RWrist,-0.16500422358512878,-0.09235814213752747,-0.35754892230033875
166,10,LHip,-0.03721000626683235,0.028541553765535355,-0.15324357151985168
166,11,LKnee,-0.010179263539612293,0.3529737591743469,-0.02696995809674263
166,12,LAnkle,-0.0017218943685293198,0.7022066712379456,-0.0008695796132087708
166,13,RHip,0.02796885184943676,0.019857145845890045,0.10530515760183334
166,14,RKnee,0.03113039769232273,0.3535301387310028,0.21378126740455627
166,15,RAnkle,-0.01297919824719429,0.7341257333755493,0.20382224023342133
167,0,Pelvis,0.0,0.0,0.0
167,1,Spine,-0.018158815801143646,-0.18713800609111786,-0.05972321704030037
167,2,Thorax,0.006952099036425352,-0.45984703302383423,-0.05116772651672363
167,3,Head,0.010830161161720753,-0.5801507234573364,-0.25909286737442017
167,4,LShoulder,-0.045480877161026,-0.41555383801460266,-0.18955516815185547
167,5,LElbow,-0.16107581555843353,-0.2341371476650238,-0.24282988905906677
167,6,LWrist,-0.10125553607940674,-0.0261697918176651,-0.32181060314178467
167,7,RShoulder,0.068903349339962,-0.37706446647644043,-0.1895427107810974
167,8,RElbow,0.15784290432929993,-0.20701317489147186,-0.2759947180747986
167,9,RWrist,0.13229727745056152,-0.035129010677337646,-0.2058783769607544
167,10,LHip,-0.05327654629945755,0.02628146857023239,-0.14562645554542542
167,11,LKnee,-0.009977001696825027,0.351204514503479,-0.023479655385017395
167,12,LAnkle,0.0008689397946000099,0.7000929117202759,0.0027273595333099365
167,13,RHip,0.03857342153787613,0.019962385296821594,0.10092154890298843
167,14,RKnee,0.04969785362482071,0.3506542444229126,0.2110729217529297
167,15,RAnkle,-0.0006474391557276249,0.7454280853271484,0.19450558722019196
168,0,Pelvis,0.0,0.0,0.0
168,1,Spine,-0.018498511984944344,-0.18732044100761414,-0.05907324701547623
168,2,Thorax,0.011640192940831184,-0.46487241983413696,-0.04844140261411667
168,3,Head,0.016648611053824425,-0.5799799561500549,-0.2558543086051941
168,4,LShoulder,-0.04983896762132645,-0.41960012912750244,-0.1860838234424591
168,5,LElbow,-0.1822388768196106,-0.23942378163337708,-0.2367197424173355
168,6,LWrist,-0.11700376123189926,-0.02462160959839821,-0.3215039074420929
168,7,RShoulder,0.07978547364473343,-0.38072025775909424,-0.18790017068386078
168,8,RElbow,0.18693308532238007,-0.2060694396495819,-0.25595661997795105
168,9,RWrist,0.1669818013906479,-0.02635616436600685,-0.1386924833059311
168,10,LHip,-0.05752498656511307,0.02427772432565689,-0.14802157878875732
168,11,LKnee,-0.00910861138254404,0.3502401113510132,-0.0226350836455822
168,12,LAnkle,-0.001355975866317749,0.6835817098617554,0.013383835554122925
168,13,RHip,0.04112335667014122,0.022966692224144936,0.10613834857940674
168,14,RKnee,0.057165682315826416,0.34688353538513184,0.21643942594528198
168,15,RAnkle,0.01369592547416687,0.7533131837844849,0.1912371665239334
169,0,Pelvis,0.0,0.0,0.0
169,1,Spine,-0.011713964864611626,-0.18587049841880798,-0.0575840026140213
169,2,Thorax,0.01579803228378296,-0.46112149953842163,-0.04083479940891266
169,3,Head,0.0176357664167881,-0.5800771117210388,-0.2531506419181824
169,4,LShoulder,-0.05014047771692276,-0.42141106724739075,-0.1861572116613388
169,5,LElbow,-0.18308208882808685,-0.24131809175014496,-0.2330988645553589
169,6,LWrist,-0.12320704013109207,-0.028723832219839096,-0.3212839365005493
169,7,RShoulder,0.09368863701820374,-0.3856832981109619,-0.18371856212615967
169,8,RElbow,0.20085148513317108,-0.20604149997234344,-0.24675868451595306
169,9,RWrist,0.1787828654050827,-0.025227470323443413,-0.1286255419254303
169,10,LHip,-0.06191050261259079,0.02389466017484665,-0.1520005166530609
169,11,LKnee,-0.021809570491313934,0.34989744424819946,-0.02262033149600029
169,12,LAnkle,-0.003959255293011665,0.6780223846435547,0.016030870378017426
169,13,RHip,0.043208274990320206,0.026110012084245682,0.10994519293308258
169,14,RKnee,0.06024066358804703,0.34051713347435,0.22505803406238556
169,15,RAnkle,0.016369694843888283,0.7483401298522949,0.1962825208902359
170,0,Pelvis,0.0,0.0,0.0
170,1,Spine,0.034642141312360764,-0.16275838017463684,-0.05150073021650314
170,2,Thorax,0.01491229236125946,-0.4041527509689331,-0.02643117494881153
170,3,Head,-0.012557498179376125,-0.4907691478729248,-0.21940556168556213
170,4,LShoulder,-0.03960387408733368,-0.36415401101112366,-0.1605111062526703
170,5,LElbow,-0.1479000300168991,-0.21694231033325195,-0.20306657254695892
170,6,LWrist,-0.13784831762313843,-0.024912182241678238,-0.2621668577194214
170,7,RShoulder,0.10199784487485886,-0.34117111563682556,-0.1531953513622284
170,8,RElbow,0.1395181119441986,-0.2040630429983139,-0.24829304218292236
170,9,RWrist,0.11421116441488266,-0.05674155801534653,-0.2292660027742386
170,10,LHip,-0.058684371411800385,0.030083637684583664,-0.13895246386528015
170,11,LKnee,-0.005911645479500294,0.30120354890823364,0.011346358805894852
170,12,LAnkle,-0.007551108952611685,0.5981513857841492,0.03844790905714035
170,13,RHip,0.027430305257439613,0.02193235605955124,0.0952591747045517
170,14,RKnee,0.0442747101187706,0.2798861861228943,0.26666632294654846
170,15,RAnkle,-0.029662489891052246,0.5510990023612976,0.3708001971244812
171,0,Pelvis,0.0,0.0,0.0
171,1,Spine,0.03763878345489502,-0.16090025007724762,-0.052873075008392334
171,2,Thorax,0.02385079860687256,-0.39356985688209534,-0.01764974370598793
171,3,Head,-0.004658292047679424,-0.48356929421424866,-0.21590018272399902
171,4,LShoulder,-0.037814728915691376,-0.35957109928131104,-0.15632325410842896
171,5,LElbow,-0.16085284948349,-0.21067878603935242,-0.1847643107175827
171,6,LWrist,-0.15027396380901337,-0.014875777997076511,-0.22189024090766907
171,7,RShoulder,0.11596490442752838,-0.3313390910625458,-0.15315140783786774
171,8,RElbow,0.1543962061405182,-0.19599474966526031,-0.24005329608917236
171,9,RWrist,0.12867334485054016,-0.02269616350531578,-0.19261473417282104
171,10,LHip,-0.0619807243347168,0.02481955662369728,-0.13836416602134705
171,11,LKnee,-0.005541655234992504,0.29954394698143005,0.01789574697613716
171,12,LAnkle,-0.006631115451455116,0.587716817855835,0.03934229910373688
171,13,RHip,0.028580807149410248,0.022955726832151413,0.09153543412685394
171,14,RKnee,0.04683982580900192,0.2832389175891876,0.26419907808303833
171,15,RAnkle,-0.03155125305056572,0.5564109683036804,0.3660796880722046
172,0,Pelvis,0.0,0.0,0.0
172,1,Spine,0.04210447147488594,-0.16054397821426392,-0.054234664887189865
172,2,Thorax,0.024858683347702026,-0.39550572633743286,-0.02066509798169136
172,3,Head,-0.004883311223238707,-0.482854962348938,-0.2171282023191452
172,4,LShoulder,-0.03886277973651886,-0.3534795343875885,-0.15449708700180054
172,5,LElbow,-0.16573426127433777,-0.21109434962272644,-0.18163175880908966
172,6,LWrist,-0.16294986009597778,-0.012037646025419235,-0.21572968363761902
172,7,RShoulder,0.118769071996212,-0.33583229780197144,-0.15685242414474487
172,8,RElbow,0.15790557861328125,-0.18787384033203125,-0.23596283793449402
172,9,RWrist,0.140646830201149,-0.011173434555530548,-0.18337826430797577
172,10,LHip,-0.06395494937896729,0.02334417961537838,-0.13967609405517578
172,11,LKnee,-0.007022491656243801,0.2973910868167877,0.01825544983148575
172,12,LAnkle,-0.008372397162020206,0.5922288298606873,0.036270953714847565
172,13,RHip,0.02826153300702572,0.0232323557138443,0.09014852344989777
172,14,RKnee,0.04761278256773949,0.28425833582878113,0.26234158873558044
172,15,RAnkle,-0.03577135503292084,0.5608237981796265,0.3660724461078644
173,0,Pelvis,0.0,0.0,0.0
173,1,Spine,0.04647745192050934,-0.1600807011127472,-0.05582296848297119
173,2,Thorax,0.027887918055057526,-0.39531421661376953,-0.021313462406396866
173,3,Head,-0.002518882043659687,-0.4795967638492584,-0.2162679135799408
173,4,LShoulder,-0.038007259368896484,-0.3565186560153961,-0.1566329300403595
173,5,LElbow,-0.17527078092098236,-0.20635586977005005,-0.1692575216293335
173,6,LWrist,-0.17309007048606873,-0.006492968648672104,-0.1939862221479416
173,7,RShoulder,0.12655530869960785,-0.33378416299819946,-0.16012805700302124
173,8,RElbow,0.16219264268875122,-0.1786862015724182,-0.22904053330421448
173,9,RWrist,0.14532539248466492,0.002721109427511692,-0.16908201575279236
173,10,LHip,-0.06575030833482742,0.021409371867775917,-0.14054512977600098
173,11,LKnee,-0.01015935093164444,0.2983801066875458,0.01832883059978485
173,12,LAnkle,-0.008586045354604721,0.5986756086349487,0.0334920659661293
173,13,RHip,0.028091538697481155,0.023989081382751465,0.08964608609676361
173,14,RKnee,0.04727240279316902,0.28787294030189514,0.26117783784866333
173,15,RAnkle,-0.03651617467403412,0.5672455430030823,0.35901516675949097
174,0,Pelvis,0.0,0.0,0.0
174,1,Spine,0.04882482811808586,-0.15815752744674683,-0.056561220437288284
174,2,Thorax,0.028139304369688034,-0.38738101720809937,-0.019653934985399246
174,3,Head,-0.0016375124687328935,-0.47610175609588623,-0.2189013957977295
174,4,LShoulder,-0.038419149816036224,-0.348566472530365,-0.15605615079402924
174,5,LElbow,-0.17567454278469086,-0.20201338827610016,-0.16402196884155273
174,6,LWrist,-0.1808565855026245,-0.0010362621396780014,-0.1808266043663025
174,7,RShoulder,0.1292521208524704,-0.3284435272216797,-0.162388414144516
174,8,RElbow,0.16396762430667877,-0.1709814816713333,-0.2241142988204956
174,9,RWrist,0.1485583782196045,0.011471213772892952,-0.15789112448692322
174,10,LHip,-0.06808697432279587,0.019648902118206024,-0.1390652358531952
174,11,LKnee,-0.01377837173640728,0.3009894788265228,0.015952635556459427
174,12,LAnkle,-0.00977184996008873,0.6024155616760254,0.028724797070026398
174,13,RHip,0.028000757098197937,0.025162555277347565,0.08867813646793365
174,14,RKnee,0.04520585387945175,0.2916976809501648,0.25272879004478455
174,15,RAnkle,-0.03991984575986862,0.5735989212989807,0.3504891097545624
175,0,Pelvis,0.0,0.0,0.0
175,1,Spine,0.04895981028676033,-0.15753212571144104,-0.05802081525325775
175,2,Thorax,0.02929561212658882,-0.38498109579086304,-0.019658682867884636
175,3,Head,0.0010226675076410174,-0.4722662568092346,-0.21924561262130737
175,4,LShoulder,-0.03778719902038574,-0.3463522493839264,-0.1559470295906067
175,5,LElbow,-0.17458902299404144,-0.20089012384414673,-0.16043123602867126
175,6,LWrist,-0.18599432706832886,0.004335885867476463,-0.1777781844139099
175,7,RShoulder,0.12960658967494965,-0.32540470361709595,-0.16367733478546143
175,8,RElbow,0.16852980852127075,-0.16570624709129333,-0.22106431424617767
175,9,RWrist,0.14838314056396484,0.013015376403927803,-0.14875072240829468
175,10,LHip,-0.0702173039317131,0.016826460137963295,-0.13947726786136627
175,11,LKnee,-0.019313054159283638,0.3026137948036194,0.009767021983861923
175,12,LAnkle,-0.010770412161946297,0.6078066825866699,0.02113357186317444
175,13,RHip,0.029364340007305145,0.02614765241742134,0.08703006058931351
175,14,RKnee,0.044763848185539246,0.2974293828010559,0.2461017370223999
175,15,RAnkle,-0.04077525436878204,0.5812325477600098,0.3408706784248352
176,0,Pelvis,0.0,0.0,0.0
176,1,Spine,0.050851285457611084,-0.15668484568595886,-0.057862088084220886
176,2,Thorax,0.02954530157148838,-0.3812815546989441,-0.01964501477777958
176,3,Head,0.0034778928384184837,-0.46544915437698364,-0.21653540432453156
176,4,LShoulder,-0.03839791938662529,-0.34082475304603577,-0.15755677223205566
176,5,LElbow,-0.17570695281028748,-0.19775672256946564,-0.15924778580665588
176,6,LWrist,-0.19143441319465637,0.01001896895468235,-0.17489637434482574
176,7,RShoulder,0.13393284380435944,-0.32500648498535156,-0.16505944728851318
176,8,RElbow,0.17278802394866943,-0.15924206376075745,-0.21673505008220673
176,9,RWrist,0.15739566087722778,0.021953362971544266,-0.14310090243816376
176,10,LHip,-0.07222682237625122,0.01512613333761692,-0.14143425226211548
176,11,LKnee,-0.02373749017715454,0.30719897150993347,0.0028690919280052185
176,12,LAnkle,-0.012376922182738781,0.6104588508605957,0.01429755985736847
176,13,RHip,0.029984643682837486,0.02754313498735428,0.08623597025871277
176,14,RKnee,0.043660491704940796,0.30374637246131897,0.2404336929321289
176,15,RAnkle,-0.04125268757343292,0.5862460136413574,0.331945538520813
177,0,Pelvis,0.0,0.0,0.0
177,1,Spine,0.051562149077653885,-0.15837129950523376,-0.060307107865810394
177,2,Thorax,0.028808090835809708,-0.38449621200561523,-0.022439541295170784
177,3,Head,0.005353267770260572,-0.4677182734012604,-0.2164926528930664
177,4,LShoulder,-0.03864777833223343,-0.345304936170578,-0.16126784682273865
177,5,LElbow,-0.1804252564907074,-0.1965533196926117,-0.15816253423690796
177,6,LWrist,-0.19750499725341797,0.015914173796772957,-0.17587952315807343
177,7,RShoulder,0.13339388370513916,-0.3239448070526123,-0.1654733419418335
177,8,RElbow,0.18055862188339233,-0.15818434953689575,-0.21369600296020508
177,9,RWrist,0.15866217017173767,0.02276138961315155,-0.1406547576189041
177,10,LHip,-0.07414062321186066,0.015789814293384552,-0.13918544352054596
177,11,LKnee,-0.019993148744106293,0.30941152572631836,0.006151057779788971
177,12,LAnkle,-0.012928935699164867,0.6211078763008118,0.014977537095546722
177,13,RHip,0.03206928074359894,0.027624614536762238,0.0834457203745842
177,14,RKnee,0.043812673538923264,0.3082083761692047,0.23693519830703735
177,15,RAnkle,-0.042013492435216904,0.5967903137207031,0.3259674608707428
178,0,Pelvis,0.0,0.0,0.0
178,1,Spine,0.05090045928955078,-0.15916869044303894,-0.06085614114999771
178,2,Thorax,0.029097938910126686,-0.380103200674057,-0.02152852714061737
178,3,Head,0.008372888900339603,-0.47263985872268677,-0.21889746189117432
178,4,LShoulder,-0.03620127961039543,-0.34940600395202637,-0.16416209936141968
178,5,LElbow,-0.18168453872203827,-0.20014744997024536,-0.16103950142860413
178,6,LWrist,-0.19785654544830322,0.019364304840564728,-0.18341466784477234
178,7,RShoulder,0.12902158498764038,-0.32219570875167847,-0.16434502601623535
178,8,RElbow,0.1911112666130066,-0.16054373979568481,-0.21268975734710693
178,9,RWrist,0.16026516258716583,0.021359475329518318,-0.1408722996711731
178,10,LHip,-0.07453955709934235,0.0157792791724205,-0.14089778065681458
178,11,LKnee,-0.022853093221783638,0.31335288286209106,0.0006820708513259888
178,12,LAnkle,-0.015238854102790356,0.6320575475692749,0.005836449563503265
178,13,RHip,0.03454384580254555,0.02849721536040306,0.0829612985253334
178,14,RKnee,0.04264960065484047,0.3143661916255951,0.23225513100624084
178,15,RAnkle,-0.04170997068285942,0.6087053418159485,0.3181911110877991
179,0,Pelvis,0.0,0.0,0.0
179,1,Spine,0.04821150004863739,-0.16065914928913116,-0.0624769851565361
179,2,Thorax,0.025966702029109,-0.38285863399505615,-0.024362996220588684
179,3,Head,0.010351860895752907,-0.4770563840866089,-0.21986478567123413
179,4,LShoulder,-0.03699696809053421,-0.3484918177127838,-0.1678386926651001
179,5,LElbow,-0.1849973350763321,-0.20228829979896545,-0.16736897826194763
179,6,LWrist,-0.1934974640607834,0.023169156163930893,-0.19383996725082397
179,7,RShoulder,0.12421365082263947,-0.3254009187221527,-0.1631934493780136
179,8,RElbow,0.20234829187393188,-0.16747793555259705,-0.21028952300548553
179,9,RWrist,0.15864884853363037,0.013702081516385078,-0.1445392668247223
179,10,LHip,-0.0743466466665268,0.01562853902578354,-0.14411690831184387
179,11,LKnee,-0.02764165587723255,0.3185908794403076,-0.009316165000200272
179,12,LAnkle,-0.01526748389005661,0.6420193910598755,-0.0038791149854660034
179,13,RHip,0.034938301891088486,0.02784452587366104,0.08399874716997147
179,14,RKnee,0.0389094240963459,0.32036876678466797,0.2276051938533783
179,15,RAnkle,-0.040744829922914505,0.6185903549194336,0.3081711530685425
180,0,Pelvis,0.0,0.0,0.0
180,1,Spine,0.04379861801862717,-0.16321229934692383,-0.06370556354522705
180,2,Thorax,0.020822294056415558,-0.3905392289161682,-0.027334703132510185
180,3,Head,0.010009483434259892,-0.48563408851623535,-0.22177495062351227
180,4,LShoulder,-0.03997812420129776,-0.3540094494819641,-0.17234599590301514
180,5,LElbow,-0.19071251153945923,-0.20353518426418304,-0.1717352569103241
180,6,LWrist,-0.18791571259498596,0.027070432901382446,-0.20302826166152954
180,7,RShoulder,0.11560184508562088,-0.33026379346847534,-0.16127890348434448
180,8,RElbow,0.21001794934272766,-0.17523972690105438,-0.20756885409355164
180,9,RWrist,0.15473103523254395,0.005666352808475494,-0.1508958786725998
180,10,LHip,-0.07271262258291245,0.014647796750068665,-0.14860737323760986
180,11,LKnee,-0.0354546420276165,0.3252215087413788,-0.019964195787906647
180,12,LAnkle,-0.015586141496896744,0.6485487818717957,-0.014496177434921265
180,13,RHip,0.034297093749046326,0.028388429433107376,0.08620905876159668
180,14,RKnee,0.03459659591317177,0.3254730701446533,0.2217129021883011
180,15,RAnkle,-0.0389435701072216,0.6289383172988892,0.3023931384086609
181,0,Pelvis,0.0,0.0,0.0
181,1,Spine,0.041202444583177567,-0.1638897955417633,-0.06260645389556885
181,2,Thorax,0.017288489267230034,-0.39046305418014526,-0.026900319382548332
181,3,Head,0.009150048717856407,-0.48645883798599243,-0.21868236362934113
181,4,LShoulder,-0.03680859133601189,-0.35676777362823486,-0.17227424681186676
181,5,LElbow,-0.1908142864704132,-0.20269405841827393,-0.1709204465150833
181,6,LWrist,-0.17579565942287445,0.02797597646713257,-0.20420819520950317
181,7,RShoulder,0.1032777726650238,-0.32558727264404297,-0.15701070427894592
181,8,RElbow,0.21306632459163666,-0.1779574751853943,-0.20053604245185852
181,9,RWrist,0.15345799922943115,0.003403281792998314,-0.14668133854866028
181,10,LHip,-0.07036328315734863,0.016196785494685173,-0.15053236484527588
181,11,LKnee,-0.031428322196006775,0.3244529068470001,-0.01965196803212166
181,12,LAnkle,-0.01573566161096096,0.6463403701782227,-0.010576792061328888
181,13,RHip,0.03448161482810974,0.027904000133275986,0.08692741394042969
181,14,RKnee,0.02910270169377327,0.32840079069137573,0.21964618563652039
181,15,RAnkle,-0.043331123888492584,0.631142795085907,0.2944401800632477
182,0,Pelvis,0.0,0.0,0.0
182,1,Spine,0.033729687333106995,-0.16508764028549194,-0.06393061578273773
182,2,Thorax,0.010828373953700066,-0.3910849690437317,-0.027509506791830063
182,3,Head,0.0042579518631100655,-0.49304598569869995,-0.22293230891227722
182,4,LShoulder,-0.034423358738422394,-0.36162540316581726,-0.17578111588954926
182,5,LElbow,-0.18705467879772186,-0.20168820023536682,-0.17758141458034515
182,6,LWrist,-0.1570044457912445,0.022557944059371948,-0.22406789660453796
182,7,RShoulder,0.08937718719244003,-0.32891082763671875,-0.15935900807380676
182,8,RElbow,0.2053096890449524,-0.182546004652977,-0.2102147489786148
182,9,RWrist,0.13532361388206482,-0.004512556362897158,-0.15860986709594727
182,10,LHip,-0.0657082200050354,0.016879253089427948,-0.15185770392417908
182,11,LKnee,-0.03546954691410065,0.325268030166626,-0.020608235150575638
182,12,LAnkle,-0.018943171948194504,0.6494749784469604,-0.012535564601421356
182,13,RHip,0.03381800651550293,0.02768208086490631,0.08853738754987717
182,14,RKnee,0.02227913960814476,0.33180922269821167,0.21699519455432892
182,15,RAnkle,-0.04854252189397812,0.634494423866272,0.2859557271003723
183,0,Pelvis,0.0,0.0,0.0
183,1,Spine,0.028778549283742905,-0.1669614017009735,-0.06329464167356491
183,2,Thorax,0.0021687019616365433,-0.39648643136024475,-0.028306495398283005
183,3,Head,-0.0027687624096870422,-0.5007801055908203,-0.2229626625776291
183,4,LShoulder,-0.038845911622047424,-0.3626771569252014,-0.1777661144733429
183,5,LElbow,-0.19610978662967682,-0.19985829293727875,-0.17253628373146057
183,6,LWrist,-0.13375060260295868,0.03211221471428871,-0.20657534897327423
183,7,RShoulder,0.07360123097896576,-0.33132126927375793,-0.1554678976535797
183,8,RElbow,0.2014191746711731,-0.18933485448360443,-0.20261073112487793
183,9,RWrist,0.13463595509529114,-0.011153768748044968,-0.15961848199367523
183,10,LHip,-0.05920545756816864,0.017119575291872025,-0.15701495110988617
183,11,LKnee,-0.03612186387181282,0.32890811562538147,-0.022967662662267685
183,12,LAnkle,-0.016658447682857513,0.6594112515449524,-0.015890128910541534
183,13,RHip,0.03049912303686142,0.02729237824678421,0.09248121082782745
183,14,RKnee,0.015558730810880661,0.3332311809062958,0.218284010887146
183,15,RAnkle,-0.05187603086233139,0.6398947238922119,0.28461652994155884
184,0,Pelvis,0.0,0.0,0.0
184,1,Spine,0.023480772972106934,-0.16764330863952637,-0.0633191466331482
184,2,Thorax,-0.0037326952442526817,-0.3976876735687256,-0.028220925480127335
184,3,Head,-0.010081855580210686,-0.505275309085846,-0.22733284533023834
184,4,LShoulder,-0.03733073174953461,-0.36548078060150146,-0.1792224645614624
184,5,LElbow,-0.1938668191432953,-0.1971239447593689,-0.17438828945159912
184,6,LWrist,-0.12917718291282654,0.0324256494641304,-0.2067861706018448
184,7,RShoulder,0.058950379490852356,-0.3322257399559021,-0.15757586061954498
184,8,RElbow,0.18342551589012146,-0.19093358516693115,-0.21386823058128357
184,9,RWrist,0.12748131155967712,-0.014204813167452812,-0.1701018363237381
184,10,LHip,-0.054201409220695496,0.017948683351278305,-0.15867702662944794
184,11,LKnee,-0.036546677350997925,0.32875943183898926,-0.022496908903121948
184,12,LAnkle,-0.01821994036436081,0.6593135595321655,-0.016004405915737152
184,13,RHip,0.028250381350517273,0.026145365089178085,0.09392523765563965
184,14,RKnee,0.012095391750335693,0.33267614245414734,0.22019757330417633
184,15,RAnkle,-0.05430029332637787,0.6408950090408325,0.2825888991355896
185,0,Pelvis,0.0,0.0,0.0
185,1,Spine,0.021936358883976936,-0.166671484708786,-0.061707526445388794
185,2,Thorax,-0.006026438903063536,-0.39490997791290283,-0.026494469493627548
185,3,Head,-0.012851793318986893,-0.502755880355835,-0.22786499559879303
185,4,LShoulder,-0.03638482838869095,-0.3603082001209259,-0.17830978333950043
185,5,LElbow,-0.1918816864490509,-0.1930254101753235,-0.1737692654132843
185,6,LWrist,-0.11225494742393494,0.036005470901727676,-0.2024197280406952
185,7,RShoulder,0.053081098943948746,-0.33223551511764526,-0.15902426838874817
185,8,RElbow,0.17766883969306946,-0.18925291299819946,-0.21963125467300415
185,9,RWrist,0.12624913454055786,-0.011522475630044937,-0.1763765811920166
185,10,LHip,-0.053349368274211884,0.021102935075759888,-0.15745031833648682
185,11,LKnee,-0.044251494109630585,0.32840487360954285,-0.0185893215239048
185,12,LAnkle,-0.020760610699653625,0.6615774035453796,-0.014497250318527222
185,13,RHip,0.02838110364973545,0.0254581980407238,0.09357326477766037
185,14,RKnee,0.015681082382798195,0.3301292061805725,0.22818885743618011
185,15,RAnkle,-0.045140016824007034,0.6417551040649414,0.2893426716327667
186,0,Pelvis,0.0,0.0,0.0
186,1,Spine,0.018410691991448402,-0.16676028072834015,-0.06271000951528549
186,2,Thorax,-0.0067222705110907555,-0.3951588273048401,-0.035530995577573776
186,3,Head,-0.037515655159950256,-0.5219776034355164,-0.2747364044189453
186,4,LShoulder,0.047931719571352005,-0.36675652861595154,-0.19261157512664795
186,5,LElbow,-0.04884704574942589,-0.20271721482276917,-0.2531796097755432
186,6,LWrist,0.10089830309152603,0.022538235411047935,-0.27686452865600586
186,7,RShoulder,-0.019752124324440956,-0.3296602964401245,-0.17234137654304504
186,8,RElbow,-0.1378241628408432,-0.1835230439901352,-0.2483903020620346
186,9,RWrist,-0.13589587807655334,0.012277946807444096,-0.20365384221076965
186,10,LHip,-0.03298239782452583,0.021607402712106705,-0.16379421949386597
186,11,LKnee,-0.03153422102332115,0.32461273670196533,-0.020502392202615738
186,12,LAnkle,-0.01474533136934042,0.649546205997467,-0.010168187320232391
186,13,RHip,0.019457601010799408,0.022639084607362747,0.09651117026805878
186,14,RKnee,-0.0044693672098219395,0.3300921618938446,0.23041386902332306
186,15,RAnkle,-0.05157887935638428,0.6455898284912109,0.28310343623161316
187,0,Pelvis,0.0,0.0,0.0
187,1,Spine,0.02259613387286663,-0.16936132311820984,-0.05497227609157562
187,2,Thorax,-0.0023660236038267612,-0.39860522747039795,-0.031097035855054855
187,3,Head,-0.03936149552464485,-0.5300177335739136,-0.28013402223587036
187,4,LShoulder,0.07917635142803192,-0.37708014249801636,-0.19080772995948792
187,5,LElbow,0.02533644437789917,-0.20872771739959717,-0.2464650422334671
187,6,LWrist,0.13851860165596008,0.01993917115032673,-0.26943790912628174
187,7,RShoulder,-0.02705998532474041,-0.33471205830574036,-0.16902735829353333
187,8,RElbow,-0.16947519779205322,-0.1915680170059204,-0.2417302429676056
187,9,RWrist,-0.1702631115913391,0.007194250822067261,-0.20561470091342926
187,10,LHip,-0.016344165429472923,0.02178393304347992,-0.17081907391548157
187,11,LKnee,-0.02251509390771389,0.3263188600540161,-0.022242840379476547
187,12,LAnkle,-0.010271412320435047,0.6603872179985046,-0.011080607771873474
187,13,RHip,0.009132809937000275,0.025167884305119514,0.10341916978359222
187,14,RKnee,-0.04455334693193436,0.33729442954063416,0.232014000415802
187,15,RAnkle,-0.04908476397395134,0.6567316055297852,0.28651049733161926
188,0,Pelvis,0.0,0.0,0.0
188,1,Spine,0.022947516292333603,-0.17053014039993286,-0.0546850711107254
188,2,Thorax,-0.005157896317541599,-0.40071648359298706,-0.03056075982749462
188,3,Head,-0.040822941809892654,-0.5353020429611206,-0.2819477915763855
188,4,LShoulder,0.08351627737283707,-0.38183826208114624,-0.19391638040542603
188,5,LElbow,0.027224965393543243,-0.21337972581386566,-0.25740814208984375
188,6,LWrist,0.14494067430496216,0.018794134259223938,-0.26608389616012573
188,7,RShoulder,-0.03003191202878952,-0.3381526470184326,-0.16936753690242767
188,8,RElbow,-0.17198775708675385,-0.1938869059085846,-0.24764829874038696
188,9,RWrist,-0.1754055619239807,0.006394674070179462,-0.22031007707118988
188,10,LHip,-0.015089781954884529,0.022878006100654602,-0.17086225748062134
188,11,LKnee,-0.02332060970366001,0.32638341188430786,-0.022972140461206436
188,12,LAnkle,-0.011248105205595493,0.6702228784561157,-0.013998791575431824
188,13,RHip,0.008660782128572464,0.02408551797270775,0.10448688268661499
188,14,RKnee,-0.0516798309981823,0.3329380452632904,0.24022026360034943
188,15,RAnkle,-0.04323583096265793,0.6576398611068726,0.28785184025764465
189,0,Pelvis,0.0,0.0,0.0
189,1,Spine,0.020850908011198044,-0.17162902653217316,-0.05737030506134033
189,2,Thorax,-0.011264968663454056,-0.4075430631637573,-0.0357833132147789
189,3,Head,-0.04224804416298866,-0.5319214463233948,-0.2769728899002075
189,4,LShoulder,0.062367476522922516,-0.38548725843429565,-0.1982966959476471
189,5,LElbow,-0.02436745911836624,-0.21319222450256348,-0.2732584476470947
189,6,LWrist,0.12488000094890594,0.020351644605398178,-0.2690560817718506
189,7,RShoulder,-0.02842552959918976,-0.33838093280792236,-0.1706160455942154
189,8,RElbow,-0.1493658721446991,-0.1877967119216919,-0.2565029263496399
189,9,RWrist,-0.1754792183637619,0.007898563519120216,-0.23921777307987213
189,10,LHip,-0.026688996702432632,0.02408060058951378,-0.1680675745010376
189,11,LKnee,-0.03423263132572174,0.32902419567108154,-0.022875450551509857
189,12,LAnkle,-0.018001694232225418,0.679295539855957,-0.021220043301582336
189,13,RHip,0.015065684914588928,0.022166097536683083,0.10221866518259048
189,14,RKnee,-0.035122670233249664,0.32242342829704285,0.2504848539829254
189,15,RAnkle,-0.03365863114595413,0.6470385789871216,0.2823638916015625
190,0,Pelvis,0.0,0.0,0.0
190,1,Spine,0.01462936494499445,-0.16960710287094116,-0.06099417060613632
190,2,Thorax,-0.018370982259511948,-0.41216468811035156,-0.03880571201443672
190,3,Head,-0.044513557106256485,-0.5199463963508606,-0.27247974276542664
190,4,LShoulder,0.03521447256207466,-0.3793177604675293,-0.19702231884002686
190,5,LElbow,-0.06031220033764839,-0.2078092098236084,-0.27748802304267883
190,6,LWrist,0.08784843981266022,0.02862633764743805,-0.2699891924858093
190,7,RShoulder,-0.026379361748695374,-0.33327481150627136,-0.17060025036334991
190,8,RElbow,-0.13582347333431244,-0.1853179633617401,-0.26466792821884155
190,9,RWrist,-0.13163645565509796,0.012242541648447514,-0.2446577250957489
190,10,LHip,-0.050964608788490295,0.02822369709610939,-0.1533537209033966
190,11,LKnee,-0.051294177770614624,0.32849133014678955,-0.01286131888628006
190,12,LAnkle,-0.025927864015102386,0.6740111112594604,-0.019765280187129974
190,13,RHip,0.03056158311665058,0.02046520635485649,0.09891998022794724
190,14,RKnee,0.022217584773898125,0.3035496473312378,0.2710665166378021
190,15,RAnkle,-0.023753812536597252,0.6430039405822754,0.27574294805526733
191,0,Pelvis,0.0,0.0,0.0
191,1,Spine,0.024641405791044235,-0.1734718531370163,-0.059859536588191986
191,2,Thorax,-0.002329733222723007,-0.415680855512619,-0.03034248575568199
191,3,Head,-0.017181603237986565,-0.524276614189148,-0.24854785203933716
191,4,LShoulder,0.00871400535106659,-0.3870578408241272,-0.1829356849193573
191,5,LElbow,-0.11177752912044525,-0.2031344175338745,-0.23957593739032745
191,6,LWrist,-0.0654461607336998,0.026951055973768234,-0.27104896306991577
191,7,RShoulder,0.03368329629302025,-0.34769004583358765,-0.16873648762702942
191,8,RElbow,0.04606543853878975,-0.20192398130893707,-0.2835661768913269
191,9,RWrist,0.13457956910133362,0.001949588768184185,-0.21376514434814453
191,10,LHip,-0.0657615214586258,0.02653590589761734,-0.1520501971244812
191,11,LKnee,-0.05563138425350189,0.3285118341445923,-0.011697094887495041
191,12,LAnkle,-0.02296031080186367,0.6768896579742432,-0.025653265416622162
191,13,RHip,0.036982521414756775,0.02129271812736988,0.09716768562793732
191,14,RKnee,0.041820574551820755,0.30061453580856323,0.27608880400657654
191,15,RAnkle,-0.012878501787781715,0.6463016867637634,0.26576536893844604
192,0,Pelvis,0.0,0.0,0.0
192,1,Spine,0.01990636996924877,-0.17338040471076965,-0.058479443192481995
192,2,Thorax,-0.012788375839591026,-0.4209097623825073,-0.03005349077284336
192,3,Head,-0.02546820417046547,-0.513693630695343,-0.23783732950687408
192,4,LShoulder,-0.01436691451817751,-0.3833709955215454,-0.17346329987049103
192,5,LElbow,-0.1574920415878296,-0.20099565386772156,-0.21183308959007263
192,6,LWrist,-0.11180490255355835,0.04469390586018562,-0.25784775614738464
192,7,RShoulder,0.03526952490210533,-0.34329450130462646,-0.16564004123210907
192,8,RElbow,0.08887197822332382,-0.20069843530654907,-0.2704525589942932
192,9,RWrist,0.15296345949172974,0.006876155734062195,-0.19505664706230164
192,10,LHip,-0.07814599573612213,0.030336512252688408,-0.14052081108093262
192,11,LKnee,-0.08095692098140717,0.3321168124675751,-0.0017483681440353394
192,12,LAnkle,-0.034032780677080154,0.6798712015151978,-0.027521394193172455
192,13,RHip,0.04572060704231262,0.02111661434173584,0.09540625661611557
192,14,RKnee,0.048072658479213715,0.29635679721832275,0.28452757000923157
192,15,RAnkle,-0.009001558646559715,0.652407169342041,0.2655828595161438
193,0,Pelvis,0.0,0.0,0.0
193,1,Spine,0.018955647945404053,-0.1742754727602005,-0.058971744030714035
193,2,Thorax,-0.011445088312029839,-0.42285066843032837,-0.031023908406496048
193,3,Head,-0.022410672158002853,-0.5153651833534241,-0.23682314157485962
193,4,LShoulder,-0.020547352731227875,-0.3855748176574707,-0.17100276052951813
193,5,LElbow,-0.1641707718372345,-0.20183423161506653,-0.2076633870601654
193,6,LWrist,-0.11438605934381485,0.042335234582424164,-0.2560088634490967
193,7,RShoulder,0.04531765729188919,-0.3443843722343445,-0.16442373394966125
193,8,RElbow,0.11129699647426605,-0.2022590935230255,-0.2658267319202423
193,9,RWrist,0.16470205783843994,0.0049298107624053955,-0.19268682599067688
193,10,LHip,-0.08159784972667694,0.030108647421002388,-0.1394621729850769
193,11,LKnee,-0.0813574492931366,0.33076977729797363,-0.0003839358687400818
193,12,LAnkle,-0.03402172029018402,0.6786676645278931,-0.026136428117752075
193,13,RHip,0.04854797199368477,0.02125084400177002,0.09502699971199036
193,14,RKnee,0.05409097671508789,0.29389488697052,0.2872851490974426
193,15,RAnkle,-0.005378577392548323,0.6561800837516785,0.2652338445186615
194,0,Pelvis,0.0,0.0,0.0
194,1,Spine,0.02668454684317112,-0.17956899106502533,-0.059687502682209015
194,2,Thorax,-0.005294959060847759,-0.43455079197883606,-0.03667357563972473
194,3,Head,-0.00897145364433527,-0.5270265340805054,-0.2340123951435089
194,4,LShoulder,-0.028122439980506897,-0.39508527517318726,-0.17263749241828918
194,5,LElbow,-0.17945927381515503,-0.21073156595230103,-0.20334474742412567
194,6,LWrist,-0.10223124921321869,0.03571897745132446,-0.24396957457065582
194,7,RShoulder,0.06525687873363495,-0.35645443201065063,-0.16497468948364258
194,8,RElbow,0.15970486402511597,-0.20879165828227997,-0.2499023675918579
194,9,RWrist,0.18390801548957825,0.0024926289916038513,-0.17805349826812744
194,10,LHip,-0.0825587660074234,0.026848383247852325,-0.14274969696998596
194,11,LKnee,-0.09218356013298035,0.3329944908618927,-0.0019700229167938232
194,12,LAnkle,-0.02667110413312912,0.6883412003517151,-0.03532768040895462
194,13,RHip,0.04620833322405815,0.022721797227859497,0.09974566102027893
194,14,RKnee,0.0646495446562767,0.29814839363098145,0.28775376081466675
194,15,RAnkle,0.0017070835456252098,0.660747230052948,0.2552174925804138
195,0,Pelvis,0.0,0.0,0.0
195,1,Spine,0.022674906998872757,-0.1802462786436081,-0.058135706931352615
195,2,Thorax,-0.00905092153698206,-0.43808478116989136,-0.03494253009557724
195,3,Head,-0.011700731702148914,-0.5331268310546875,-0.23440149426460266
195,4,LShoulder,-0.03570501506328583,-0.39637160301208496,-0.1728980392217636
195,5,LElbow,-0.17697028815746307,-0.21256957948207855,-0.2119598686695099
195,6,LWrist,-0.10429659485816956,0.0275696013122797,-0.2612074613571167
195,7,RShoulder,0.06943509727716446,-0.36225569248199463,-0.16347277164459229
195,8,RElbow,0.16346946358680725,-0.21179768443107605,-0.24903504550457
195,9,RWrist,0.17855635285377502,-0.002259993925690651,-0.1881009042263031
195,10,LHip,-0.07816445827484131,0.02845653146505356,-0.1446695774793625
195,11,LKnee,-0.09718480706214905,0.3351438045501709,-0.0014539584517478943
195,12,LAnkle,-0.029636558145284653,0.6932743787765503,-0.03485560417175293
195,13,RHip,0.044132962822914124,0.02242429554462433,0.10209394991397858
195,14,RKnee,0.05950986593961716,0.30407246947288513,0.2849757671356201
195,15,RAnkle,-0.0009265244007110596,0.6656206846237183,0.2562263607978821
196,0,Pelvis,0.0,0.0,0.0
196,1,Spine,0.013345389626920223,-0.1851058304309845,-0.05708219110965729
196,2,Thorax,-0.010675713419914246,-0.44861382246017456,-0.0392751544713974
196,3,Head,-0.010065067559480667,-0.5555922985076904,-0.24134927988052368
196,4,LShoulder,-0.031428635120391846,-0.41271838545799255,-0.18562105298042297
196,5,LElbow,-0.16054239869117737,-0.22661536931991577,-0.23381973803043365
196,6,LWrist,-0.06233850121498108,0.003587033599615097,-0.293066143989563
196,7,RShoulder,0.0669463500380516,-0.3770484924316406,-0.16576845943927765
196,8,RElbow,0.1397377848625183,-0.22369052469730377,-0.27083489298820496
196,9,RWrist,0.11379294097423553,-0.0318879671394825,-0.24117916822433472
196,10,LHip,-0.05666112154722214,0.026432830840349197,-0.15208247303962708
196,11,LKnee,-0.08128660917282104,0.3357880711555481,-0.004757300019264221
196,12,LAnkle,-0.024632519111037254,0.6985476016998291,-0.013481482863426208
196,13,RHip,0.031873367726802826,0.02237020432949066,0.10674973577260971
196,14,RKnee,0.04156532138586044,0.31843578815460205,0.27365487813949585
196,15,RAnkle,-0.008943893015384674,0.6808681488037109,0.26774412393569946
197,0,Pelvis,0.0,0.0,0.0
197,1,Spine,0.0025858255103230476,-0.191800057888031,-0.05457575246691704
197,2,Thorax,-0.012290772050619125,-0.4579753875732422,-0.045169491320848465
197,3,Head,-0.00607470003888011,-0.5856931209564209,-0.2572692334651947
197,4,LShoulder,-0.008958276361227036,-0.4222654104232788,-0.19952437281608582
197,5,LElbow,-0.09673823416233063,-0.2417941391468048,-0.2664223909378052
197,6,LWrist,0.07738340646028519,-0.0045005278661847115,-0.3013395071029663
197,7,RShoulder,0.05747056007385254,-0.3912433981895447,-0.17959485948085785
197,8,RElbow,0.068944551050663,-0.2393084466457367,-0.3060266971588135
197,9,RWrist,-0.1106262058019638,-0.08434687554836273,-0.3653426766395569
197,10,LHip,-0.04165798798203468,0.02539767324924469,-0.15580785274505615
197,11,LKnee,-0.0446629635989666,0.3438795208930969,-0.009619176387786865
197,12,LAnkle,-0.01797586865723133,0.7036580443382263,-0.0019221454858779907
197,13,RHip,0.02674746885895729,0.023595474660396576,0.11318393051624298
197,14,RKnee,0.02284150756895542,0.34476274251937866,0.23718324303627014
197,15,RAnkle,-0.02323630452156067,0.7202991247177124,0.2400287389755249
198,0,Pelvis,0.0,0.0,0.0
198,1,Spine,-0.0037481221370399,-0.1919451355934143,-0.05170194059610367
198,2,Thorax,-0.007707642856985331,-0.4604302942752838,-0.05249275267124176
198,3,Head,-0.005895619746297598,-0.5855420827865601,-0.26472556591033936
198,4,LShoulder,0.009171383455395699,-0.4245350956916809,-0.20424886047840118
198,5,LElbow,-0.02424810826778412,-0.23148313164710999,-0.2491898238658905
198,6,LWrist,0.13022096455097198,0.00464634969830513,-0.27821266651153564
198,7,RShoulder,0.03588100150227547,-0.3903113603591919,-0.18094010651111603
198,8,RElbow,-0.011595137417316437,-0.24856871366500854,-0.30979210138320923
198,9,RWrist,-0.1890280693769455,-0.10583269596099854,-0.358447790145874
198,10,LHip,-0.03147101774811745,0.025404077023267746,-0.15944042801856995
198,11,LKnee,-0.030596060678362846,0.3473970890045166,-0.01866484060883522
198,12,LAnkle,-0.010971997864544392,0.7059829831123352,-0.001769736409187317
198,13,RHip,0.02373497188091278,0.025961529463529587,0.11490470170974731
198,14,RKnee,0.015305597335100174,0.35407575964927673,0.22948680818080902
198,15,RAnkle,-0.015845905989408493,0.7310501337051392,0.2347646951675415
199,0,Pelvis,0.0,0.0,0.0
199,1,Spine,-0.01503949984908104,-0.19384200870990753,-0.05419398099184036
199,2,Thorax,-0.011003360152244568,-0.4522554874420166,-0.041311830282211304
199,3,Head,0.001722332090139389,-0.5973272323608398,-0.2614894509315491
199,4,LShoulder,-0.00553368404507637,-0.4229675531387329,-0.19587890803813934
199,5,LElbow,-0.09394843131303787,-0.24553975462913513,-0.25986361503601074
199,6,LWrist,0.09765049815177917,-0.010741916485130787,-0.29609090089797974
199,7,RShoulder,0.05136003717780113,-0.3946579694747925,-0.18669992685317993
199,8,RElbow,0.05367884784936905,-0.24262472987174988,-0.3133833408355713
199,9,RWrist,-0.1137041300535202,-0.08793812990188599,-0.369840145111084
199,10,LHip,-0.040117088705301285,0.026784434914588928,-0.1515270620584488
199,11,LKnee,-0.028679173439741135,0.34940624237060547,-0.010640647262334824
199,12,LAnkle,-0.012366644106805325,0.7046388387680054,0.003943942487239838
199,13,RHip,0.031164102256298065,0.02373957261443138,0.11241535097360611
199,14,RKnee,0.026901651173830032,0.3522041440010071,0.22174285352230072
199,15,RAnkle,-0.024235393851995468,0.7327651381492615,0.2294865846633911
200,0,Pelvis,0.0,0.0,0.0
200,1,Spine,-0.014789683744311333,-0.19287729263305664,-0.0508464053273201
200,2,Thorax,-0.007257223594933748,-0.45302802324295044,-0.044887714087963104
200,3,Head,-0.0018276111222803593,-0.5955792665481567,-0.26757562160491943
200,4,LShoulder,0.005768318194895983,-0.42015573382377625,-0.20310765504837036
200,5,LElbow,-0.026765126734972,-0.23232968151569366,-0.24917413294315338
200,6,LWrist,0.1273786425590515,-0.0014442633837461472,-0.282508909702301
200,7,RShoulder,0.04083465412259102,-0.3948090970516205,-0.184827983379364
200,8,RElbow,0.0064616575837135315,-0.24949690699577332,-0.3167060613632202
200,9,RWrist,-0.17521193623542786,-0.108983114361763,-0.3696555197238922
200,10,LHip,-0.0338718444108963,0.02748168259859085,-0.15527290105819702
200,11,LKnee,-0.02055397443473339,0.3523203730583191,-0.017166752368211746
200,12,LAnkle,-0.008544541895389557,0.7068079710006714,0.0037127360701560974
200,13,RHip,0.028163176029920578,0.025295404717326164,0.11482316255569458
200,14,RKnee,0.0177700724452734,0.3577735722064972,0.21931734681129456
200,15,RAnkle,-0.023428939282894135,0.7343895435333252,0.22943566739559174
201,0,Pelvis,0.0,0.0,0.0
201,1,Spine,-0.018597956746816635,-0.1940552443265915,-0.05198322609066963
201,2,Thorax,-0.008274700492620468,-0.44826313853263855,-0.03079560026526451
201,3,Head,0.005711907986551523,-0.5981191396713257,-0.2503073513507843
201,4,LShoulder,-0.04088228568434715,-0.4340478777885437,-0.19400468468666077
201,5,LElbow,-0.18591651320457458,-0.25322282314300537,-0.24307508766651154
201,6,LWrist,-0.06201179698109627,-0.03623884171247482,-0.32724618911743164
201,7,RShoulder,0.07600704580545425,-0.4032820761203766,-0.18551631271839142
201,8,RElbow,0.17111825942993164,-0.23166730999946594,-0.2839415669441223
201,9,RWrist,0.0787150040268898,-0.034870509058237076,-0.2526462972164154
201,10,LHip,-0.052788250148296356,0.02807042747735977,-0.14614436030387878
201,11,LKnee,-0.031127486377954483,0.3539126217365265,-0.008469056338071823
201,12,LAnkle,-0.015519795939326286,0.7064836025238037,0.008951053023338318
201,13,RHip,0.03726039081811905,0.023173809051513672,0.10952584445476532
201,14,RKnee,0.03330080583691597,0.3563304543495178,0.21913306415081024
201,15,RAnkle,-0.026564761996269226,0.7396574020385742,0.22678443789482117
202,0,Pelvis,0.0,0.0,0.0
202,1,Spine,-0.022071808576583862,-0.19530855119228363,-0.054574236273765564
202,2,Thorax,-0.007477556820958853,-0.45228153467178345,-0.03412918746471405
202,3,Head,0.008994328789412975,-0.6021841764450073,-0.2537193298339844
202,4,LShoulder,-0.04232329502701759,-0.43504005670547485,-0.19217371940612793
202,5,LElbow,-0.1914696991443634,-0.25282737612724304,-0.23841647803783417
202,6,LWrist,-0.0752684473991394,-0.04041382297873497,-0.32678425312042236
202,7,RShoulder,0.07342924177646637,-0.40270888805389404,-0.18899253010749817
202,8,RElbow,0.18174347281455994,-0.2287541627883911,-0.27959299087524414
202,9,RWrist,0.10315277427434921,-0.026470517739653587,-0.22161558270454407
202,10,LHip,-0.05621993914246559,0.027491668239235878,-0.1446875035762787
202,11,LKnee,-0.02849302813410759,0.354825884103775,-0.011685039848089218
202,12,LAnkle,-0.014250882901251316,0.7181984782218933,0.003484874963760376
202,13,RHip,0.039860427379608154,0.022740323096513748,0.10893885046243668
202,14,RKnee,0.036759208887815475,0.3555109202861786,0.21557599306106567
202,15,RAnkle,-0.031681761145591736,0.7422802448272705,0.2231370359659195
203,0,Pelvis,0.0,0.0,0.0
203,1,Spine,-0.013403881341218948,-0.1909322738647461,-0.05714467912912369
203,2,Thorax,5.487352609634399e-06,-0.4464500844478607,-0.029563797637820244
203,3,Head,0.008777724578976631,-0.5817094445228577,-0.2505178451538086
203,4,LShoulder,-0.030189640820026398,-0.4268989562988281,-0.1876133680343628
203,5,LElbow,-0.1872139573097229,-0.24543195962905884,-0.2279486209154129
203,6,LWrist,-0.07785627245903015,-0.031758468598127365,-0.31948578357696533
203,7,RShoulder,0.08915269374847412,-0.3945331275463104,-0.18492557108402252
203,8,RElbow,0.1944618970155716,-0.2177550494670868,-0.26455387473106384
203,9,RWrist,0.12361188977956772,-0.013220210559666157,-0.18017806112766266
203,10,LHip,-0.06331843137741089,0.02988225221633911,-0.14597918093204498
203,11,LKnee,-0.02770756185054779,0.3571220338344574,-0.013842374086380005
203,12,LAnkle,-0.014459286816418171,0.6967945098876953,0.008283086121082306
203,13,RHip,0.04230913519859314,0.024063419550657272,0.10746826976537704
203,14,RKnee,0.0401664599776268,0.3575938940048218,0.21326887607574463
203,15,RAnkle,-0.0179519671946764,0.7487039566040039,0.22181469202041626
204,0,Pelvis,0.0,0.0,0.0
204,1,Spine,0.03291502594947815,-0.16320346295833588,-0.05223019793629646
204,2,Thorax,-0.0006679855287075043,-0.37178218364715576,0.0037184879183769226
204,3,Head,-0.010904720053076744,-0.5085545778274536,-0.22951337695121765
204,4,LShoulder,-0.00825301930308342,-0.37435564398765564,-0.1664314717054367
204,5,LElbow,-0.16783732175827026,-0.21776646375656128,-0.1892593502998352
204,6,LWrist,-0.11477932333946228,-0.012588360346853733,-0.24890196323394775
204,7,RShoulder,0.10510259866714478,-0.3487550616264343,-0.15885654091835022
204,8,RElbow,0.1550849974155426,-0.20482534170150757,-0.24765823781490326
204,9,RWrist,0.052890755236148834,-0.036674026399850845,-0.2522841989994049
204,10,LHip,-0.06187364459037781,0.032065846025943756,-0.1441640555858612
204,11,LKnee,-0.013302557170391083,0.3076510727405548,0.007597040385007858
204,12,LAnkle,-0.010601352900266647,0.5954840183258057,0.034113481640815735
204,13,RHip,0.03226248919963837,0.021988246589899063,0.09633919596672058
204,14,RKnee,0.05342426523566246,0.28989025950431824,0.25864747166633606
204,15,RAnkle,-0.030998270958662033,0.5801733732223511,0.3551459312438965
205,0,Pelvis,0.0,0.0,0.0
205,1,Spine,0.03782949596643448,-0.16266290843486786,-0.05436958745121956
205,2,Thorax,0.019772209227085114,-0.3893335461616516,-0.01431620679795742
205,3,Head,-0.008958949707448483,-0.484421044588089,-0.21763035655021667
205,4,LShoulder,-0.017052531242370605,-0.3691726326942444,-0.15986628830432892
205,5,LElbow,-0.1740148961544037,-0.20620319247245789,-0.1732116937637329
205,6,LWrist,-0.1219901442527771,-0.005365127697587013,-0.21308958530426025
205,7,RShoulder,0.11785269528627396,-0.33968132734298706,-0.1552153080701828
205,8,RElbow,0.173116534948349,-0.19297847151756287,-0.23256325721740723
205,9,RWrist,0.09134238213300705,0.0025331899523735046,-0.19137510657310486
205,10,LHip,-0.06562143564224243,0.027904503047466278,-0.1386713981628418
205,11,LKnee,-0.01572474092245102,0.3030115067958832,0.01849430799484253
205,12,LAnkle,-0.007753212470561266,0.596813440322876,0.04132130742073059
205,13,RHip,0.0304889976978302,0.02257377654314041,0.0909041091799736
205,14,RKnee,0.05316738039255142,0.2889919877052307,0.2605991065502167
205,15,RAnkle,-0.03355361148715019,0.5731261968612671,0.3631332218647003
206,0,Pelvis,0.0,0.0,0.0
206,1,Spine,0.04206996038556099,-0.16372627019882202,-0.05566062033176422
206,2,Thorax,0.020741332322359085,-0.4018142819404602,-0.02303146943449974
206,3,Head,-0.008888890966773033,-0.4832112789154053,-0.2151627242565155
206,4,LShoulder,-0.025768890976905823,-0.36467453837394714,-0.15591393411159515
206,5,LElbow,-0.18194223940372467,-0.20001259446144104,-0.16627278923988342
206,6,LWrist,-0.13765676319599152,-0.0025621727108955383,-0.202020525932312
206,7,RShoulder,0.12222599983215332,-0.341037780046463,-0.1572895348072052
206,8,RElbow,0.1801106482744217,-0.18686342239379883,-0.2262764275074005
206,9,RWrist,0.12440159916877747,0.015156788751482964,-0.16973143815994263
206,10,LHip,-0.06839780509471893,0.02509164810180664,-0.14069156348705292
206,11,LKnee,-0.017647061496973038,0.3020371198654175,0.018582433462142944
206,12,LAnkle,-0.009297373704612255,0.595375657081604,0.03957284241914749
206,13,RHip,0.030645783990621567,0.022670865058898926,0.08897681534290314
206,14,RKnee,0.05437711626291275,0.29252558946609497,0.25751134753227234
206,15,RAnkle,-0.03625781834125519,0.5759015083312988,0.36014091968536377
207,0,Pelvis,0.0,0.0,0.0
207,1,Spine,0.04417581856250763,-0.1628420054912567,-0.05641457438468933
207,2,Thorax,0.022130534052848816,-0.3958694338798523,-0.021311042830348015
207,3,Head,-0.009171278215944767,-0.47856682538986206,-0.21651539206504822
207,4,LShoulder,-0.017848260700702667,-0.36432889103889465,-0.1569337397813797
207,5,LElbow,-0.18073129653930664,-0.20026011765003204,-0.16194111108779907
207,6,LWrist,-0.11383180320262909,0.003464311361312866,-0.19717763364315033
207,7,RShoulder,0.12175872921943665,-0.33704328536987305,-0.1590391993522644
207,8,RElbow,0.17676588892936707,-0.1815526783466339,-0.22586266696453094
207,9,RWrist,0.1217736229300499,0.0182152409106493,-0.16590619087219238
207,10,LHip,-0.06952698528766632,0.022604987025260925,-0.14059537649154663
207,11,LKnee,-0.02032516337931156,0.30339592695236206,0.018293283879756927
207,12,LAnkle,-0.00822643656283617,0.6046001315116882,0.0375630185008049
207,13,RHip,0.030213043093681335,0.024071119725704193,0.08844076097011566
207,14,RKnee,0.04952769726514816,0.29708582162857056,0.2559664845466614
207,15,RAnkle,-0.03832858428359032,0.5804725885391235,0.35437625646591187
208,0,Pelvis,0.0,0.0,0.0
208,1,Spine,0.04812130331993103,-0.16160538792610168,-0.05425044894218445
208,2,Thorax,0.021061982959508896,-0.3901912271976471,-0.019210195168852806
208,3,Head,-0.008531399071216583,-0.46779024600982666,-0.21343329548835754
208,4,LShoulder,-0.023471927270293236,-0.35148119926452637,-0.1551351547241211
208,5,LElbow,-0.17837730050086975,-0.19012451171875,-0.1583133041858673
208,6,LWrist,-0.11981107294559479,0.010186249390244484,-0.18454667925834656
208,7,RShoulder,0.12491197139024734,-0.33242267370224,-0.15842661261558533
208,8,RElbow,0.1727675050497055,-0.1697121262550354,-0.21788345277309418
208,9,RWrist,0.13197854161262512,0.025994278490543365,-0.15574297308921814
208,10,LHip,-0.07379188388586044,0.018480731174349785,-0.14019089937210083
208,11,LKnee,-0.02510117180645466,0.3061726689338684,0.014792624861001968
208,12,LAnkle,-0.006143322214484215,0.6055596470832825,0.03664923459291458
208,13,RHip,0.02952272817492485,0.026460956782102585,0.08699539303779602
208,14,RKnee,0.04603420943021774,0.301957905292511,0.2497471123933792
208,15,RAnkle,-0.04208743944764137,0.5904413461685181,0.3446945548057556
209,0,Pelvis,0.0,0.0,0.0
209,1,Spine,0.0473598837852478,-0.16056500375270844,-0.058838918805122375
209,2,Thorax,0.025939730927348137,-0.38518109917640686,-0.01831945590674877
209,3,Head,-0.00788202229887247,-0.4792870879173279,-0.229745015501976
209,4,LShoulder,0.01383907999843359,-0.3635461926460266,-0.16647662222385406
209,5,LElbow,-0.15866373479366302,-0.2064724862575531,-0.19542479515075684
209,6,LWrist,-0.11518697440624237,0.003962960094213486,-0.23530763387680054
209,7,RShoulder,0.11454662680625916,-0.3335880637168884,-0.1687895655632019
209,8,RElbow,0.14844468235969543,-0.17649611830711365,-0.24232862889766693
209,9,RWrist,0.03990253806114197,0.015865297988057137,-0.23140937089920044
209,10,LHip,-0.06853465735912323,0.019769221544265747,-0.1404196321964264
209,11,LKnee,-0.023656848818063736,0.30969592928886414,0.0170004703104496
209,12,LAnkle,-0.011457926593720913,0.623395562171936,0.027223922312259674
209,13,RHip,0.029189597815275192,0.02626059204339981,0.0883873850107193
209,14,RKnee,0.03700988367199898,0.30230528116226196,0.2457045167684555
209,15,RAnkle,-0.04678058624267578,0.594031035900116,0.34379422664642334
210,0,Pelvis,0.0,0.0,0.0
210,1,Spine,0.04848306253552437,-0.1612183302640915,-0.057151563465595245
210,2,Thorax,0.026116810739040375,-0.3857894837856293,-0.018003718927502632
210,3,Head,-0.005442168563604355,-0.47092553973197937,-0.2202032208442688
210,4,LShoulder,-0.011175200343132019,-0.3595219850540161,-0.1597370207309723
210,5,LElbow,-0.17170289158821106,-0.19476109743118286,-0.1597926914691925
210,6,LWrist,-0.08869682997465134,0.014984909445047379,-0.1895250380039215
210,7,RShoulder,0.11863294243812561,-0.329458087682724,-0.1625591665506363
210,8,RElbow,0.16354785859584808,-0.16800041496753693,-0.22525060176849365
210,9,RWrist,0.1250097006559372,0.025279870256781578,-0.15763938426971436
210,10,LHip,-0.07345674186944962,0.015809018164873123,-0.14097529649734497
210,11,LKnee,-0.029490463435649872,0.30943912267684937,0.010816138237714767
210,12,LAnkle,-0.007800529710948467,0.6234903931617737,0.023126378655433655
210,13,RHip,0.030185427516698837,0.027668658643960953,0.08575275540351868
210,14,RKnee,0.03594980016350746,0.3089366555213928,0.24076372385025024
210,15,RAnkle,-0.04764146730303764,0.5976161956787109,0.3309527337551117
211,0,Pelvis,0.0,0.0,0.0
211,1,Spine,0.04784874618053436,-0.16111302375793457,-0.05733076483011246
211,2,Thorax,0.02656816877424717,-0.38446784019470215,-0.0173267163336277
211,3,Head,-0.004276301711797714,-0.472665399312973,-0.22101646661758423
211,4,LShoulder,-0.011775296181440353,-0.3561951518058777,-0.15976174175739288
211,5,LElbow,-0.16830946505069733,-0.1918722689151764,-0.1631757766008377
211,6,LWrist,-0.09279287606477737,0.016636570915579796,-0.19302119314670563
211,7,RShoulder,0.11544190347194672,-0.3270454704761505,-0.16144514083862305
211,8,RElbow,0.16490408778190613,-0.16747672855854034,-0.22434398531913757
211,9,RWrist,0.13344921171665192,0.022444328293204308,-0.16050176322460175
211,10,LHip,-0.07313710451126099,0.014823094010353088,-0.1401909738779068
211,11,LKnee,-0.028428664430975914,0.31085532903671265,0.010049082338809967
211,12,LAnkle,-0.0078097255900502205,0.6325646638870239,0.02018830180168152
211,13,RHip,0.030867189168930054,0.027996700257062912,0.08523678779602051
211,14,RKnee,0.03208862245082855,0.3118534982204437,0.23816996812820435
211,15,RAnkle,-0.05028468742966652,0.6038779020309448,0.32506534457206726
212,0,Pelvis,0.0,0.0,0.0
212,1,Spine,0.04759931191802025,-0.16221746802330017,-0.05736837163567543
212,2,Thorax,0.025865167379379272,-0.3847389221191406,-0.018441537395119667
212,3,Head,-0.0020679468289017677,-0.4754704236984253,-0.2240944504737854
212,4,LShoulder,-0.009867392480373383,-0.35797643661499023,-0.16295258700847626
212,5,LElbow,-0.16717632114887238,-0.1934043914079666,-0.16880758106708527
212,6,LWrist,-0.08011090755462646,0.01712561771273613,-0.19858597218990326
212,7,RShoulder,0.10772231221199036,-0.3267519474029541,-0.16278159618377686
212,8,RElbow,0.15952371060848236,-0.1688956320285797,-0.23069660365581512
212,9,RWrist,0.1259688138961792,0.019395753741264343,-0.17053863406181335
212,10,LHip,-0.07102120667695999,0.013924332335591316,-0.14418216049671173
212,11,LKnee,-0.03051792085170746,0.31208765506744385,0.0023134537041187286
212,12,LAnkle,-0.00830128975212574,0.6357908248901367,0.012073777616024017
212,13,RHip,0.029631445184350014,0.028668813407421112,0.0856080949306488
212,14,RKnee,0.01969427615404129,0.31942129135131836,0.2329457402229309
212,15,RAnkle,-0.051554396748542786,0.6116034984588623,0.321640282869339
213,0,Pelvis,0.0,0.0,0.0
213,1,Spine,0.04709601402282715,-0.16366419196128845,-0.05808740854263306
213,2,Thorax,0.022205553948879242,-0.3870681822299957,-0.01937083899974823
213,3,Head,-0.0013202745467424393,-0.4830435514450073,-0.2237013280391693
213,4,LShoulder,-0.01751038059592247,-0.35134539008140564,-0.16815979778766632
213,5,LElbow,-0.1647842824459076,-0.19244715571403503,-0.18579405546188354
213,6,LWrist,-0.06296005100011826,0.019520092755556107,-0.1926979422569275
213,7,RShoulder,0.10173406451940536,-0.3332962989807129,-0.16177824139595032
213,8,RElbow,0.16562172770500183,-0.1757282316684723,-0.2312096357345581
213,9,RWrist,0.13353389501571655,0.010449131019413471,-0.19277483224868774
213,10,LHip,-0.06881725043058395,0.01362407673150301,-0.1479608565568924
213,11,LKnee,-0.03981098160147667,0.31656649708747864,-0.005425881594419479
213,12,LAnkle,-0.009667394682765007,0.6552218198776245,-0.0012852475047111511
213,13,RHip,0.028249748051166534,0.029448840767145157,0.08793742954730988
213,14,RKnee,0.016912898048758507,0.3254634439945221,0.23092053830623627
213,15,RAnkle,-0.053327642381191254,0.6217647790908813,0.318095862865448
214,0,Pelvis,0.0,0.0,0.0
214,1,Spine,0.044499631971120834,-0.1653733253479004,-0.05742381140589714
214,2,Thorax,0.019252445548772812,-0.3899077773094177,-0.02060648985207081
214,3,Head,-0.0016037644818425179,-0.4899628758430481,-0.22806403040885925
214,4,LShoulder,-0.006221162620931864,-0.3598160743713379,-0.17302311956882477
214,5,LElbow,-0.15631355345249176,-0.1955452859401703,-0.19860026240348816
214,6,LWrist,-0.04878469556570053,0.019010979682207108,-0.20777496695518494
214,7,RShoulder,0.08960819244384766,-0.3305025100708008,-0.16251952946186066
214,8,RElbow,0.14838072657585144,-0.1820426881313324,-0.24235761165618896
214,9,RWrist,0.10700374096632004,0.00528951920568943,-0.21396511793136597
214,10,LHip,-0.06052069365978241,0.013537444174289703,-0.15324705839157104
214,11,LKnee,-0.030211837962269783,0.3206997513771057,-0.011584289371967316
214,12,LAnkle,-0.007942537777125835,0.6588202714920044,-0.0028141438961029053
214,13,RHip,0.024393334984779358,0.027936264872550964,0.08966365456581116
214,14,RKnee,0.0008531254716217518,0.32969146966934204,0.22532032430171967
214,15,RAnkle,-0.05391038954257965,0.6292166709899902,0.3122727870941162
215,0,Pelvis,0.0,0.0,0.0
215,1,Spine,0.04097069427371025,-0.16729700565338135,-0.05643491819500923
215,2,Thorax,0.016042029485106468,-0.396186500787735,-0.028659215196967125
215,3,Head,-0.004979018121957779,-0.5030797719955444,-0.2468624860048294
215,4,LShoulder,0.026712734252214432,-0.36847519874572754,-0.18933777511119843
215,5,LElbow,-0.07504074275493622,-0.20694111287593842,-0.27317243814468384
215,6,LWrist,0.040331944823265076,0.01147958729416132,-0.28812143206596375
215,7,RShoulder,0.05575668066740036,-0.33576205372810364,-0.1674359291791916
215,8,RElbow,0.006198160350322723,-0.19092097878456116,-0.25034552812576294
215,9,RWrist,-0.1095452532172203,0.010721242055296898,-0.24836021661758423
215,10,LHip,-0.0470784530043602,0.0137889189645648,-0.1590145230293274
215,11,LKnee,-0.022701779380440712,0.3258439600467682,-0.017145372927188873
215,12,LAnkle,-0.006448421161621809,0.6608516573905945,-0.006008431315422058
215,13,RHip,0.020019685849547386,0.030183862894773483,0.09542087465524673
215,14,RKnee,-0.007901615463197231,0.33529072999954224,0.22183196246623993
215,15,RAnkle,-0.05364488437771797,0.6370847225189209,0.30698537826538086
216,0,Pelvis,0.0,0.0,0.0
216,1,Spine,0.03693876788020134,-0.168535053730011,-0.055537134408950806
216,2,Thorax,0.007187509443610907,-0.39861202239990234,-0.03124248795211315
216,3,Head,-0.010054491460323334,-0.5079225897789001,-0.25143498182296753
216,4,LShoulder,0.024511724710464478,-0.37036317586898804,-0.1969725489616394
216,5,LElbow,0.08529593795537949,-0.19450601935386658,-0.281333327293396
216,6,LWrist,0.01397658884525299,0.00844417791813612,-0.2613377571105957
216,7,RShoulder,0.04224053770303726,-0.33787626028060913,-0.16437622904777527
216,8,RElbow,-0.009358588606119156,-0.19129034876823425,-0.24482598900794983
216,9,RWrist,-0.046834662556648254,0.004676532000303268,-0.24674850702285767
216,10,LHip,-0.035807423293590546,0.016257744282484055,-0.16205327212810516
216,11,LKnee,-0.022834647446870804,0.32569485902786255,-0.019252736121416092
216,12,LAnkle,-0.007461971137672663,0.6578075885772705,-0.006556898355484009
216,13,RHip,0.015074043534696102,0.02844300866127014,0.09534210711717606
216,14,RKnee,-0.01612999476492405,0.33858269453048706,0.22071054577827454
216,15,RAnkle,-0.0552387461066246,0.6423920392990112,0.30678632855415344
217,0,Pelvis,0.0,0.0,0.0
217,1,Spine,0.030998071655631065,-0.16876909136772156,-0.0562652051448822
217,2,Thorax,-0.001556705217808485,-0.39679527282714844,-0.025978360325098038
217,3,Head,-0.01646948978304863,-0.5079455971717834,-0.23551195859909058
217,4,LShoulder,-0.005867245141416788,-0.36803311109542847,-0.1907629668712616
217,5,LElbow,-0.057443417608737946,-0.1994013786315918,-0.2656465172767639
217,6,LWrist,-0.019993826746940613,0.020415283739566803,-0.25523197650909424
217,7,RShoulder,0.04394693672657013,-0.3352220058441162,-0.1604594588279724
217,8,RElbow,0.06604819744825363,-0.193670392036438,-0.2469954490661621
217,9,RWrist,0.05653879791498184,-0.003885961137712002,-0.27179741859436035
217,10,LHip,-0.03961018845438957,0.016467396169900894,-0.16099901497364044
217,11,LKnee,-0.030691174790263176,0.3282504081726074,-0.01870138943195343
217,12,LAnkle,-0.014705250039696693,0.6745587587356567,-0.008452430367469788
217,13,RHip,0.01668586954474449,0.0258992500603199,0.0929543524980545
217,14,RKnee,-0.007357061840593815,0.3343445062637329,0.2218383401632309
217,15,RAnkle,-0.05369557440280914,0.6387091875076294,0.3077532649040222
218,0,Pelvis,0.0,0.0,0.0
218,1,Spine,0.02506556548178196,-0.1703718900680542,-0.054896220564842224
218,2,Thorax,-0.009495796635746956,-0.4037071168422699,-0.031027846038341522
218,3,Head,-0.0255723986774683,-0.5198862552642822,-0.25235816836357117
218,4,LShoulder,0.027383148670196533,-0.3751819431781769,-0.1976352483034134
218,5,LElbow,0.1143941581249237,-0.1960681825876236,-0.2859087586402893
218,6,LWrist,0.13109147548675537,0.0075304629281163216,-0.2751672863960266
218,7,RShoulder,0.004314769990742207,-0.3397822976112366,-0.15676076710224152
218,8,RElbow,-0.05180014669895172,-0.18958687782287598,-0.22606295347213745
218,9,RWrist,-0.10042430460453033,0.011297215707600117,-0.23016773164272308
218,10,LHip,-0.026203621178865433,0.017232399433851242,-0.1668931394815445
218,11,LKnee,-0.026366328820586205,0.32607463002204895,-0.020005710422992706
218,12,LAnkle,-0.011388805694878101,0.6656382083892822,-0.007813028991222382
218,13,RHip,0.01171625405550003,0.02493314817547798,0.09626336395740509
218,14,RKnee,-0.011906789615750313,0.33327680826187134,0.22282497584819794
218,15,RAnkle,-0.048203207552433014,0.6410040259361267,0.3082152307033539
219,0,Pelvis,0.0,0.0,0.0
219,1,Spine,0.019737854599952698,-0.1714516431093216,-0.05560317635536194
219,2,Thorax,-0.016113191843032837,-0.40618354082107544,-0.030842451378703117
219,3,Head,-0.029990967363119125,-0.5246078968048096,-0.2566547989845276
219,4,LShoulder,0.032033976167440414,-0.3787320852279663,-0.19526419043540955
219,5,LElbow,0.15293076634407043,-0.19277557730674744,-0.2696336507797241
219,6,LWrist,0.15095511078834534,0.005620264448225498,-0.26478731632232666
219,7,RShoulder,-0.015421383082866669,-0.3339602053165436,-0.15730394423007965
219,8,RElbow,-0.0713558942079544,-0.1879667043685913,-0.22835353016853333
219,9,RWrist,-0.08177323639392853,0.014753174036741257,-0.22387318313121796
219,10,LHip,-0.020646661520004272,0.018318593502044678,-0.16788940131664276
219,11,LKnee,-0.027757985517382622,0.32393574714660645,-0.02066129446029663
219,12,LAnkle,-0.012302650138735771,0.6711090803146362,-0.009638972580432892
219,13,RHip,0.01055985689163208,0.024145297706127167,0.09658253192901611
219,14,RKnee,-0.013481470756232738,0.331072062253952,0.22543591260910034
219,15,RAnkle,-0.03682747110724449,0.64141845703125,0.3126465082168579
220,0,Pelvis,0.0,0.0,0.0
220,1,Spine,0.01894075609743595,-0.17183151841163635,-0.052582912147045135
220,2,Thorax,-0.02038434147834778,-0.4128710627555847,-0.03245320916175842
220,3,Head,-0.03566327318549156,-0.529967188835144,-0.2618572413921356
220,4,LShoulder,0.04849082976579666,-0.3908337354660034,-0.19929683208465576
220,5,LElbow,0.2146146446466446,-0.18941649794578552,-0.2611919641494751
220,6,LWrist,0.17168951034545898,0.004508094862103462,-0.24918292462825775
220,7,RShoulder,-0.030257347971200943,-0.33650943636894226,-0.1598239243030548
220,8,RElbow,-0.08600081503391266,-0.1908746212720871,-0.23091310262680054
220,9,RWrist,-0.06775911897420883,0.011618761345744133,-0.23713412880897522
220,10,LHip,-0.003304289188235998,0.02004219964146614,-0.17093580961227417
220,11,LKnee,-0.020093658939003944,0.3235939145088196,-0.02183299884200096
220,12,LAnkle,-0.01034368947148323,0.6771048307418823,-0.009960971772670746
220,13,RHip,0.005898645613342524,0.027435261756181717,0.10385403782129288
220,14,RKnee,-0.030820520594716072,0.33577781915664673,0.2328595221042633
220,15,RAnkle,-0.04426196217536926,0.6501575708389282,0.30310964584350586
221,0,Pelvis,0.0,0.0,0.0
221,1,Spine,0.01499195583164692,-0.1713879108428955,-0.05517679080367088
221,2,Thorax,-0.026149649173021317,-0.41215038299560547,-0.03387678414583206
221,3,Head,-0.03777039796113968,-0.524537205696106,-0.2552602291107178
221,4,LShoulder,0.040272731333971024,-0.3858381509780884,-0.1987173855304718
221,5,LElbow,0.19978666305541992,-0.18663115799427032,-0.25717467069625854
221,6,LWrist,0.16399942338466644,0.007060538046061993,-0.2493850141763687
221,7,RShoulder,-0.032411422580480576,-0.3375938832759857,-0.1587158888578415
221,8,RElbow,-0.07203629612922668,-0.18892629444599152,-0.23609283566474915
221,9,RWrist,-0.04796072840690613,0.015731628984212875,-0.2306683510541916
221,10,LHip,-0.0124222906306386,0.021032065153121948,-0.1693563014268875
221,11,LKnee,-0.026242386549711227,0.32272887229919434,-0.020841266959905624
221,12,LAnkle,-0.014079572632908821,0.6760765314102173,-0.014257431030273438
221,13,RHip,0.008948173373937607,0.02290092036128044,0.09736110270023346
221,14,RKnee,-0.016997922211885452,0.3281606435775757,0.23422357439994812
221,15,RAnkle,-0.026366468518972397,0.6378958225250244,0.3081013560295105
222,0,Pelvis,0.0,0.0,0.0
222,1,Spine,0.01849443092942238,-0.17269909381866455,-0.0556337833404541
222,2,Thorax,-0.02963646687567234,-0.41419506072998047,-0.033357053995132446
222,3,Head,-0.03761705383658409,-0.5304173231124878,-0.2590065598487854
222,4,LShoulder,0.043633658438920975,-0.39086586236953735,-0.20043547451496124
222,5,LElbow,0.204555481672287,-0.18567435443401337,-0.2540528178215027
222,6,LWrist,0.16560007631778717,0.012238645926117897,-0.2480126917362213
222,7,RShoulder,-0.03565136343240738,-0.340157151222229,-0.16187340021133423
222,8,RElbow,-0.05839923769235611,-0.19177886843681335,-0.24793654680252075
222,9,RWrist,-0.029847435653209686,0.01733403652906418,-0.24246032536029816
222,10,LHip,-0.010644552297890186,0.021046509966254234,-0.17036984860897064
222,11,LKnee,-0.024324234575033188,0.324023962020874,-0.023753684014081955
222,12,LAnkle,-0.014691708609461784,0.6855021715164185,-0.020300142467021942
222,13,RHip,0.011998003348708153,0.024376899003982544,0.10033953934907913
222,14,RKnee,-0.01441322173923254,0.3318157196044922,0.24253253638744354
222,15,RAnkle,-0.026863491162657738,0.6493012309074402,0.3035981059074402
223,0,Pelvis,0.0,0.0,0.0
223,1,Spine,0.0214666910469532,-0.17218413949012756,-0.057184502482414246
223,2,Thorax,-0.029006540775299072,-0.4131520986557007,-0.03350111097097397
223,3,Head,-0.03705602139234543,-0.5211340188980103,-0.2467745840549469
223,4,LShoulder,0.022060293704271317,-0.38731467723846436,-0.19419759511947632
223,5,LElbow,0.09745565056800842,-0.18374699354171753,-0.2634011209011078
223,6,LWrist,0.11983507871627808,0.02158040925860405,-0.2765219509601593
223,7,RShoulder,-0.014644638635218143,-0.33880919218063354,-0.1644822061061859
223,8,RElbow,-0.00048590078949928284,-0.19103361666202545,-0.2657463252544403
223,9,RWrist,0.08226928859949112,0.01931651122868061,-0.262356698513031
223,10,LHip,-0.029781419783830643,0.02082287147641182,-0.1642640233039856
223,11,LKnee,-0.03184512257575989,0.3260120153427124,-0.02394288033246994
223,12,LAnkle,-0.018205374479293823,0.6985903978347778,-0.031601279973983765
223,13,RHip,0.019550304859876633,0.02196507155895233,0.09630224108695984
223,14,RKnee,0.02157108671963215,0.3224334418773651,0.2463787943124771
223,15,RAnkle,-0.008486773818731308,0.6414368748664856,0.3103950619697571
224,0,Pelvis,0.0,0.0,0.0
224,1,Spine,0.024772904813289642,-0.17302502691745758,-0.05666579306125641
224,2,Thorax,-0.029002094641327858,-0.41350969672203064,-0.032631270587444305
224,3,Head,-0.03469575196504593,-0.5188639163970947,-0.24394682049751282
224,4,LShoulder,0.013475008308887482,-0.3879331946372986,-0.1927296221256256
224,5,LElbow,0.00800930056720972,-0.18797622621059418,-0.26006048917770386
224,6,LWrist,0.060442809015512466,0.02948499470949173,-0.2785536050796509
224,7,RShoulder,-0.006482311524450779,-0.3408932387828827,-0.16809628903865814
224,8,RElbow,0.05413763225078583,-0.1936776041984558,-0.27421706914901733
224,9,RWrist,0.11672871559858322,0.02024882659316063,-0.24407601356506348
224,10,LHip,-0.042098887264728546,0.021010838449001312,-0.16074126958847046
224,11,LKnee,-0.037862442433834076,0.3269190490245819,-0.022948045283555984
224,12,LAnkle,-0.018738001585006714,0.703387439250946,-0.03502865135669708
224,13,RHip,0.02586343139410019,0.022569049149751663,0.09575352072715759
224,14,RKnee,0.03740258887410164,0.32066863775253296,0.24909241497516632
224,15,RAnkle,-0.0018510525114834309,0.6413955092430115,0.3029726445674896
225,0,Pelvis,0.0,0.0,0.0
225,1,Spine,0.030467327684164047,-0.17656227946281433,-0.056935109198093414
225,2,Thorax,-0.02908734232187271,-0.421364426612854,-0.03418077901005745
225,3,Head,-0.028151854872703552,-0.5272688865661621,-0.2392193078994751
225,4,LShoulder,-0.017370468005537987,-0.3908828794956207,-0.19558149576187134
225,5,LElbow,-0.03575120493769646,-0.18812967836856842,-0.2613200843334198
225,6,LWrist,-0.013630732893943787,0.03411785885691643,-0.262977659702301
225,7,RShoulder,0.024809299036860466,-0.3574501872062683,-0.16939538717269897
225,8,RElbow,0.15049192309379578,-0.2037106305360794,-0.25571924448013306
225,9,RWrist,0.17744141817092896,0.017319561913609505,-0.22633805871009827
225,10,LHip,-0.05033199489116669,0.020582165569067,-0.16062819957733154
225,11,LKnee,-0.04563538357615471,0.33166250586509705,-0.01980477198958397
225,12,LAnkle,-0.018513575196266174,0.7179883718490601,-0.0347500815987587
225,13,RHip,0.030150065198540688,0.024013958871364594,0.09761827439069748
225,14,RKnee,0.049432966858148575,0.32347872853279114,0.25565236806869507
225,15,RAnkle,0.005148632917553186,0.6548761129379272,0.2940623164176941
226,0,Pelvis,0.0,0.0,0.0
226,1,Spine,0.028894156217575073,-0.1755165010690689,-0.0564795546233654
226,2,Thorax,-0.028584621846675873,-0.4317525029182434,-0.04062100872397423
226,3,Head,-0.03195825219154358,-0.5136629939079285,-0.22916731238365173
226,4,LShoulder,-0.016943931579589844,-0.3903956115245819,-0.1921045482158661
226,5,LElbow,-0.042693693190813065,-0.1844959855079651,-0.2518047094345093
226,6,LWrist,-0.02050793170928955,0.03712233528494835,-0.26060983538627625
226,7,RShoulder,0.023717708885669708,-0.35604923963546753,-0.16734550893306732
226,8,RElbow,0.15720444917678833,-0.20481568574905396,-0.24902448058128357
226,9,RWrist,0.18078294396400452,0.018592264503240585,-0.21244680881500244
226,10,LHip,-0.05836278200149536,0.021355241537094116,-0.156859889626503
226,11,LKnee,-0.05703793466091156,0.330643892288208,-0.016391687095165253
226,12,LAnkle,-0.022369947284460068,0.7102940082550049,-0.03545207530260086
226,13,RHip,0.032623521983623505,0.025115475058555603,0.09708341956138611
226,14,RKnee,0.052377358078956604,0.3228117823600769,0.25172188878059387
226,15,RAnkle,0.005413863807916641,0.6524739265441895,0.29063981771469116
227,0,Pelvis,0.0,0.0,0.0
227,1,Spine,0.025283396244049072,-0.17793817818164825,-0.056095004081726074
227,2,Thorax,-0.03482938930392265,-0.4403924345970154,-0.042178209871053696
227,3,Head,-0.03933606296777725,-0.5122236013412476,-0.22532233595848083
227,4,LShoulder,-0.02055583894252777,-0.38902103900909424,-0.18583092093467712
227,5,LElbow,-0.07954875379800797,-0.19480261206626892,-0.24729950726032257
227,6,LWrist,0.006593119353055954,0.0382080003619194,-0.2715717554092407
227,7,RShoulder,0.013447056524455547,-0.3602849841117859,-0.16534820199012756
227,8,RElbow,0.13713957369327545,-0.2105078548192978,-0.2560940980911255
227,9,RWrist,0.16690483689308167,0.011487537063658237,-0.21360665559768677
227,10,LHip,-0.06603348255157471,0.02281033992767334,-0.153972327709198
227,11,LKnee,-0.07710296660661697,0.3332430124282837,-0.015537247061729431
227,12,LAnkle,-0.030017375946044922,0.7027484178543091,-0.03462804853916168
227,13,RHip,0.03300236538052559,0.02483334206044674,0.09913619607686996
227,14,RKnee,0.05282488465309143,0.32110360264778137,0.2551485598087311
227,15,RAnkle,0.006887789350003004,0.6553143262863159,0.28645727038383484
228,0,Pelvis,0.0,0.0,0.0
228,1,Spine,0.02411627769470215,-0.18293437361717224,-0.057369664311409
228,2,Thorax,-0.03471524268388748,-0.45126986503601074,-0.04712378978729248
228,3,Head,-0.03503997623920441,-0.5247678160667419,-0.22770282626152039
228,4,LShoulder,-0.033110469579696655,-0.3991985321044922,-0.19211705029010773
228,5,LElbow,-0.1008477434515953,-0.20090648531913757,-0.2513006925582886
228,6,LWrist,-0.0476701483130455,0.025165678933262825,-0.2653253674507141
228,7,RShoulder,0.023981433361768723,-0.36981961131095886,-0.16851374506950378
228,8,RElbow,0.16849273443222046,-0.22250434756278992,-0.2459244728088379
228,9,RWrist,0.17094352841377258,0.005735564045608044,-0.21242758631706238
228,10,LHip,-0.06781135499477386,0.021984389051795006,-0.15407854318618774
228,11,LKnee,-0.09342353045940399,0.33135759830474854,-0.012323040515184402
228,12,LAnkle,-0.029272140935063362,0.7164865732192993,-0.04276331141591072
228,13,RHip,0.0347314290702343,0.02569524198770523,0.10158398747444153
228,14,RKnee,0.05453769862651825,0.3260965049266815,0.2584605813026428
228,15,RAnkle,0.008743422105908394,0.667723536491394,0.27250170707702637
229,0,Pelvis,0.0,0.0,0.0
229,1,Spine,0.017611322924494743,-0.18746417760849,-0.059190742671489716
229,2,Thorax,-0.03357609361410141,-0.4595365524291992,-0.05373816192150116
229,3,Head,-0.030713986605405807,-0.544691801071167,-0.2434602975845337
229,4,LShoulder,-0.024236083030700684,-0.4065974950790405,-0.204746812582016
229,5,LElbow,-0.01880566030740738,-0.21396039426326752,-0.282981812953949
229,6,LWrist,-0.02138519287109375,0.013950582593679428,-0.29176607728004456
229,7,RShoulder,0.01707460731267929,-0.3798016309738159,-0.17573018372058868
229,8,RElbow,0.0945737212896347,-0.22883711755275726,-0.28254809975624084
229,9,RWrist,0.09395621716976166,-0.0019070524722337723,-0.28655269742012024
229,10,LHip,-0.06248391419649124,0.020590033382177353,-0.15440303087234497
229,11,LKnee,-0.09778434038162231,0.3311138153076172,-0.013982422649860382
229,12,LAnkle,-0.026682589203119278,0.7182138562202454,-0.035641834139823914
229,13,RHip,0.03460882976651192,0.024538731202483177,0.10250730812549591
229,14,RKnee,0.04665607959032059,0.3382410407066345,0.25112369656562805
229,15,RAnkle,0.009948993101716042,0.6901966333389282,0.2644070088863373
230,0,Pelvis,0.0,0.0,0.0
230,1,Spine,0.01025591790676117,-0.19095665216445923,-0.06008247286081314
230,2,Thorax,-0.0333721898496151,-0.47106969356536865,-0.06261356920003891
230,3,Head,-0.02895767241716385,-0.5643548369407654,-0.2609102129936218
230,4,LShoulder,-0.009373607113957405,-0.41178959608078003,-0.21694323420524597
230,5,LElbow,0.021396372467279434,-0.2180670201778412,-0.3034735918045044
230,6,LWrist,0.06532497704029083,0.012742101214826107,-0.29801255464553833
230,7,RShoulder,-0.019383616745471954,-0.38330090045928955,-0.17643417418003082
230,8,RElbow,-0.007068250328302383,-0.24497011303901672,-0.30332911014556885
230,9,RWrist,-0.06165497750043869,-0.03710417076945305,-0.3412831425666809
230,10,LHip,-0.057126738131046295,0.020358920097351074,-0.15640953183174133
230,11,LKnee,-0.09433425962924957,0.3325386643409729,-0.016206838190555573
230,12,LAnkle,-0.021646441891789436,0.7194122076034546,-0.029267139732837677
230,13,RHip,0.03458239883184433,0.025032533332705498,0.1065363734960556
230,14,RKnee,0.040421612560749054,0.34363237023353577,0.2412039190530777
230,15,RAnkle,0.011909021995961666,0.7069473266601562,0.25444769859313965
231,0,Pelvis,0.0,0.0,0.0
231,1,Spine,0.008570922538638115,-0.19318966567516327,-0.0566537007689476
231,2,Thorax,-0.02782200090587139,-0.4767780900001526,-0.05684925988316536
231,3,Head,-0.021495332941412926,-0.566155195236206,-0.24807208776474
231,4,LShoulder,-0.038415830582380295,-0.413475900888443,-0.20913156867027283
231,5,LElbow,-0.09595909714698792,-0.23432022333145142,-0.2945670485496521
231,6,LWrist,-0.037829846143722534,-0.00738612562417984,-0.2902933359146118
231,7,RShoulder,0.0326303094625473,-0.3983606696128845,-0.1785992830991745
231,8,RElbow,0.15906749665737152,-0.23920214176177979,-0.27677121758461
231,9,RWrist,0.06462295353412628,-0.013714635744690895,-0.30452707409858704
231,10,LHip,-0.05806400626897812,0.02185380831360817,-0.1588754951953888
231,11,LKnee,-0.09993717074394226,0.3348846435546875,-0.01343129575252533
231,12,LAnkle,-0.02438776195049286,0.7227871417999268,-0.028675280511379242
231,13,RHip,0.03623177483677864,0.026851069182157516,0.11136126518249512
231,14,RKnee,0.038615286350250244,0.35113435983657837,0.2407393604516983
231,15,RAnkle,0.012728838250041008,0.7197107076644897,0.24696162343025208
232,0,Pelvis,0.0,0.0,0.0
232,1,Spine,-0.0011651910608634353,-0.19575391709804535,-0.05528728663921356
232,2,Thorax,-0.02763516455888748,-0.4852277636528015,-0.06288547068834305
232,3,Head,-0.022576268762350082,-0.5808229446411133,-0.2583179473876953
232,4,LShoulder,-0.028177233412861824,-0.418541818857193,-0.21859166026115417
232,5,LElbow,-0.05311896651983261,-0.23975200951099396,-0.3226395845413208
232,6,LWrist,-0.010968059301376343,-0.014207229018211365,-0.31312382221221924
232,7,RShoulder,0.011658870615065098,-0.3993097245693207,-0.18587736785411835
232,8,RElbow,0.07219762355089188,-0.24447807669639587,-0.3089798092842102
232,9,RWrist,-0.058687642216682434,-0.04588063806295395,-0.35361260175704956
232,10,LHip,-0.05194781720638275,0.021587658673524857,-0.15848538279533386
232,11,LKnee,-0.08275940269231796,0.33803555369377136,-0.013407234102487564
232,12,LAnkle,-0.020034324377775192,0.7199698686599731,-0.012929491698741913
232,13,RHip,0.03402002155780792,0.02637520059943199,0.11093762516975403
232,14,RKnee,0.03164359927177429,0.35496965050697327,0.23247310519218445
232,15,RAnkle,0.011190767399966717,0.7325575351715088,0.2393929362297058
233,0,Pelvis,0.0,0.0,0.0
233,1,Spine,-0.010550914332270622,-0.19516287744045258,-0.05472157895565033
233,2,Thorax,-0.02529396116733551,-0.48159998655319214,-0.06811880320310593
233,3,Head,-0.022523779422044754,-0.5794476270675659,-0.2718614637851715
233,4,LShoulder,0.005964754149317741,-0.39662355184555054,-0.22461672127246857
233,5,LElbow,0.0927828848361969,-0.22222214937210083,-0.32478615641593933
233,6,LWrist,0.16219700872898102,0.006095102056860924,-0.2727137506008148
233,7,RShoulder,-0.031433191150426865,-0.3885834515094757,-0.1820303052663803
233,8,RElbow,-0.08216952532529831,-0.24252581596374512,-0.30538302659988403
233,9,RWrist,-0.19023969769477844,-0.0729614645242691,-0.37588560581207275
233,10,LHip,-0.041749924421310425,0.024315133690834045,-0.1609668731689453
233,11,LKnee,-0.048318445682525635,0.34378939867019653,-0.012867305427789688
233,12,LAnkle,-0.008501404896378517,0.7114642858505249,0.001083672046661377
233,13,RHip,0.03255730867385864,0.025690902024507523,0.10988518595695496
233,14,RKnee,0.027417728677392006,0.35641294717788696,0.22286663949489594
233,15,RAnkle,0.01023720670491457,0.734465479850769,0.23037993907928467
234,0,Pelvis,0.0,0.0,0.0
234,1,Spine,-0.013845546171069145,-0.19600850343704224,-0.0528390072286129
234,2,Thorax,-0.02371380105614662,-0.4824265241622925,-0.06617215275764465
234,3,Head,-0.022884882986545563,-0.5785939693450928,-0.2711692452430725
234,4,LShoulder,0.0033600451424717903,-0.40872424840927124,-0.22958359122276306
234,5,LElbow,0.11697989702224731,-0.2206500768661499,-0.32924675941467285
234,6,LWrist,0.17007052898406982,0.0034807221964001656,-0.2712235748767853
234,7,RShoulder,-0.030128061771392822,-0.39086735248565674,-0.184165358543396
234,8,RElbow,-0.09355447441339493,-0.23959210515022278,-0.30667644739151
234,9,RWrist,-0.19336344301700592,-0.07549382746219635,-0.3706904649734497
234,10,LHip,-0.03651062399148941,0.0251436959952116,-0.15944522619247437
234,11,LKnee,-0.0329667404294014,0.34486210346221924,-0.015487927943468094
234,12,LAnkle,-0.0032752305269241333,0.7042534947395325,0.00849558413028717
234,13,RHip,0.031924597918987274,0.024865981191396713,0.11033833771944046
234,14,RKnee,0.02514837682247162,0.35751593112945557,0.22131459414958954
234,15,RAnkle,0.007603008300065994,0.7367933392524719,0.22903406620025635
235,0,Pelvis,0.0,0.0,0.0
235,1,Spine,-0.022149890661239624,-0.19821274280548096,-0.04872053861618042
235,2,Thorax,-0.017731495201587677,-0.4808647036552429,-0.06100285053253174
235,3,Head,-0.01572762057185173,-0.5959017276763916,-0.2801859974861145
235,4,LShoulder,0.01048550009727478,-0.4036918878555298,-0.23016159236431122
235,5,LElbow,0.1290023773908615,-0.22097474336624146,-0.33131304383277893
235,6,LWrist,0.1896865963935852,-0.0016878768801689148,-0.2668481171131134
235,7,RShoulder,-0.028957050293684006,-0.39829936623573303,-0.18887485563755035
235,8,RElbow,-0.10518570989370346,-0.24333319067955017,-0.31795215606689453
235,9,RWrist,-0.19917196035385132,-0.07553187757730484,-0.3683643043041229
235,10,LHip,-0.029290445148944855,0.02583455480635166,-0.15826380252838135
235,11,LKnee,-0.017323259264230728,0.34827423095703125,-0.017336953431367874
235,12,LAnkle,0.0035512405447661877,0.7153635025024414,0.007152967154979706
235,13,RHip,0.030637815594673157,0.023844432085752487,0.11473622918128967
235,14,RKnee,0.014891695231199265,0.353022038936615,0.22309625148773193
235,15,RAnkle,-0.013212041929364204,0.7410008907318115,0.22337664663791656
236,0,Pelvis,0.0,0.0,0.0
236,1,Spine,-0.023265037685632706,-0.197417214512825,-0.04736979305744171
236,2,Thorax,-0.013751165941357613,-0.46796369552612305,-0.05210963264107704
236,3,Head,-0.014294452965259552,-0.5907652378082275,-0.28063321113586426
236,4,LShoulder,0.012523415498435497,-0.40333160758018494,-0.23071759939193726
236,5,LElbow,0.13690678775310516,-0.21505066752433777,-0.32850974798202515
236,6,LWrist,0.1933513730764389,-0.0030608437955379486,-0.2687760591506958
236,7,RShoulder,-0.024331016466021538,-0.3970135748386383,-0.1899598389863968
236,8,RElbow,-0.09839020669460297,-0.24271589517593384,-0.3218482732772827
236,9,RWrist,-0.1890011727809906,-0.07147681713104248,-0.3743739724159241
236,10,LHip,-0.025471951812505722,0.027679402381181717,-0.15649399161338806
236,11,LKnee,-0.006155039183795452,0.3479103446006775,-0.01956116035580635
236,12,LAnkle,0.008670153096318245,0.7125112414360046,0.008039422333240509
236,13,RHip,0.0322686992585659,0.02521069347858429,0.11502371728420258
236,14,RKnee,0.012865433469414711,0.35099029541015625,0.22269532084465027
236,15,RAnkle,-0.018288886174559593,0.7356275320053101,0.22744715213775635
237,0,Pelvis,0.0,0.0,0.0
237,1,Spine,-0.019540805369615555,-0.19792097806930542,-0.04442664608359337
237,2,Thorax,-0.01408335380256176,-0.4628192186355591,-0.032668694853782654
237,3,Head,-0.014179820194840431,-0.5919158458709717,-0.26614147424697876
237,4,LShoulder,-0.024907607585191727,-0.4119827449321747,-0.21853308379650116
237,5,LElbow,-0.011593736708164215,-0.24968065321445465,-0.34454625844955444
237,6,LWrist,0.024245209991931915,-0.03289283812046051,-0.3374277353286743
237,7,RShoulder,0.044506318867206573,-0.4061991572380066,-0.1916542500257492
237,8,RElbow,0.11480150371789932,-0.22749462723731995,-0.3128226399421692
237,9,RWrist,0.017962399870157242,-0.03933953493833542,-0.3456695079803467
237,10,LHip,-0.03889213502407074,0.028392333537340164,-0.1516685038805008
237,11,LKnee,-0.003934845328330994,0.3531056344509125,-0.017901327461004257
237,12,LAnkle,0.0019452027045190334,0.6905686259269714,0.024228893220424652
237,13,RHip,0.04146657884120941,0.027684077620506287,0.1150863915681839
237,14,RKnee,0.035109519958496094,0.3523619771003723,0.22143621742725372
237,15,RAnkle,0.0025104335509240627,0.747639536857605,0.2148570865392685
238,0,Pelvis,0.0,0.0,0.0
238,1,Spine,-0.008538022637367249,-0.1578257530927658,-0.04884003475308418
238,2,Thorax,-0.0543791688978672,-0.3616359531879425,-0.003409452736377716
238,3,Head,-0.05231305956840515,-0.45429354906082153,-0.2288237065076828
238,4,LShoulder,-0.030645785853266716,-0.32106339931488037,-0.2033078372478485
238,5,LElbow,-0.04546763747930527,-0.17137309908866882,-0.29317885637283325
238,6,LWrist,-0.05951947718858719,-0.019461698830127716,-0.32657483220100403
238,7,RShoulder,0.002172511536628008,-0.33372581005096436,-0.1822960525751114
238,8,RElbow,0.06301756203174591,-0.2042819708585739,-0.2818600535392761
238,9,RWrist,-0.03246566653251648,-0.02842240408062935,-0.3397509753704071
238,10,LHip,-0.030730564147233963,0.03370373323559761,-0.15124906599521637
238,11,LKnee,0.0006100882310420275,0.30307430028915405,-0.03672565519809723
238,12,LAnkle,-0.006676030810922384,0.520426332950592,0.0029677823185920715
238,13,RHip,0.02704155258834362,0.02342962846159935,0.09667287021875381
238,14,RKnee,0.026298779994249344,0.2658707797527313,0.2658182978630066
238,15,RAnkle,-0.00865543819963932,0.5124462842941284,0.38535019755363464
239,0,Pelvis,0.0,0.0,0.0
239,1,Spine,-0.0037792022339999676,-0.15485285222530365,-0.05449000746011734
239,2,Thorax,-0.05290524289011955,-0.36271125078201294,-0.010353721678256989
239,3,Head,-0.03873521834611893,-0.47412407398223877,-0.23182213306427002
239,4,LShoulder,-0.060664162039756775,-0.3144211173057556,-0.19832924008369446
239,5,LElbow,-0.13670676946640015,-0.15750446915626526,-0.25296688079833984
239,6,LWrist,-0.13549718260765076,-0.017075829207897186,-0.31003785133361816
239,7,RShoulder,0.01914486289024353,-0.3339378833770752,-0.16833345592021942
239,8,RElbow,0.11832636594772339,-0.2171550989151001,-0.23766900599002838
239,9,RWrist,0.013825452886521816,0.0030302228406071663,-0.2456318438053131
239,10,LHip,-0.03986630588769913,0.03154665231704712,-0.15235592424869537
239,11,LKnee,-0.01601477526128292,0.3200458586215973,-0.04756512492895126
239,12,LAnkle,-0.00592919671908021,0.5419604778289795,0.003476470708847046
239,13,RHip,0.030395371839404106,0.023665256798267365,0.09090512990951538
239,14,RKnee,0.032071929425001144,0.27479249238967896,0.26789504289627075
239,15,RAnkle,-0.0032812533900141716,0.5244205594062805,0.4004455506801605
